# Resource object code (Python 3)
# Created by: object code
# Created by: The Resource Compiler for Qt version 6.10.2
# WARNING! All changes made in this file will be lost!

from PyQt6 import QtCore

qt_resource_data = b"\
\x00\x00\x0a\xfb\
\x89\
PNG\x0d\x0a\x1a\x0a\x00\x00\x00\x0dIHDR\x00\
\x00\x000\x00\x00\x000\x08\x06\x00\x00\x00W\x02\xf9\x87\
\x00\x00\x00\x04gAMA\x00\x00\xaf\xc87\x05\x8a\xe9\
\x00\x00\x00\x19tEXtSoftware\
\x00Adobe ImageRead\
yq\xc9e<\x00\x00\x0a\x8dIDATx\xda\xed\
\x9a]\x88]W\x15\xc7\x7fk\xefs\xee\xbd\x93;3\
\x99\xc9W\x9b\x8f6M\x93\xd2TmZ\x8am\xb5\x05\
[)\x05_\x0cT*\x88/\x16Al\xc5\x22\x14\xd1\
\x17\x1f}\xb1B\xc5R\xf01B_\xaa\xd0\xaa\xd5F\
\xb0T\x90R\xa5\x82m\xac\xd4\xa4$M\xd3L\xcd\xe4\
\xab\x99N:\xf7\xfb\x9c\xbd\xbcs\xcf>\xb3\xe6\xceL\
&\x93 \x82\xe0\x865{\xdf}\xf69g\xfd\xd7\xfa\
\xff\xd7\xde\x07&QU\xfe\x97[\x02\xfc\xef\x03\x10y\
\x8a\xb5\xb5\xfc\xa1\xc4\xcbc\xd5j\xba\x03\xc8\x89-h\
a\x00\x22PI3\xfe3\x99M\xc9sY\xfc,\xdf\
iw\x8f\x06\xe5\x19\xf0/\xab>q%\x19\xc8\x1f\xdf\
}\xcb\xe6\xa7\x1f\xf8\xfa\xbd\x8cl\xdb\x04y\x00 \x00\
\x93#0^S\xb2\xe0\x09\xb3g\xd8[?\xc7\xf8\xfa\
:!\x5c\x1d\x08\x11A\xb3.\x7f9\x1a\x98\x9d\xd8\xcb\
\xba\x11E\x15\xbc\x17N\xbf3}\xcbo\x7f\xf6\xda\xfe\
\xe9\xa9\xd9\x87\x81\xe7\xd7\x08 L\x8e\x8f\xd5\xbe\xbf\xff\
\x07_\xe4\xaf\xcd\x8d\xccN\x83w \x02Y\x80\xfbo\
\x84]\x9ba\xb6\x05\xa2Mv\xef\xf2l\xd9\xb2\x91<\
\x0fW\x0d\xc0\xd3\xe6\xc5\xd7\xcf\xf1\xf7\xc6\x04\xbbnv\
h\x0e\x12`\xd3g6\xf0\x8d\x1b7\xf0\xe4#\xbf\xfc\
\xce\x95\x00\xd8\xba\xf3\xe6\x8d\x1b?L'\xf9`\x1a\xd6\
\xa5\x10\x04\x5c\x04\xd0j\x06.\xce\xf6\xad\xe5H\xfb\xe3\
\xe3\xc7\xa79uj\x06\xd5\xb5;\xbc\xb8\xa9*\xd5\xa4\
G\xb3Q\xa1\xa7J\xde\xa5\x00 0}\x1a\xee\xb8a\
3\xdbw\xad\xdf}%\x22v\xce;Q\x15\xd2\x04\x12\
\x0f\x02\x88\x14\x96\xe7\xd0jC\xb3o\xa3\x99P\xab\xa5\
}\xab\xacI\x07\xaa\x90\xb8\x1c\xe7\x14\x80N\xcf\x01\x8e\
J\x02>\xf5\x88S\x9c\x03U{g\xde\x13\x5c\xbf]\
\x02\x80\xae\xf8\x1aE\x0b\x87\x89M\xcc\xba\x19\xcc5\xa1\
\xd1\xb7\x8a\x08\xa3\xa3#\xd4\xeb\x97\xd7\x80wB\xb3\xd9\
\xe2\xd57\xdb\x9c\x9d\xad\xe2}\xe0\xbe\xdb3\xb6]3\
\x89\xa7K\x92\xe4\x08E\xa6\x03\x0c\x80\x10\x83\xa6\xfd\xb6\
\x04@\xb8\x1e\xc2#\x95$\xdd\x87\x10\xcc\xf5>\xe0,\
\x9d\x9c:\xfeQ\xdax\xfa \x1f\xce\x05DsD\x0c\
\xee\xc5Ty\xd3\x05z\xb9P\x916\x7f^\xdf#I\
\xfc\xaa\x14\xf2>\xe9\x9b\xa3\xd7G\x7f\xe8X\xc2\xe9\x8f\
*\x90+\x9d\xafUx\xf4\x9b[H\x05\xbc\xef@\xa4\
*\xae\xe8\x15\x08Z\xf4\x18\x80\xb0\xaf>\x9a\xbe\xf4\xa5\
o\xdd\xb3c\xfd\x9em\xe4\x99\xc2\x00%\xd4R\xd8T\
\x87,SZ\xb3\x0dvW\xa6\xd8\xbb{#\xbd\xdc\xbc\
S\x04\x0b\xb6\x90\x05Y\x95>\x89\x87Co\x9f\xe7\xad\
\xb9\xeb\x19\xdf8\xc2\xcd^I\x12\x08\x9d\x0e\xbf?\xf0\
7\xce\x9d>\xc4\x8f\x7ft{\x7f\xae\x87\x8b\xdcwb\
\x94U-\x0c\x03\xa0\xdf\xdb\xff\xd8\xbd;\xf2{>\xcd\
\xab\xef\x81\x8fhs\x85\x1bF\xe1\xd6=\xd0\xed\xc1\xdc\
\xc5\x16{\xea\x19\xfbn\xbd\x9e^\x16\xb8\xdaVM\x85\
33\xf0\xdc\xeb[\xb9\xed\xb6qZ\xf1Q\xa3u\xf8\
\xea\x0f\xb7\xf2\xecw_\xe0\xf0\xe1\x8f\x18\xa9\xd5\x91f\
A\x9d\x10\x0c\xc0\xfc8,\x060>V\xbdw\xc7\xdd\
7\xf1\xe2;@f%R\x81F\xaa\xcc\x5c\xc8\xe9v\
\x85N+pjv\x86n\xa3IP\xae\xba\xa5\x89r\
\xe6L\x9bv\x03\xda-\x90\xe8\xdc\xb9&L\xec\x1cc\
\xef];x\xf7\xe8,\xd5\xea\xfa\x02\x00\x0cQ),\
\xcd\x808\xf1\x01G\xea \xf82\x03\x86\xb2\xdd\x86N\
W\xe9v \xa9'T\xab\x09k)\xf1\x0ax\x09\xa4\
>\x80@/s\x04u\x03\x00\xe9\xa0\xc2\x14\xef\x02p\
\xa5\x83\x01\x10\x8f\x13\x87O\x04\x11]F\xa1e\x00P\
\x14\x8d\x0f\xb0\x85\xb8\xe8E\xb3\xadt:\xd0k\x07\xaa\
\x1bR\xc6\xc6F\xc9\x83^~7\x0d=\x0e\x1d\x99\xe1\
\xd8\xe9u\x84\x1c\xf6lmr\xc7'&\xa9TR\xaa\
\xb5\x1c\x89\x95\xad4\xcaJ\xa3\x90$\x0e\xef\xbdU!\
\x03\xb1\x1c\x80RL\x98\xe3Q\xf1\xf3\x16\x94v{\xde\
\xa0\xd7\x81J\x9a22\x92\x92\xe5\x97\x07\x90H\xce?\
N\x8c\xf2\xcc\xefvAWyt\xff\x09\xee\xbf\xcb#\
.%M\x93b\xc7\xb5\xa0E?\x0a\x07}\xe2H\xbc\
\x8b\xd17\x0a\x89\xb35Ce4\xa8!t\x0e\x9c=\
\x90VKiw \xeb\xea\xfc\x83c\xfa/\x0f u\
\x09\xe2z\xd0S\x00\x92\xf2^\xefI\x13\xb7\xe08b\
\xef\x93\xe8K\xe2\xdc\xe0]\xc203\x5c\x14\xb1\x95\xd1\
\xe8d\x1e\x86\x1f&\x18\xdaf\x04\x90wuP\xdf+\
\x15\x8fdk\x01\xe0q%'\xa4\x88\xea\xfc\xbd8O\
\x92\xfa!\xe7\x1c1\xe3\x14\xbex\x97\x918\xf3C\x82\
\xe9dE\x0a\xe5\xc1h#%\x17\xc52\xd0jC\x18\
T(_lR\xac\x01\x80\xf7\xf8R\xa50\x18'I\
\x01 \xf2\xdb\xa2\x8b\x05P\x81g\x9e\x0f\xf4\xb6\xd4\xd8\
p\x8b\xd1\xcc\x00\xac@!\x8dNk\x18\xf4\xc6\xb7\x8c\
\xbe\xf3\x05\x00r\xe6\x1d\x18\xd0\x00Y\x1b\x00\xa7\x0e\xda\
\x020\x18\xa7\x15\x0f2O!\x8f\x08\x98\xd9yG\x83\
2S\xdf\xc0\xbe\xfb601\xaa\xe4\x19\xb8\xa5\x14\xd2\
\xa5\x14\xcaA\x18F*Q\xc4e\x06\xc8u\xc0\xe3j\
em\x1ap$l\xbf6\xe7\xee;/\x02\x0c\xc6\xce\
%\x83\x00\xf4mX\xa0P\xfc\x89t\xde\xbc\x05\xb6n\
\x87nS\x08jA\x9d\xefC\x0e\xba\x5c\xc41\x12n\
X\xcc\xaaE\x06\x9a-\x10U|\x92\x0c\xa2\xa8\xb2\x96\
\x93f\x95\x87\x1f\x9c\xe0\xcb\x0fj\xcc\xf2\x04\xe2\xab$\
\xa9+4 \x82I\x04\xc4\xce:\x5c;\x02\xbb\xc6\xa0\
\x9b*N\x84V\x06\x17\xda\xf1\x08\xaf\x10\x96k\xc0(\
$`|\x0bF!\xa7\x8as\xd27\xd77e-m\
bb\xdc\x0e~\x0a!h\xf1l\xef\x10\x86\xb3N\xe4\
w\x96\xc3g\xb75\xf8\xca\xde9Z\xad\x0c'\x8eW\
\xde\xafs\xa1\xe5W\x161j\x22f\xa1\x8c\xday\xa8\
\xd9T\x1a}KE\x19\xa9@\xad\x92\x91\x88r\xb5-\
\xa9\xc0hu!\xeaf\xa5/\x0a\x1b\xc7\xabl\x1a_\
G>\xd2\xa5\xd1h\x01\x0a\x97\xd4@4'\xa0K(\
\x04\xd0\xcd!\x0b\xd0\x0b\x9e\x9f\xfe*\xe1\x9a\xc9\x16Y\
\x86\xf1\x1d\xac\xc9*\xba\xc0N\xa3\xc7\xa7R\xf0\xbe?\
\x1e\xdeD\x89\x0e\xceS\x15\x5c\xbf\xaf\x92\x85&yP\
\x9c\xc3\xaa\x10K4`\xa7=3\x02\xd4\xd6{n\xfc\
\xdc\xd8B\xb4\x0ew&\xf8g\x0b\xa3\x99#\x8a1\xce\
\x11\xc7\x8b7E\xb05\xb1\xb6'7\xc1\x9dc\x10\xb2\
\xe1\xe32\x91\xdf\xd6t@;\x0d\xf6>]\xb6\x0f\x0c\
S\xc8\x8e\x16\xe5\x8bSY@?^\x03o\xcea\xe5\
m\xc9\x98\xe5\xd7\xc5\x0d_\x93\xf8\x1e[cz\x04\xb0\
\xe0\x86\xb8\xd1\x1a\xadUW\xc8\x80\xf3\xd0S\xd85\x09\
7l\xb0\x07\x89X/\x0c\x8f\x05\xe3\x86\xb3u6\x1f\
;\x9b\xb3\xdf\x10A\x00\xe7\xdb\x16\xf9\x10\xec=\x1a\x01\
\xa8\xeaP\x06\xc2\xb2\x0c\xa8=tS]y`\xf3q\
\x5ch\xa3\x08\x22\xf3\xe6p\xae\x18#q\x0e\x87\xb8r\
,\x88+{\x17)\xe4\x90\xb8\xd6\x95\xf797\x18K\
\xb4J\x22\x1c9_\xe3\x95\xa9\x0aN\xac\xa4#\xc3_\
\xe4A/q\x9c6\x94F\x83,W|\xf61\x9b'\
\xc6Ikc \x1ai#\x0b \xc4\x81\x17\x89{\x87\
\xe0\x884+\x1d\xf6\xa5\x0f\xe6,\x10\x03\x00\x12\xe7C\
\xaf\xc5\xbb\x17r;J[t\x97\x01pR\xd0W\xc3\
\xca\x1bY\x04`\x9a\xa8\x8dNR\xed\x9b\x86\xf8\x95\xe6\
0\xfeJa^.9\xbf\xa6\xd6\xeev\xe8\xe5\x8a`\
\x1a\x08\xcb4\xa0\xf3f{\xd3j\x142\x00:@\x8e\
\xda7\xa8\x0f\xa0\xb2\x04\xec|\xaf\xe5\xbc9\xaf&\xf2\
U\x9bj\x188\x071\xfb@\xae\xcbD\x5c\xe8\xc2\x19\
\x00e\xb9\x88c\x14M8\xe5\xe7\x9c\x94\xa0\x88b\x0d\
\x10\x5c\x1c\x97\x11s\x10\xa7\x08\xd8\xbc\xc4\xac\x5c\xa2Y\
\xd5\x11\x03k\x1c\x8f\xbf\x8dB\xab\x1c\xa7\x15*.\x02\
\x08E\x06\x04L\xf5!\xf6\xab\x80\x10W\x02\xb0\xf9\xbc\
\xa4\x9f\xac\x9e\x812x0\xbc\xd3j(5\xa0Ev\
\xdd\x0a;1j\x1b\x99\xf1P\xb1\xf2\x17\x91c\x99P\
\xc0\x1b\x88bm\x19q\xac\xd9|\x19\xe1\xe5\xfc\xce\x83\
Z\x06\x22]uq\xf4C\xb0/\xc6\x155\x80\xf1\xd7\
\x89\xdd\x04Z~)\x19-\xb0L\x88e\xa2\x88\xf6\xe0\
\xb7\x1dI\x82\x1a )i\xe2\x96U\x98\xb8\xdfX\xb6\
\x8d\x22q\x1c\xd4\x02\xec \xac\xbc\x91\x99\xf8T%F\
Eq\xce\xf4\x11\xb0\xc3\xd4rM\xd8\x1a\x00b\xc4\x88\
\xeb<\x10\xb0ykE\x06\x9c`\xebC\xd1\xdb)!\
\xd2\xcc\x18\x82\x22+\x7f\x13{WD\xc5(T\x18\x98\
\x80\x9c[\x19\x84.\xd6\x80\x09\x9b\x82\x19\x96\x095M\
\xc4\xe8*Vz\x87\x0fk\x8a\xed\x03\x89@\xea\xb13\
\xc8J\x1b\x19\x02\xaa\xa6\x01Cm\xe53\xb02\x08\x82\
\xed\x09j\xc2.\x9d7\x0a\x9a\xb0#\x85\x14\x00\x11c\
CEz@\xe8\xf7m\xea\xd5\xc0\xba\xaaR\x19\x81\x86\
\xc2\xb1#\x17`\xf6\xe2\xc9!\x0a\xe5Z\x02\xb0\xb4!\
:\x9c\x81\xc5 t\x15a\x0bP\x8a9\x98\xf8p\xa0\
E\x07\xa1\xe4\xb3\x92\xc7\x8d\xcc;\xdb\xbd\x9f\xfd\xd3\x0c\
o%\xa7\xe8u2T+\x9ch\xf5hK\x8b\xf7\x8e\
\xcdr\xf8\xb9W o\x1d\xc0(d\xd1\x22\x8ah%\
\x0a\xc1b-,\xd7\x84b\xd1Fm\xed\xe2R\xeb,\
#\xb1D\x86r\x1f0\x90\x22\x1c<\xf0\xc6\xf9\x83\x07\
\x8e4X\xc0\xa4\x80z\xb4\xf7\x1ed?\x81\xe4\x05,\
\x03B\xae\xca\xfbS'\x98k4\xd8\xb7s7 \xe5\
>`\x14\x92\xe8\x98F\xd1\xea\xca\x9a\xf0\x80\x9a&P\
\x93\x04\xaa \xc5\xfd\xa6\x01\xb5\x0c\xb0Pa:\x8f\x03\
\xcf\x01u0Q\x83t\xc0g0\x5c\x85$\x04\xe8L\
\xbfMk\xe6,\xf9\xd6\xed(\x0e\x19:\xfaF\x87\x17\
\x8f1p\x5cB\x13\x16q\x0c\x8d\xd8\xfd\x01%7\xed\
@<\xef\x83\xeb\xc4\x99\x06\xab\xb4\x84\xc8!\x15\xf8\xd4\
\x9d_ d9\x89:\xf2<G\x5c\xacJV\x9f\x11\
\xb5}\x015\xea@\x14\xacbk%\xf6\x98\xb0\x8b\xdf\
\x96\x11\x82\x12r\x8d\xef\xb2}h-\xcd\x00d\xdd\xa3\
\x1f\xbe{\xf6\xba|\xdf\x1e\xd6\xe1\x09\xad\x9cZ\x1a\xa8\
J\x17/\x19\xce\xe5\x84\xc8\x03-\xab\x94\x13\x94b\x8c\
\x9as\xaaq\xde6.;v\x0f~G\x93\xc2\xbai\
N%U\xaa\x15H\xabp\xf2x`\xee\xe4\xd9\x1c\xdc\
\xf4\xda\x01\x10\x9e\xfa\xe0\xd7\x7f\xfc\xfc\xabI*\xd7~\
\xf2:\x5c\x1eh\x9e\xdd\xc9\xc1\x13m\x90\x93X\x93(\
6\xc1\xbe\xae\x5c\xbc$F7qq,\xf1Ry]\
l\xce\x95\xebk\xfc\xabQ\xe5\x22Js\xae\xcd\x1b\xbf\
x\x8d\xec\xe4\xfb/C\xfa\xfa\x15\x00\xf0/\x85\x8b\xb3\
\x0fM\xfd\xfc\x85oO\xd5\xc7w#\xe8\xeb\x9a\x98j\
Wm\x0a\x5c\xcd\x12\xc5\x82\xa2\xe0\xd4\xd1\xe94\xe8~\
\xfc\x07H\x9e\x04t\xcd\x00T\x9f\x00\xf8\xcd\xbc\xfd\xff\
\xbfU\xfe\xcb\xed\xdf\x99\xd5\xe13k/R\xdc\x00\x00\
\x00\x00IEND\xaeB`\x82\
\x00\x00\x01\xe7\
\x89\
PNG\x0d\x0a\x1a\x0a\x00\x00\x00\x0dIHDR\x00\
\x00\x00\x18\x00\x00\x00\x18\x08\x06\x00\x00\x00\xe0w=\xf8\
\x00\x00\x00\x09pHYs\x00\x00\x01\x7f\x00\x00\x01\x7f\
\x01\x1f\x03\xad\x0a\x00\x00\x00\x19tEXtSof\
tware\x00www.inksca\
pe.org\x9b\xee<\x1a\x00\x00\x01tID\
ATH\x89\xad\xd6\xbfK\x1cA\x18\xc6\xf1\xcfI\x0e\
\x0dX\xe4Tl$9\x12\x0c\x0a\x8a\xa0\xa0\x85\xe9\x04\
\x9b\x146b\xc8\x7f\x10\xd2\xa4\xb3Mcec\xa56\
\x82\x8dXX\xd9h\xe7? \x12\x08V\x0a)\xb40\
\xb1\x101\x16!\xbf/\xc5\x9ca\x5c\xd7\xbb\x15\xe7\x81\
\x81}gg\x9e\xef;;\xc3;[\xd2\x5c\x1d\x18G\
\x7f\xfd\xf9\x1c\xa7\xd8\xc3a\xb3\xc9\xa5\x06\xef:\xf1\x02\
ChE\x0f\xc60\x10\x8d9\xc0\x0a\x96\xf0\xa3@\xb2\
\x85\xf4\x1c\xab\xf8\x8dZ\xbd\x1da\x22\x15\xe0J\xe3\xf8\
\x1cA~\xe1mj\xc8\x13\x9cD\x90\xbfx\x9d\x1a2\
*d\x7f\x05\xf9\xe6\xfa>%\xd1r\x04\xa8a;5\
\xa0*|\x9e\x182\x06-\x89\x00\xc7\xf8\x90\xe9\x9bI\
\x09\x80\x8f\x99\xf8ej\xc0\x97L\xfc\x0c\xa5\x94\x80\xf6\
L\xdc\x86JJ@5\xa7\xefg*\xf3\xb2P\x04\xe3\
StA\xba=\x98B%\xd3\xb7\x1f\x07\x8d\xaaj3\
\x95\x85\xaaZ\xcb\xb4\xd9x\xd0\xe4=\x00K9\xe6\xdf\
\x85:\xf5_#x\xefn+i\xc1\x5c\x8ey\x0d\x0b\
y\x13\xe6\xb1\x93%\xdf\xa2^\xa1\xde\xe4\x99\x7frs\
?\xc0\x03l\x09Gk\x13\xd3\xe8\x13n\xb32\x1e\xe3\
\x15\xd6\xebc\xf2\xcc/1\xd8(\xb3\x87\xd8\xb8er\
\xb3v\x8c\xe1\x02\xabW\xc2\x1b\x9c\x154\xfe\x835t\
\x171\x8f\xf5\x08\xef\xb0\xeb\xfa\x85\x12\xdf\xc3\x8b\xc2O\
A\xc3l\x8b\xa8\x1dO\xd1\x85\xafBa\xcb\x16\xb7\x5c\
\xfd\x03\xd8\x12x\xed\xffZIm\x00\x00\x00\x00IE\
ND\xaeB`\x82\
\x00\x00\x03\x12\
\x89\
PNG\x0d\x0a\x1a\x0a\x00\x00\x00\x0dIHDR\x00\
\x00\x00<\x00\x00\x00<\x08\x06\x00\x00\x00:\xfc\xd9r\
\x00\x00\x00\x06bKGD\x00\xff\x00\xff\x00\xff\xa0\xbd\
\xa7\x93\x00\x00\x00\x09pHYs\x00\x00\x0b\x13\x00\x00\
\x0b\x13\x01\x00\x9a\x9c\x18\x00\x00\x00\x07tIME\x07\
\xe2\x03\x02\x042/;Yc\x86\x00\x00\x00\x19tE\
XtComment\x00Create\
d with GIMPW\x81\x0e\x17\x00\
\x00\x02zIDATh\xde\xed\xd8K\xa8\x8dk\x1c\
\xc7\xf1\xcf\xc6\xce\xe6\xd8%\xb9\x0dD\x88r\xa20\xc1\
\x84\x5cBq\x9c\x11)E\x06\x88\x94\x5c\x06\xe421\
32\xa0d\xe2\x96\x08!\x85\x93\xd2I\x92\x94[)\
\xb9v\x8aH1q\x89\xe3\xb2-\x93G\xbd\xad\xdew\
\xaf\xb5wko{o\xffo\xad\xc9\xfb\xfe\xff\xbf\xe7\
\xf9=\x97\xff\xf3\xac\x97 \x08\x82 \x08\x82 \x08\x82\
 \x08\x82\xa0m\x18\x8b&\x94\xb0\xfcw0\xfcO2\
{\x17\xdd\xbb\xba\xd99\xc9l\x09\xb3\xba\xba\xd9\xee\xb8\
\x97\xcc\x9e\xef\xccF\x86`\x0b\xea*\xc4\xadHf\x9b\
\xf0g\xe6\xf9\x06\x8c\xec\xe8&\xbba6N\xe3\x1b\xee\
T\x88o\xc4\xabdx_\x99\xce\x87\xa4q\x18c:\
\x9a\xd1\xfe\xd8\x84'\x99\xbdX\xc2\xa1\x0ay;S\xdc\
{\x0c\xca<\x1fU\xa6\xf3\x1d'0\xfeW\x9a\xac\xc3\
\x944\x03\xff\x97u\xb0\x84\xd7\xf8\xbb\xc2\x92\xff\x98b\
\xb7\x96\xbd\x1b\x8a+9\x9a%\x9c\xc3\xa4\xf64\xda\x88\
U\xe9\xf8\xc8\xeb\xd0M,CC\x05\x9dC)\xfe9\
z\x17\x0c\xe8L\x5c+h\xe7\x12\xa6\xb6\xa5\xd1q\xd8\
\x8bw9\x8d\x7f\xc1QL\xae\xa2H\xc1\xc4\xb4LK\
XZ\xc5J\x9a\x83\x1b\x05\xc6\xaf\xa6\xbaQWK\xb3\
\x97\x0a\x1a{\x89\x1d\x18\xdc\xc2\xad\xf0o\xca\xbf\x9d\x0a\
T\xb5y\xf3p\xab\xa0/gjev@\x8e\xf8c\
,F}+\xf4\x16dt\xa6\xb7\xb2v\xac\xcb\xe9\xd3\
\xa9Z\x19\x9e\x95#\xfe\x1d\xc7Zq\x5c\xd4\xe3A\xa6\
\xf8\xb4\xd4\xe8L\x9c\xcd\xdc\xb9\xb3\xbf\xed\xb52\xfc\x07\
6\xa6\xe5[\xdeH\x13\x8e\xa4c\xa4\x1a\xd6\xa6\xbco\
-\x18\xacF\xac\xc1\xfd\x82\xa5|\x1b+\xd1\xa7\xd6E\
\xab\x01\xab\xf1_\x81\xf1\x03\x18\xd1L~_\xbcI\xf1\
{\xabho4v\xe3mN{\x9fp0\x1dOu\
\xda\x98\xfat\xec<\xc8\xe9\xc8W\xec\xc7\xb0\x9c\xbc]\
)\xe6\x1d\x066\xa3?\x17\x17\x0bf\xf3!\xd6\xa3\xdf\
\xaf\xba\xf4/*8\x8f\xaf\x96\xc5\x0e\xc7\xe7\xf4ns\
3\x9a=\xd3\xa0\x95\x0f\xe2I\xcch\x8f\xd9\xac\xb6\x98\
\xcc\xc7\xf5L'\xf7\x94\xc5\x1cO\xcf\x9f\xa1W3Z\
\x132\x1a\xcf\xb0\xad\x85G^\xbb\x1b\x9f\x81\xcb\xe9\x1f\
\xd0O&gL,\xa9\xa0\xb1\x14\x17\xf0Wg\xfb\x08\
\xd0#3\x08\xd72W\xcenU\xe6uZ\x16ff\
wZW\xff\x92\xd1\x13Ok}\xed\xeb\xc8l\xccT\
\xd9\xd1\x1dq\xbf\xd5\x9a\x17\xe9\xa2\xf2\x02\x8f\x04A\x10\
\x04A\x10\x04A\x10\x04A\x10\x04m\xc8\x0f\xf0k\xdf\
|\xd8)\x0f\xa9\x00\x00\x00\x00IEND\xaeB`\
\x82\
\x00\x00\x04N\
\x89\
PNG\x0d\x0a\x1a\x0a\x00\x00\x00\x0dIHDR\x00\
\x00\x00\x18\x00\x00\x00\x18\x08\x06\x00\x00\x00\xe0w=\xf8\
\x00\x00\x00\x04gAMA\x00\x00\xb1\x8f\x0b\xfca\x05\
\x00\x00\x00\x06bKGD\x00\xff\x00\xff\x00\xff\xa0\xbd\
\xa7\x93\x00\x00\x00\x09pHYs\x00\x00\x0b\x12\x00\x00\
\x0b\x12\x01\xd2\xdd~\xfc\x00\x00\x00\x07tIME\x07\
\xd2\x01\x07\x0b\x01\x15K\x06<\xc6\x00\x00\x03\xcbID\
ATx\xda\xb5\x96\xcfK\x1cI\x14\xc7?]\xd3=\
b\xa2\xf8c\x8c`\x123\x92\xbb\xae\x88\x17[P\xc1\
@\x18\x08\xe3\x06W\x84\xe0h\xbc\xcd%\x07s\x8a\xf9\
\x07<\xe9\x7f!\xa8C.\xc1\x04\x8c'AM4\xd9\
U\x83\x10DDW4\x1eF<\x98fz\xba\xbb\xaa\
{\x0fq\x1a%\x8e.\x8b[\xf0\xa0\xba\xaax\x9f\xf7\
\xbe\xf5\xba\xaa\xe0\x7fnZ\xb1\x89D\x22\x91\xccf\xb3\
}\x8e\xe3\x98R\xca\x07J)\x80}`\xb9\xa2\xa2\x22\
\xf3\xf9\xf3\xe7\xb7\xff\x09\x90J\xa5Z666&\x84\
\x10\x9d\xdd\xdd\xdd455\x11\x8b\xc5\xf0}\x9fl6\
\xcb\xea\xea*sssH)\x17\xee\xdd\xbb\xf7re\
e\xe5\xaf\x7f\x0d\xe8\xea\xeaJ\x1e\x1d\x1d\xbd1MS\
\xef\xed\xed\xa5\xb6\xb6\x16\xc30\xd04\x0d\xdf\xf7\xf1<\
\x8f|>\xcf\xf7\xef\xdf\x99\x9c\x9c\xe4\xe3\xc7\x8f\xb2\xb2\
\xb2\xb2wgg\xa7h6\x91B\xa7\xa7\xa7\xa7e{\
{{\xfe\xe9\xd3\xa7\xfa\xd0\xd0\x10555\x94\x97\x97\
S]]MMM\x0dw\xee\xdc!\x16\x8bQVV\
FYY\x19\x8d\x8d\x8d\xd8\xb6-\xd6\xd7\xd7\xfb\xee\xdf\
\xbf\xff\xee\xe4\xe4\xe4\xe82\x80^\xe8|\xfd\xfau\xc2\
4M\xbd\xbf\xbf\x9f\xd7\xaf_c\x18\x06\x86a \x84\
`zz\x9a \x08\xe8\xef\xef'\x08\x02\x82 \xc0\xf3\
<^\xbdz\xc5\xe1\xe1\xa1\xfe\xe5\xcb\x97\x09\xa0\xeb2\
\x80\x00hnnN\xfa\xbe\xdf988\xc8\xad[\xb7\
\x88F\xa3\x94\x94\x94 \x84@\xd34\x84\x10a_\xd3\
~\xaa\x1a\x89Dx\xf8\xf0!\xe9t\x9a \x08:\xab\
\xab\xab\x93E\x01\xd9l\xb6/\x99LRWW\xc7\xed\
\xdb\xb7\xd1\xf5\x9f\x89e2\x192\x99L\xe8xff\
\x86\xa9\xa9\xa9\xf0[\x08Ass3\x89D\x02\xdb\xb6\
\xfb\x8a\x02\x1c\xc71\xdb\xdb\xdb\x89F\xa3\x94\x97\x97\x87\
Q\x06ApaqA\x9e\x0bU\xa2i<z\xf4\x08\
\xa5\x94Y\xb4\x8a\xaa\xaa\xaa\xbc\xd9\xd9Y\xfd\xee\xdd\xbb\
TVV\x12\x8dF\x89D\x22D\x22\x11\x84\x10\xa1s\
\xdf\xf7QJ\xe1y^XQ\xb9\x5c\x8e\x83\x83\x03\x1e\
?~,]\xd75.\xddd\xa5\x14\x9a\xa6\xa1\xeb:\
J)\xce~\xaa_\xb2(\xcc\x9d\x07I)\xf1<\xef\
\x97\xcc.H\xa4\x94\xda\xdf\xdd\xdd\x0dk}``\x80\
g\xcf\x9e!\xa5\x0c\xed\xbc\xb3T*\xc5\xf0\xf00\x9e\
\xe7\xe1\xba.[[[(\xa5\xf6\x8b\x02\x82 X\xfe\
\xf0\xe1\x03\xf9|\x1e\xd7u\xc3(]\xd7\xc5q\x9c\xd0\
\x5c\xd7\xc5u\xdd0\x83\xc2\xf8\xdc\xdc\x1c\xbe\xef/\x17\
\x05\x08!2\x99L\x86\xed\xedml\xdb\x0e\xa5H\xa5\
R\x0c\x0c\x0c`\xdb6\x8e\xe3\x90J\xa5x\xfe\xfc9\
RJ\x94R\xd8\xb6\xcd\xb7o\xdfx\xff\xfe=@\xa6\
(\xc0\xb2\xac\x0d)\xe5\xc2\xd8\xd8\x18\x96e]\xd0W\
)\x85eY\xe1x\xc1\xa4\x94\x9c\x9e\x9e2>>\x8e\
\xef\xfb\x0b\xc0\xdb+\xcf\x22\xc30Z\x80\x95'O\x9e\
\xe8###\x18\x86\x81\xae\xeba\xcd\xfb\xbe\x1fn\xb4\
\xeb\xba\xe4r9\xc6\xc7\xc7\x99\x9f\x9f\x97\xc0\xef\xc0\xbb\
+\xcf\x22\xdf\xf7\xa3\x9a\xa6-lmm\xf5\xad\xad\xad\
\x89\xfa\xfazJKKq]7\x94\xc8q\x1c,\xcb\
bss\x93\xb1\xb11>}\xfa$\x81\x1c\xf0\x07p\
\x02\xfcy\xddq\x1d\x07b\x9a\xa6M\x08!:;:\
:hkk\xa3\xa1\xa1\x01\x80\x9d\x9d\x1d\x96\x96\x96X\
\x5c\x5c\x04X\x00^\x02o\x80\xaa\xb3`\x8f\x81\x17\xc0\
\xecu\x17N\x1c\xf8\x0d\xe8\x03L\xe0\xc1\xd9\xf8>\xb0\
|\xb6\xa1\xc7\xc0!@CC\xc3&\xa0\xed\xed\xed\x09\
\xc0\x03\x12g\xeb\xaem\xf1+\xec\xfc\x9a\xe3t:\xed\
\xb5\xb6\xb6\xda\xc0\xe9\x99l\xf1\x9b\xbcz\xe3\xc0\x8f\xd1\
\xd1Qe\x9a\xa6\x04~\x00\xd6MB\x0aY\xe5\xd3\xe9\
\xb4\x17\x8f\xc7\xbd\x9b\x06\x9c\x87\x1c\x01\x0a\xe8\x04\xe2\xda\
\x0d\xbfR\xceG\xfc7\xc0?r\x9e\x0bf\xc1\xc5\x97\
\x96\x00\x00\x00\x00IEND\xaeB`\x82\
\x00\x00\x08\x19\
\x89\
PNG\x0d\x0a\x1a\x0a\x00\x00\x00\x0dIHDR\x00\
\x00\x00 \x00\x00\x00 \x08\x06\x00\x00\x00szz\xf4\
\x00\x00\x00\x04gAMA\x00\x00\xd6\xd8\xd4OX2\
\x00\x00\x00\x19tEXtSoftware\
\x00Adobe ImageRead\
yq\xc9e<\x00\x00\x07\xabIDATX\xc3\xad\
W[P\x93g\x1a\xf6\xca\xce\xec\xcc\xf6b/\xbc\xd9\
\xe9\xce\xecn\xbd\xda\xd9\x9b\xb5\xce\xba;{\xb0\xad\xcc\
z\xb1\xce\xce:\xb3vTpu\xdb\xe2\x81\xd6\xb6T\
\x04\xbb\xa5 m\xc1\x82\x06\x08\x07QB\x80\x80\x80\x02\
!\x81\x10\x92@H\x10s$!gr\x80\x04B \
\x9c\x09G\xb5Tx\xf6\xfb~\x13\x160X\x8b}g\
\x9e\xf9/\x92\xfc\xcf\xfb>\xcf\xfb\xbe\xdf\x97]\x00v\
\xfd\x98 \xf1\x0b\x82\x14\x02\x03\xc1u\x82\x03\xcf\xfd\xfe\
\x8fH\xbc\x9b \xe1W\xaf\xef\xb5*\x8c\xd6e\xdb\x02\
`\x19\x1e[\x09'\xf13\xfa\x19\x81\x22\xfc\xdc>v\
H~\x8a\xa0\xb9\xb6Y\x1c2\xcf\xadB9\xfe\x1dD\
\xf6Q\xd8\xc7\xe6\xe8\x87\x86={\xf6XSR\xae,\
\xca::\x10N\xe2\xe5I\xc3\xc41\x04\xb7>I\xf9\
,`\x9b]YSM\x03M\xb6\x114\xeb\xfb 1\
y`\x19\x9d\xc5\xbb\xef\xbe?\xc5\xab\xbe\x83\xf1\x89)\
LO\xcf\xae\x92\xef\xd7\xbct\x02\x11\x9f\x0f\xbe\x1d\xe3\
\xb2\x04CO\xb43@\x8b{\x06\xcd=.4\xeb\xec\
\xa8W\xf6 \x87S\x852^5C\xbc\xb0\xf4\x90\x81\
\xc1`\x5c&\xbfK|\xe1\x04H\x1c$8A\xfd\xdd\
\xeas'\xf1\xb9'\x04H\x87\x97\xc1\xd7\xbb \x22U\
7\xdc7\xa2\xb8N\x88,V>\xccV\xdb:q\x04\
,\x16k,\xfc\xce\xe7'\x10\x916\x93\x95?F}\
\xa5\xfe\x12\xc4o\xf4Y1\xb6\x02~\xef Z{\x9c\
\xe0?0\xa1L(CF\x0e\x1b\xb2\x0e\xf9&\xd2\xf9\
\xc5e\xcc-,!4\xbf\x88\xbd{\xf7Z\xc9;~\
\xbam\x02$~C\x90F=5\x13iu\xb3\x80\xd2\
?\x0f\xcb\xc4\xe2\x9aP\xa1Z\xb4l\xf1Y\xa0\xb6\xa0\
\xa6]\x8d/\xb2sq\xb7\x9e\xff\x0c1%\x9d\x09\xcd\
cbj\x06\x83C\x81'\xe4\xdd\xbc-\xd3\xb0;\x92\
\x033&\xd4S\xb5\xd3\xfbXO\x88\xc5\x03!\x88,\
CP\xbaF\xd0\xed\x09B\xe5\x9bB\x9bs\xfc\xa9\xcf\
Z\x1b\xee*t\xc8\xbc\xc9E\x09\xa7l\x93\xcf\x9b\x88\
'\xa7\x11\x18\x1d\xc3\x80o\x08\xa2\xd6\xd6%\xc2Q\xdb\
(\x12\x87\xc6\x1f\xaf\x82/b\x94M\x89$\x90\x22\xea\
R-\x9aB\xab\xe8\x18y\x04\xa1\xc5\xcf\x10St\xf6\
\x0d\xa3\xd3\xe1\x87\xd4<\x80\x16\xbd\x03\x0d]\x06\x14\xd5\
\x0a\x90\x91\x95\x0d/y\xf1\xc6\xaa\xa9\xd4\xb3s\x0bL\
\xc5\x94\xd8\xdd\xef\x85\xc9b\x05\xb7\xbc\x12\xa5\xe5\x95K\
\x13\xf3\xcb\xab#\x0f\x017\xd9\x11\xe6\xd9\x15\x84\x97\x15\
\x13\x06\xcb<\xd0h\xf2\xa3\xdd\xee_'\x96;\x86 \
\xb3x\xd7}\xe6\x08\xa4\xf8<3\x1b*\x8d6\xaa\xdc\
S3!\x8c\x8e\x8d3\x15\xd3&\xe47\x09\xf1\xc1\xc5\
\x8fQs\xaf\x01\xbee`\xfc\x11\xa0#\x13#\xf2\xce\
\xa1\xbe]\xb9\xb8Q\x01\x83\x81ttM\xa7\x1e\x0ag\
\x80\xa9\xb8\xdd\xea\x83\xd8\xe8B\x93\xca\xcc\xf8|\xe5\xcb\
,\x88\xda$Q\x89\xa7g\xe7\x18\x1b\x86\x86G`w\
8I\x82:$|\xf8!\xae\xb3\x0b\xe1\x99\x5c\x80o\
\x09\xd0\x90\xde\xe1\x0f,\x81\xab\x1f\xc4}\xef\x04\xdd\x07\
\x1da\xeb\xff\x9f\xc0\x1d\xb9\x16\x1d\xf6!H\xcc\xfdO\
}\xee\xd4\x22\x9dU\x84\xaa\x9a\xbaM>G\xe4\x8e\xf8\
<<\x12\x84\xd3\xdd\x0f\xbd\xc1\x88\xc2\xe2b\x9c~/\
\x1e=\x03\x01\xf4/\x02\x83\x84\xbc\xc5\xff-\xee:C\
(Q\x91\xf7\xf6\x05\xf1N\xdc\xbf}\x843i\xe3 \
\x18\xf43\xab\xe0\xc9Th58\xd1\xd8\xdd\x0b\x9eX\
\x89\xac\x5c\xf63>G\xaa\x9e\x9c\x9ee\xe4\xee\xf7\x0e\
\xa2\xd7lAC\x03\x1f'b\xe3 \xe9\xd6\xc0E\xcf\
\x01R\x90$\xb8\x86\xb2\x9e\x00n\xb4\xdbP\xd1\x1bD\
\x85\xce\x8bJ~\x0bm\xbe\x9b['\xd1\xa0\x99\xf8\x16\
e\x22\x05\xee)\xf4(\x13\xc8\x90x5\x0b\x1a\xad>\
\xaa\xdcc\x13\x93\xf0\x0d\x0d\xc3f\xef\x83\xb4]\x8e\xc4\
K\x97\x90\xc3\xca\xc3\xd4c\xc0NzI1N\xfa\x89\
\x94\x7f[;\x84|\x85\x13%j\x1fJ\xd5\x03\xe8\xf2\
0\xa3(\x22\xf8\xf93\x09t\x8f.\xa1\xa8\xbe\x15\xa5\
|\x09\xb2J*\xf0\xcf\xe3qQ\xe5\xf6\x07F\xd1\xe7\
\xf2@\xab7 \xfdj\x06\x92\xbfH\x83\xcd7\x02'\
\xa9\xda@\x1aL\xe0{\x88R\x9d\x1fE\xdd\xfd\x0cq\
A\x97\x1b\xc5\xdd\x1e\x88\x9cA\xfc\xf9\xcd\xb7]\x84\xeb\
l\xb4C\xd0(\xf7N#\xa7\xfc\x1e\xb2K\xab\xf1Q\
\xeaWH\xfeo\xea\xfaXQ\xb9G\x82\xe3\xf0\x0c\xf8\
`4\x99Q\xc9\xab\xc2\xfbg\xcfA\xfe@\x03?\xe9\
n\xb2\x8d\x19\xb9oi\x06\x19\xd2\x9b*/r\xe5\x0e\
\xe4u\xf6\xa1\xf0\xbe\x1b\x1c\x95\x1b\xf9\x9c\xca)\xc2S\
\xb8\xdd)\xdc+v\x04\x90Q\xc8\xc5\x95ky8\x11\
\x9f\x80\x9b\xb7n3c\x15\x91\xdbjs@\x22m\xc7\
\x85\x84\x0fPt\xbb\x0c\xf3+\x80\x9f4X\xf7$ \
\x1c|\x84J\xd3\x188\xfaa\x86\x9cV\xfdU\xb3\x1e\
\xac\x0e;\xb8:\x1f\xd9!\x1ez/\xe0\x13\xbc\xba]\
\x02&\xbe\xc1\x83\x94o\xd88\x9f\x9c\x8a\x03\x7f=\x04\
c\xaf\x99\xe9n*\xb7F\xd7\x83\xa4\xcb\xc9H\xff:\
\x8b\x8c\xd5<S\xb5q\xf6\xa9\xdc5\xf6i\x5c\x97Y\
\x19\xd9\xbfn!\xa7\xa0\xd4\x82t\xbe\x1aW\x9b4`\
\xc9\xcc\x10\xbb\x82\xf8\xe5\xaf_\xa7g\xc0;\xe1u\x1f\
5\xcc5\xddf|\x94\x96\x85\xb8s\x17\xf1\x97C1\
L\xd5t\x99\xf0\xaa\xaaq\xfa\xf4\x19h\xcc\x0e\x8c\x92\
-6\x14\x1e\xabZ\xc7\x0cx\xe6qp\x0d#L\xa3\
e\x8a\x0c\x8c\xec\xb4\xfa\x9c\xb6^\x94t9\xd0f\xf7\
\xaf\x1e=\x11KG.o\xc3y\x135,\x5c\x99\x1a\
\xf1\x97>\xc7\xd1\xd83\xf881\x09\x86^\x13\x1a\x9b\
\x04\xf8\xdd\x1b\xfbQO\xd4\xf1\x90\x99\xee\x9a\x00\xaa\xad\
\x93`+]\x0c9\xf5\xbc\xf0\xbeg\xbd\xea\xcc\x16=\
JU\x1e\x08m\x01\x94\xd4\xf1C\xe1eS@\xf0\xca\
\xf7%`+nj\xc7\xa9\x84D\xc4\x1c9\x8a\xdc|\
6ZZ\xc58\x14\x13\x83/95\xc8\x14j\x98\xe6\
\xa2\xd5\xd2'\xf5\x9azL\x13\xa1Id\xb7\x99\x90\xdb\
nF\xb9\xda\x8d\x06\xa5v9,9=\xf9N\x13\xec\
\xd9r\xd4G\x0d;\xabF\x88c\xff9\x8f\xdf\xee\xfb\
=\x1a\xf9\x02\x9c\xbf\x90\x80\x93\xf1\x17p\xa3\xad\x07\x19\
\xc4OJ\x14\xe9n\xbaX\xa8\xef,\xfa\x94\x98P(\
\xb7@\xe9\x0e<\xf9W\xec)*w-\xc1g\x04\xfb\
\xb6\xb9\xe4D\x8d\xbe\xcc\xb2Z\xfc\xe3\xe4\x19\x1c<\xf4\
7\xb0r\xf3\xb0\xef\xc0\x1fP \xd1!\x89'e*\
\xa6K\x85>\xbf!\xd5F\xe4.\x90[!\xb0\x0c\xae\
\xe5\xdc\xe2\xd2\x11\x13\x13\xe4\x87o<\xaf<\xe7\x96\x15\
5\x9ciE\xe5\xf8\xfb\xb1X\x1c?\x19\x877\xf6\xef\
\xc7\x8d:\x11\x92\xab\xa4\x0c!\xedp\xea5U!\x8b\
4[\xc9\x037*4n\xd4I:\x17\xc3rs\x08\
\x8em\x95\xfb\x87$\xe0Jesp\xe4\xf8)\x1c>\
|\x98\x8cc.2\x05*\x5c\x22\xd5\xd3]~M\xdc\
\x0b6\xe9tv\xa7\x1dw\x8c\xe4\x88\xb6\xf9\x9e\x84\xb7\
\x1a\x95\xfb\x22\xbdI\xfd\x80\x0bm\xf4\x042JxL\
\x0f\x9cKI\xc3\xb5\xa6.|\xc2me6Y\xf1\x83\
\x01\x5c\x97\x9a\xc1Q{ \xf3\x04\xd7\xce%&\x056\
\xc8\xfd\xc7\x9d\xc8\x1d\xd5\x82\xdc\x1a\x01\xce^NE\x81\
X\x85x\xf6]\x5c\xa9U\x90\xaa\xfb\xc0\x96\xdbP\xad\
u\xe3\xaeTA/\x10\xca\x0dr\xbf\xba\xd3j\xa3\x05\
\xb7\xa2Q\xf8\x1d\xafC\x8dO\xb9-\x88\xcb\xe6\xe1\x9a\
H\x8f\xaa\x1e/\x9a5\xe6\xc7\x7fz\xf3-Wx\xac\
\xa8\xdc\xaf\xbd\xac\xdc\xd1\xe2\x08\xdd\x05\x5cu\x1f\xde\xcb\
\xafE\xb9v\x002g`\xf5\xc2\xa7\x97\xa9\xdc\xf7\x08\
\xd2\xa9\xdc;\xf8\x03\xf3\xc2\xf1\x13\x82\xca\x1c\xee\x9dP\
\x0b9\x94\xb8\x0d\xc2\xc8\x16\xa3\x17\x87\xc3/\x22\xf7\x0e\
\xff\xdam\x8a\xdda\x99\xd5\x1b\xb6\xd8k\xbb^2\xbe\
/\x89\xff\x01f\xb9_\xfc\x11\x80=\xcf\x00\x00\x00\x00\
IEND\xaeB`\x82\
\x00\x00\x01O\
\x89\
PNG\x0d\x0a\x1a\x0a\x00\x00\x00\x0dIHDR\x00\
\x00\x000\x00\x00\x000\x08\x04\x00\x00\x00\xfd\x0b1\x0c\
\x00\x00\x01\x16IDATx\x01\xed\x96KJ\x03A\
\x14E\xcf f\x1a\x14]\x81&\xad{\x08\x828\xd0\
m\x88\xe0F\x14\x07\xe262Q\x83\x9aU(\x22\xb8\
\x03#\x22\x0e\x84V\xb4\x03~\xbaSJ\xf3(2\x10\
,\x0b\xee$\xd49\xe3\xcb\x85\xa2\xea\xbd\x221\x85$\
\x12\x1dN\xc8)\xa9\xbc\xe3\x09\xdd/\x8e\x18\xb0L \
\x19\xcf\xb8\x08_X!\x883\x5c\xa474\x09\xe0\x15\
\x17\xed!\x018\xf3?\xf4,3f]S\xd0bh\
\xa9\x07\xe6\x14\x05\xb0Je\xb9\xbe\xa6\x00\xf6}r[\
S0\xc3\x95%\x0b\x96\x14\x05\xd0\xa1\xb0\xec%\x0dE\
\x01\xec\xf8\xf4\x9e\xa6\x00\xffL+\xba\x9a\x82y\x1e-\
?\xa4\xa5(\x80\x0d?\x10{\x9a\x82Mm\xc1\x82?\
\xa2[\xcd\x11\x9d[\xba\xa4\xab\xbd\xa6\xbb\x9a\x876\xb2\
\xec\x05\x0d\xe5\xa8xcQ;\xec\xb6\xb4\xe3\xfaX\xb3\
p\xee,u\xcf\xacreV\xac\xf1'\x05.\xda\x03\
\x02\x18\xe0\x22\xbd\xa6I\x00\x199.\xc2\x9c\x8c@\xda\
\x1c\xf1\xc4{\xedG\xedg\xed\xd7\x8fe\xed\xc4\x87\xd2\
n\xfe)m\x12\x89\xc4T\xf3\x0d\x0a\x7f\x93\xd6\xf9\xe7\
\x0c6\x00\x00\x00\x00IEND\xaeB`\x82\
\x00\x00\x05U\
\x89\
PNG\x0d\x0a\x1a\x0a\x00\x00\x00\x0dIHDR\x00\
\x00\x00\x18\x00\x00\x00\x18\x08\x06\x00\x00\x00\xe0w=\xf8\
\x00\x00\x00\x04gAMA\x00\x00\xb1\x8f\x0b\xfca\x05\
\x00\x00\x00\x06bKGD\x00\x00\x00\x00\x00\x00\xf9C\
\xbb\x7f\x00\x00\x00\x09pHYs\x00\x00\x0b\x12\x00\x00\
\x0b\x12\x01\xd2\xdd~\xfc\x00\x00\x00\x07tIME\x07\
\xd3\x01\x09\x0a\x09\x03]J\xcd>\x00\x00\x04\xd2ID\
ATx\xda\xbd\x94oH\x95W\x1c\xc7?\xcf\xf3\xdc\
\xeb\x9d\xde\xeb\xbcz\xefu\xa0\xd95\xbd\xb0i\xea\xa2\
I\x84[(\x1aCsh!\xad&\xfd1&$\x1b\
\xad\x16\xc4\x10\xc6 \x88\xb97\x0e\xdf\xd5^\x8c\xc5 \
Fk%s\xf6B%\xb6L,\xff4rz\x85\xea\
\x8a\x9a\x7f\xe1\xfa\x87\xf2\xa6\xf7\xde\xe7y\xce\xb3\x17\x99\
i\xf3J\xbd\xd9\x0f\x0e\xe7p~\xf0\xfb\x9c\xef9\xbf\
\xf3\x95\x88\x10%%%e~\xbf\x7f\x7f(\x14\xca\xd3\
4m\xb3\xae\xeb\x00\x8f\x80\xce\xb8\xb8\xb8+===\
M\xbcBH/o\x1c>|x{__\xdf\xf7\xb2\
,\xe7\x17\x15\x15\x91\x93\x93\x83\xc3\xe1@\x08\x81\xdf\xef\
\xa7\xbb\xbb\x9b\x96\x96\x164M\xbb\x99\x9c\x9c|\xba\xab\
\xab\xeb\xefW\x06\x14\x14\x14\x94MMM]\xcd\xcb\xcb\
3UTT\x90\x98\x98\x88\xd9lF\x92$\x84\x10\xa8\
\xaaJ0\x18drr\x92K\x97.q\xfb\xf6m\xcd\
n\xb7W\x0c\x0d\x0dET\xa3<_\x94\x97\x97o\x7f\
\xf8\xf0a\xdb\xbe}\xfbLG\x8f\x1e\xc5\xe9t\x12\x1b\
\x1bKBB\x02N\xa7\x13\x97\xcb\x85\xc3\xe1\xc0f\xb3\
a\xb3\xd9\xc8\xce\xcefiiI\xbew\xef\xde\xfeM\
\x9b6]\x9f\x9b\x9b\x9b\xda\x10\x10\x0e\x87\x7f\xc9\xcb\xcb\
K\xab\xae\xae\xc6f\xb3a\xb7\xdbq\xb9\x5c\xd8l6\
,\x16\x0b\x8a\xa2\xa0(\x0a\x16\x8b\x85\xd8\xd8X\xacV\
+\xe9\xe9\xe9<x\xf0@\xf6\xf9|\xef\x84B\xa1\x8b\
\xeb\x01d\x80m\xdb\xb6\x95\x09!\xf2\x8f\x1c9BL\
L\x0cv\xbb\x1d\xa7\xd3ITT\x14\x8a\xa2 \xcb2\
\xb2,\xaf@dY\xc6j\xb5\x92\x96\x96FMM\x0d\
\x86a\xe4'$$\x94ET`\x18\xc6\xd7\x85\x85\x85\
9\x19\x19\x19h\x9a\x86\x10\x82\xc7\x8f\x1f\xa3(\x0a1\
11H\xd2\x8b\xa72\x0c\x03\x00!\x04\xba\xae\xe3p\
8\x18\x1b\x1b\xc3\xeb\xf5\xea\x9a\xa65\xae\xa7\xa0\x22\x1c\
\x0e\x1f*--\xc5\xe3\xf1\x90\x9d\x9dMzz:m\
\xdd\xf79t\xa6\x81\x89\x89\x89\x95\xa2\x86a\xb0\xf7\xb3\
s\xfcx\xa5\xf5E\x97H\x12\xbbw\xefF\xd7\xf5\xbc\
HW\xf4\x9b\xa2(\xa4\xa4\xa4`\xb1X\xb8?<\xc1\
\x07\x9f|\xc5\xc5k7x;-\x19\xa7\xd3\x89\xcf\xe7\
C\x08\x81a\x18\xec\xc9\xcf\xe5\xa7k7(\xaa\xfa\x86\
\xfb\xc3\xcf\xe0\x1e\x8f\x07`s\xa465\xe2\xe3\xe3i\
nn\xe6\xfc\xd5\x0e\xbc\xbe1^'r3\xb7\xb0\xbf\
0\x9b\xd2\xd2RMUU\xf3\xcby\x13@RR\x12\
\xc3\xc3\xc3\x9c\xfb\xe2\x00#\x933|\xf9\xdd\xb3\x86\xf8\
\xa8 \x97\xda\x9a\x8fQU\x95@ \x80\xdf\xef\xe7\xcf\
\xbb>~\xfe\xfd/\x00\xbe=y\x80$\xe7\x9b\xb4\xb7\
\xb7\xa3\xeb\xfa\xa3\x88]\xb4c\xc7\x0eZ[[\x09\x06\
\x83\xa4&9i>_\xcb\x89\xcabz\xfa}\x84B\
!4MC\x96e\xecv;\xbf\xdf\xe8\xe6\xc3\xf7\xdf\
\xe5\xd7\xfa\x93\xa4\xbc\x15O(\x14\xa2\xa5\xa5\x05!D\
g\xc4+jjj\xe2\xe0\xc1\x83\x5c\xbe|\x19\x8f\xc7\
\x83\xc9\xa4\x10\x0e\xab\xcc\xcf\xcf\xaft\x90$Ih\x9a\
\x86\xae\xebX\xadV\xa2\xa3\xa3\x09\x06\x83\x0c\x0e\x0er\
\xec\xd81\x84\x10\xe5@\xd3\xba\x0a\xb2\xb2\xb6\x92\x9b\x9b\
K]]\x1d\x81\xc0\x02\x8b\x8b\x8b\xe8\xbaNB|<\
v\xbb\x1d\x9b\xcdFtt4&\x93\x09E\x91\x99\x9e\
\x9efaa\x81'O\x9eP__\x8f\x10\xe2\xe6z\
\xc5W\x14\xa8\xaa\xca\xad[\xb7\xd8\xb3g\x0f\xc5\xc5\xc5\
\x9c:u\x0a\xb3\xd9\x8c\xa2\xc8\x18\xc6\xb3\xd3\xeb\xba\x8e\
\xa6i\x84BAfff\x89\x8b\x8b\xa3\xa1\xa1\x81\xb6\
\xb66\x0d\xd8\x0b\x5c\xdf\x10\xd0\xdf\xdf\x8fw`\x80O\
\xab\xab\xc9\xcc\xcc\xe4\xf8\xf1\xe3\xa4\xa5mA\x96e\x84\
0\x10B \x84\xe0\xe9\xd3\x00}}\xff\xd0\xd8\xd8\xc8\
\xe0\xe0\xa0\x06,.\xd79\x03\xfc\x10\x01\x10fnn\
\x8e\x91\x91Q\xe6\xe7\xe79{\xf6,\xdd\xdd\xdd\xec\xda\
\xb5\x8b\x9d;w\xe2v\xbb\x01\x18\x1a\xf2\xd1\xd1\xd1\xc1\
\x9d;]\x007\x81\xd3\xc0U ~\xd9\x15f\x80\x13\
@\xf3Z@8\xcc\xec\xec,H`\x08\x83\xb1\xf11\
\xbc\xdeA\xfehj\xa2\xa7\xb7\x97\xc9\xc9I\x00\x5c.\
\x17\xd3\xd3\xd3\x00\xe5\xcb\xc5&\x00RSS\x07\x00i\
ddD\x06T\xa0\x04\xe8\x5c\x01\xe8\xba\x8e\xdf\xefG\
\x08\xb1F\xde\xf8\xf8\xf8\x1a\x0f\x1a\x1a\x1a\xa2\xb2\xb2\x12\
 \x15\x18]N\xb9\x81\xbb555q\xbd\xbd\xbdZ\
oo\xaf\xba\xfc\xbf2\x80Q\xd3\xea\x02\x92$\xad\xf8\
\x0e@rr\xf2\x1a\x83\x0b\x04\x02\xcfS\xa3\xab\xce1\
\x0a\xbcw\xe1\xc2\x85\x81\xda\xda\xda\x98\xa8\xa8(sg\
g\xe7\x12\xe0\x05\xb6\xca\xab\x01\xcf\xfdf\xf5\xfa\xe5\xbd\
\x0d\x22\xab\xae\xaeN\xcd\xc9\xc91\xdcn\xf7\x1bk\xde\
\xa0\xbd\xbd\x1dUU\xffc\xc9\xab\xd5\x00LLLP\
UU\xe5\x05\xb2\xd6\x01\xb8\x97\xe7;@\x22P\x08\x8c\
\x00|\x0e\x18\xaf1\xaa7P\xe1^5\xfe\x9f\xf8\x17\
\xc1\x08@;\x9d}\xa8\x8b\x00\x00\x00\x00IEND\
\xaeB`\x82\
\x00\x00\x04\xa3\
\x89\
PNG\x0d\x0a\x1a\x0a\x00\x00\x00\x0dIHDR\x00\
\x00\x00 \x00\x00\x00 \x08\x06\x00\x00\x00szz\xf4\
\x00\x00\x00\x04gAMA\x00\x00\xd6\xd8\xd4OX2\
\x00\x00\x00\x19tEXtSoftware\
\x00Adobe ImageRead\
yq\xc9e<\x00\x00\x045IDATX\xc3\xe5\
\x97\xcd\x8fTE\x14\xc5\x7f\xb7\xea\xd6{\xaf\xdbn\xc7\
\xf9@\x9d\x89FM4\x99D\x8d\x1aH\x98\xc4\x8c\x1f\
\x1b\xfe\x02L\x5c\xf1\x07\x18\x16.M\x5ckX\xc3\x8e\
\xc4\x8d\x1b\x17\xce\x82htA\x5c\x18\x0d\xe2\xc4\xc6\x00\
=`PQ\x19`\x02\xa2\x0e\x0c\x83\xd3\xfd^\xf7\x94\
\x8b\xaa\xee\xf9`\xe6\x0d\x84Q\x16VR\xa9\xce{\xb7\
\xeb\x9e:\xf7\xd4\xa9z\xea\xbd\xe7~6\xe5>\xb7>\
\x80]\xbbv\xbd\x03\xec\xfd\x8f\xf2N5\x1a\x8d\x03\xeb\
\x19\xd8\xbb\xef\xbd\xa3;\x1f\x1fv\x00\x9c<:\xcf\xcc\
\x977X\x9c\xef\xdcS\xa6\xda\xa0\xf2\xdck\x03\xbc\xb8\
g\x10\x80\x8b\x7f\x16|\xf8\xee\x1e\x80\xdb\x00p\xfc\xec\
\x1c\xdf?0\x04x.\xfd\xb8\xc0\xfe\xb7\xceo\xcbr\
\x0f\x1dy\x9a\x0b#\x96\xd3\x9f\x1fd\xfc\xd5}\x9bk\
@E\xb0\x16@xp,#\xcb\xb2m\x0100\x96\
a\x8dP\x1b|\x14#%\x22\x14+\xd8\x18\x91\xd5\x95\
s\xe7\xce\x83*\xb8\x04\xd2\x14\xb2\x0c\xd2,\x8cI\x0a\
I\x12\xdew:\x90\xe7\x90\xb7\xa1\xd5\x82v+\x8em\
(r\xb2\xfa8\xd6\x0a\xe3\xaf\xbcIk\xf1\xfa\xe6\x00\
\xac\x15\xac\x15\x04\xb0F\xd8\xbd{\xe7\x16k\xeb\x86\xae\
\x80Z\xa8V\x81\xeamQ\x8d\xaf\x04\xb5\x82\xf7\xa0\xa6\
\x84\x01g\x055\x82\x08\xa8\x0a\x95,\xc3# \x1e\x08\
\xc0\xf0\x1e/\x02\xde#\x12&\x15|\x88#\xc4!\x1e\
<!^@MX\x18@\xd7J\x89\x06\xac\xa0\xdac\
\x00\x9a3\xbf\x05\x8aS\x07i\x02\x95\x04\xb24\xf6\x04\
\x12\x07N\xa1\xe8@^@+\x8f\xbd\x05K9\xb4s\
\xc8\x0bT\x87q=\x00*\xe5%p1@\xd509\
\xf9\xd2\xd6\x0a\xf3>\xd0\xaf\x16\xaa\x1b\x8b\xf6\xd8'a\
a\xbd\x1c%% \x00\xf0\x81\x8d4M\xa3:\xc3\xb3\
\x98\x11\x89l\x07\xdac\x09V\x98_)F\xfca\xcd\
r\x7fa\x1d-\xd1\x80:\x09TI\x18O4/\xe0\
\x9d\x85\xc4!\x89\xc3g\x09\x92i\xd8\x11\x89\xe2\x13\x87\
X\x8b\xefv\x91\xbc\x80\xbc\x03\xed\x02\xdfj#\xed\x02\
\xf2\x02\x9fwP\x1dE\xd5 x:\xebTx\x9b\x06\
\x9c3x\x0f\x03\x8f$\xbc\xfe\xf2\xf3wh\xe86h\
\xa4\xbe\xf1\xeb\xc6\xfc\xdf\xb1\x04R^\x82DM_\x84\
\x8f\x0d\xa58\xe7\xb6\xc5\x88\x9e\x18K\xb9v\xb3\x03\x08\
\x9dR\x11\xaa\x90\xb8P\xefZ\xc50}\xb1\xcb@\xc5\
\xb0\x0e\xf4&\xadW\xf9U.\xe1\xe1\xc6\xd22\xf5\xcc\
p}\xc9\x84-\xe9J\x19\x10\x9c\x1a\xc0s\xe5f\x97\
+7\xbb\xacQW?\xd7\xaad~\xc5'\xa2)\xac\
\x05\x15\xc3\x9c\x0b\xb5w\xa6l\x17\xa8\xc1\xa9 \xc8\x1a\
5\xaf\x9b5\x1a\x8fY1\x9e\xfe{\xe9\xef\x14\x00\xf1\
\x82\xef\x9bX0+WV\x02U!\xd1\x90\xfc\xe7S\
\xdf\xf2\xeb\x99\x13,-\xde\xb8\xa7\xfaWj\x03<\xf5\
\xecN\x9eya\x02\x0f\xa83[1\x10\x03|\x87\xf7\
\xf7\xbf\xc1\xc2\xc2\x02\xb7n\xdd\xa2(\x0aD\x04k-\
\xd6ZT\x15U\xc59\x87\xaab\xad\xc5\x98\xf0\xdf\xe5\
\xe5e\xf2<\xef\xf7#\xcd\xf9\xb8\xf2-\x18pVP\
\x17\x18\xdc1:\xb6rO8~\x9c\xe9\xe9i\x8c1\
x\xef\x99\x98\x98`rr\xf2\x8eY\xd81:\xd6\xdf\
\x86\xae\xd4\x09Up6\xac\xa2V\xaf\xf7k933\
\xc3\xd0\xd0\x10\xd6Z\xbc\xf74\x9b\xcd\xbb\x02P\xab\xd7\
p\xd1\x88\xb4\xd4\x88\x14\x9c\x0b'\x5c\xa0*\x00\xa8V\
\xabdY\xd6\xa7\xb87\xdeis\x1a\xa9\x17AK\xad\
8\x1e\xc7\xbd#\xb4\xd7\x8c1\x88D\xdf\x8f:\xb8\xab\
\x9b\xaf5\xa8\x0d\xf3\xf6\x18.=\x8e\x83)m\xe3\xd5\
\xdb\x12\xa9\xf7\xe5Vl\xad\xf4\x91\x0e\x8e\x0c\xc3\xf2\xef\
\xdb\x02\xe0\xa1\x91a\xd4\xc2\xb5+\x97Y\x9c\xbf\xbe\x05\
\x036\xf8\xc0`\xad\x02\x0b\xdb\xc3\xc0P\xad\xc2\xec\xc5\
K\x9c\xfd\xee\x1b\xce\x9f\x9c\x9e\x03\xa66\x04`$^\
J\x05\x12\x0b\xed\x91'\xa9=\x0co\x1f8\xc8f\xc7\
\x81':\xf1*\xe75\x1e2\x81\x14(\xbap\xf9\xea\
U\xce4\x8e\xd1\xfc\xfa\x8b\xb9\xd9\x1fN\x1d\x02\x0eo\
\x08\xe0\xb3\x8f>\xe0\xa7\xd3'W\x99\xe9\xda\xa3\x86U\
\xe6\xbb\x1e\x04\x1b<_\x1do|w\xee\x8f\xd9_\x0e\
\x01\x87\x1b\x8d\xc6_\x1b\x01\x98\x9a\xfe\xf4\xe3\x7f\xf5s\
l}\xf25\x00\xe2\xb7\xda\x81\xff\xdd\xd7\xf1?M\xf0\
K\xb9\xe8F\x89\xaf\x00\x00\x00\x00IEND\xaeB\
`\x82\
\x00\x00\x042\
\x89\
PNG\x0d\x0a\x1a\x0a\x00\x00\x00\x0dIHDR\x00\
\x00\x00\x18\x00\x00\x00\x18\x08\x06\x00\x00\x00\xe0w=\xf8\
\x00\x00\x00\x04gAMA\x00\x00\xb1\x8f\x0b\xfca\x05\
\x00\x00\x00\x06bKGD\x00\xff\x00\xff\x00\xff\xa0\xbd\
\xa7\x93\x00\x00\x00\x09pHYs\x00\x00\x0b\x12\x00\x00\
\x0b\x12\x01\xd2\xdd~\xfc\x00\x00\x00\x07tIME\x07\
\xd2\x01\x07\x0b\x05\x06\xab\xd4\xb8\x1c\x00\x00\x03\xafID\
ATx\xda\xb5\x96\xcdKcW\x14\xc0\x7f\xf7F\x13\
4\x89\x93\x9a(\x88\x1f\x09\x8e\x8bn\x9c\xea\xe0\xc6'\
\xe8\x80n\x82\x10\x19\xacKu\xd1Yd\xd3.f\xe7\
j\x96\xb3\x18\x98\xbf\xa1\x9b\xa1\x8b0.J+hW\
\x82\xdf\xd2\x8e\x16A4~L\x05\xbf\x88\x08\xad!\xef\
\xf3\xbe\xd7\x8dy8\x1d\xa3\xa5\xd8\x0b\x07\x0e\xe7\x1d\xce\
\xef\x9es8\xe7>\xf8\x9f\x8f\xa8\xf4!\x9dNg\x0a\
\x85\xc2\x98i\x9a\x9a\xe38mJ)\x80#`\xe9\xd1\
\xa3G\xb9\xf5\xf5\xf5\x1f\xff\x13`||\xfc\xe9\xe6\xe6\
\xe6[)\xe5\xc0\xe0\xe0 O\x9e<!\x1e\x8f\xe3\xba\
.\x85B\x81\xb5\xb55fggq\x1cg\xbe\xb9\xb9\
\xf9\xe5\xea\xea\xeao\xff\x1a\xf0\xec\xd9\xb3\xcc\xe9\xe9\xe9\
{M\xd3\xaaFGGill\xa4\xba\xba\x1a!\x04\
\xae\xebb\xdb6\x86aprr\xc2\xbbw\xefX^\
^vb\xb1\xd8\xe8\xfe\xfe~\xc5l\x02eedd\
\xe4i>\x9f\xff\xe5\xf9\xf3\xe7U\x93\x93\x93$\x12\x09\
\xa2\xd1(\xf5\xf5\xf5$\x12\x09\x1a\x1a\x1a\x88\xc7\xe3D\
\x22\x11\x22\x91\x08\x9d\x9d\x9d\xe8\xba.766\xc6Z\
ZZ~\xbe\xbc\xbc<\xbd\x13`Y\xd6\x0f\x9a\xa6\xb5\
\xbfx\xf1\x82H$B,\x16\xa3\xa1\xa1\x81H$B\
(\x14\x22\x10\x08\x10\x08\x04\x08\x85BD\xa3Q\xc2\xe1\
0\x8f\x1f?fwwW\xee\xed\xed}i\x9a\xe6\xf7\
\xb7\x01$@WWW\xc6u\xdd\x81\x89\x89\x09jk\
k\x89\xc5b$\x12\x09\x82\xc1 \x81@\x00)%R\
J\x1f\x22\xa5$\x1c\x0e\xd3\xde\xdeN6\x9b\xc5\xf3\xbc\
\x81\xfa\xfa\xfaLE@\xa1P\x18\xcbd2455\
\x11\x0e\x87\xa9\xab\xabC\x08\x81\x94\x12!\xc4gr\x13\
\xda\xd5\xd5E:\x9dF\xd7\xf5\xb1\x8a\x00\xd34\xb5\xbe\
\xbe>\x82\xc1 \xd1h\x14!\x04\x9e\xe7\xe1y\xde'\
\xcee\xdbM\xbb\x10\x82\xa1\xa1!\x94R\xdam\x80*\
\x00\xa5T[kk+\xa1P\xc8\x0f><<\xec\x07\
\xb8\x0d\x90\xcb\xe5|\xbd\xa3\xa3\x03\xa0\xed.\x00B\x08\
\xaa\xaa\xaaPJ\xa1\x94\xc2\xf3<\x1fv\x1b@)\x85\
m\xdb8\x8e\x83m\xdb\x9fe\xfbO\xc0\xd1\xe1\xe1a\
{ss3\xb6m#\x84`zz\xda\xafu9\xb8\
\xeb\xba8\x8e\x83R\x0a\xc30\xb0m\x1b\xcb\xb2\xd8\xd9\
\xd9A)uT\xb1\x07\x9e\xe7-\xcd\xcd\xcda\x18\x06\
\x96ea\x9a&\x96e\xf9zY\xca6\xc30\xd0u\
\xdd\xb7\xcf\xce\xce\xe2\xba\xeeRE\x80\x942\x97\xcb\xe5\
\xc8\xe7\xf3\xe8\xbaN\xa9TB\xd7\xf5O\xc44MJ\
\xa5\x92/\xa6i\xa2\xeb:\xdb\xdb\xdb\xcc\xcc\xcc\x00\xe4\
*\x0e\x9aeY\x86\x10\xa2\xfb\xe0\xe0 588\x88\
\xeb\xbaX\x96\xe5\xaf\x07\xcb\xb2\xb0m\xdb\xcf\xa2\x0c+\
\x16\x8b\xbcz\xf5\x8a\xb3\xb3\xb3y`\xea\xaeI\xfeS\
J\xf9\xfb\xf1\xf1\xf17\xe7\xe7\xe7\xb2\xbb\xbb\xdbo^\
9\xa8\xae\xeb~yJ\xa5\x12WWW\xbcy\xf3\x86\
\xe5\xe5e\x07\xf8\x0e\xc8\xdf\xb9*\x5c\xd7\x0d\x0a!\xe6\
wvv\xc6>|\xf8 [[[\xa9\xa9\xa9\xf1\x83\
\x97\xeb],\x16\xd9\xda\xda\xe2\xf5\xeb\xd7\xac\xac\xac8\
@\x09\xf8\x1a\xb8\x04~\xbdo]'\x81\xb8\x10\xe2\xad\
\x94r\xa0\xbf\xbf\x9f\xde\xde^R\xa9\x14\x00\xfb\xfb\xfb\
,..\xb2\xb0\xb0\x000\x0f\xbc\x04\xde\x03_\x5c_\
\xf6\x02\xf8\x16\xf8\xe9\xbe\x07'\x09|\x05\x8c\x01\xda\x8d\
!:\x02\x96\xae\x1bz\x01\x1c\x03\xa4R\xa9-@|\
\xfc\xf8Q\x026\x90\xbe\xf6\xbb\xf7$\xef\x90\x9b>\x17\
\xd9l\xd6\xee\xe9\xe9\xd1\x81\xbf\xae\xcb\x96|\xc8\xa77\
\x09\x5cMMM)M\xd3\x1c\xe0\x0a(>$\xa4\x9c\
\x95\x91\xcdf\xedd2i?4\xe0&\xe4\x14P\xc0\
\x00\x90\x14\x0f\xfc\x97r\xf3\xc6\x7f\x00\xfc\x0d\x91\xe4\x07\
Xc\x81\xe3\x00\x00\x00\x00\x00IEND\xaeB`\
\x82\
\x00\x00\x04O\
\x89\
PNG\x0d\x0a\x1a\x0a\x00\x00\x00\x0dIHDR\x00\
\x00\x00\x16\x00\x00\x00\x16\x08\x06\x00\x00\x00\xc4\xb4l;\
\x00\x00\x00\x06bKGD\x00\xff\x00\xff\x00\xff\xa0\xbd\
\xa7\x93\x00\x00\x00\x09pHYs\x00\x00\x0b\x13\x00\x00\
\x0b\x13\x01\x00\x9a\x9c\x18\x00\x00\x00\x07tIME\x07\
\xd7\x09\x08\x0c$\x01\x84\xbe\xe4\xfd\x00\x00\x00\x0ftE\
XtComment\x00id log\
o\x86\xc6w\xb9\x00\x00\x03\xc1IDAT8\xcb\xad\
\x95Kh\x5cU\x18\xc7\x7f\xe7\xcc\xcdL&\x89\xd5\x98\
\x92\x966N\xd3\x18\xd1\xb6\x98\xfa\x98&\xa8\xf8\xc0B\
\xa5IK}`u\xa3(*\xa5\x10\x1fP\x95n\x14\
\xba\x91.\x04\x17\x8a\xee|\xe0\x83*B\xab\xd0\x04R\
\x92X\x8a\x8b\xf4\x11\xfbHfH\x86V\xdb\x8ad\xd3\
66\x93\xcc\xbd3w\xce\xdf\xc5\xcc$i\x1a\x5ch\
\xff\xf0q\xee\xe2\xf0?\xbf\xef;\xdfw.\x80\xfa\xfa\
{t#V\xe6\xab\xaf\xbfG7Be\xf3Y\x19@\
\x92\x18M\x9f~E\xc2\x97T\x90\x08$\x85\xc2\x15\x91\
\x9c\x04\xc6`\x9d\xa3\x0a\xc9\x93QTR\x14\x88K\x8a\
m\xb8\xaf\xe3ccL\xc5\x0f\x00\xaf\xaf\xbf\x07J\xee\
\x01\x98@\x92/\x91\x07\x15@a\xf0\xe7\x87[\x9c\xff\
\xfb\xb3\xb8 \x81\xad\xbd`\xe2w\xfe\xec-\xdf1\x08\
\x08\xc9H2\xe5\xcc\xd9\xb4\xb1\xf3z\xe23\xa3'\xb7\
\x83\xc99\xa7\x1c(\x90\x94\x0f\xce\xef\xd9\x12\x8fN\xbc\
\xd7\xbc\xfe%0\x11\x9cs\x9c?\xf3=3\xe1\xea\x8f\
\xbc\xe5;~A\x8a;)\xde\x91|\xe0\x8b\x85\xc4\xb6\
B\x0c&\x00\x05@ \xf0\x81\x5cq&\xf5\x5c\xcb=\
/\xf0k\xda'\x12\x0e\x11q\xc3\xacZ\xfb\x18\xca\xa5\
\xb7\xc9)(eF\xa1B<_\xde\xa6\x8d\x9dHB\
(<\xf7\xf2\xab}.\xe7\xe3\xfc\x00\xe5\x03\x5c\xbe\xc0\
\xc5\xe2\x1ez_\xdbE\xd3-\xb5\xb44f\x915P\
\x9cN\x08B \x94\x08\x81k\xca\xb0\xb0\xc6\xa1\xc2\x22\
\x0f%\x12\x98 \xc0\x06yL!\xcf\x13K7S\x18\
\x8f\xf0\xc6'+8\xf8\xc14\x84y0\xf6\x0fJ\xc6\
EIn\xb1\x1a\xcf\x12\x1b!$p\x8e\x8b\x99\x0c\xe4\
r\xa4\xeex\x90\xab&F\xc3\xd2\x95\x5c\xbe\xf4\x17\x83\
\xa3\xb7\xd1\x14|\x06\xd1\xc4>$\x012\xa6d\xbc\x90\
\xd8\xce\x11\x97:\xfc\xea\xe4d\xf9\x0e\x0c\x87\xe2\x09\x1a\
\x9aV\x11LOQ\xbfl%\xdf\x1eHMO\xfb\xf5\
\xefGV\xec>P\xe2P\xd9\xff\xfa\x1a\xdb\xcaI\x0e\
E\x8c\xb1\xc8\x18\x96,m`l\xfd\xe3\x9c\xaeo&\
\xea\x19\xacB\x22\x11\xc3\xd9\xcb\xcd\xb1o2o\xe6\x05\
\x11I\x16d\xe4\xb0\xffJ\x0cxx\x11F\xb2YN\
MMq0\xb6\x9ce\x89&\x94\x9f!Veq\xc1\
\x0c\xb766zc\x99\x8b\xef <\xc0\x13xG\x8f\
\x9fH,F<\xdb\xc7\xbf\x9d:\xf1$\xe0;\xe7f\
\x06\xcf\x5cY}\xf0\xf0\xf8\xe7\xf1%\xf5\x91\xca\x9c\x1a\
\x03\x9e5\xf8SW\xc2\xaeGZ\xbb\xdb[\xeb.\x08\
\xd5\xec\xec\xde\xf5\xe3\xfe\x1f\xf6q{K\xcb\xe2},\
\xb9\x98\x93b\x82\xeas\x13\xfe\xd3\xd1*\x1b\xc9OO\
\x12L]\x99\x8b\xec$\x9eg\xbd\xb3\x13\xfeVI1\
\xa0\x0a\xe0\xa9\xed\xcf\xf3\xf5w_-N|\xe2\xe4\xb1\
\x17K#\xed|\xa4@\xa8\xd4\xa3\xc2I2B\x16\xc9\
\x93\xa8\x12\x8a\x22U\x03\xd5;_\x7f\xfb\xcb\xa1#\x87\
\xe9x\xf8Q\x9cs\xebF\x86\x8f\x8f\x01\xc5\xf9\x93\x17\
+o\x8e\x035\x88\x1aP\xadP\x9d\xa4\x1a\xa0\x12q\
 .\xa8\xa6\x14\xa4\xd3i\x86\x8e\x1c\xc6Z;\xda\xba\
f\xed\xbd\x15\xea\xff\xf5\x5c\xb6%\xdb%I\xe3\xe3c\
\xcaf\xb3jK\xb6\xab-\xd9\xbe\xc6\xf6\xf5\xf7`\x8c\
\xe1\xd0@\xef\x7fZ+\xaa\xab\xbb\x89Lf\x8c\xde\x9f\
\xf6\x03\xa4\x0cP\x0f\xdc\x5c\x8eZ\xe6R\x8c\x02\x16p\
\xb3\x133\xa7\x22\x10\x00\xf9\xb6d{\xff\xa9cC\x00\
\x0c\x0c\x0c\xf0\xd6\xbb\xbb3\xc6\x98m\x1ep\x15\xc8\x01\
\x97\x00\xaf|\xd3\xd1\xf2\xb7-\xffr\xae\xfd\xed\x94\x0e\
+V^\xb6\xf5\x1b:xfk\x17\xdd\xdd\xdd\x7f\xdf\
\x7f\xf7\xba\xf4\xf0Hj\xafW\xdeP\xa4\xf4T2\x8f\
\xceV\xee\xa0\xd2=\x0b\x8c+\xd9p\xfa\xf8Q\x0b\x1c\
H&\x93[:;;\xef\x1a\x1eI5\x18n\x90\xda\
\x92\xed]\xc0\xa7e\xc0\xbd\xff\x00|\x02\xcd\x92\x88<\
\x0a\x8c\x00\x00\x00\x00IEND\xaeB`\x82\
\x00\x00\x0a\xa9\
o\
penFile=\xe6\x89\x93\xe5\xbc\x80\xe6\x96\
\x87\xe4\xbb\xb6\x0d\x0aopenFileDe\
tail=\xe6\x89\x93\xe5\xbc\x80\xe5\x9b\xbe\xe5\x83\
\x8f\xe6\x96\x87\xe4\xbb\xb6\x0d\x0aquit=\xe9\x80\
\x80\xe5\x87\xba\x0d\x0aquitApp=\xe9\x80\
\x80\xe5\x87\xba\xe7\xa8\x8b\xe5\xba\x8f\x0d\x0aopen\
Dir=\xe6\x89\x93\xe5\xbc\x80\xe7\x9b\xae\xe5\xbd\x95\
\x0d\x0acopyPrevBoundi\
ng=\xe5\xa4\x8d\xe5\x88\xb6\xe5\xbd\x93\xe5\x89\x8d\xe5\
\x9b\xbe\xe5\x83\x8f\xe4\xb8\xad\xe7\x9a\x84\xe4\xb8\x8a\xe4\xb8\
\x80\xe4\xb8\xaa\xe8\xbe\xb9\xe7\x95\x8c\xe6\xa1\x86\x0d\x0ac\
hangeSavedAnnota\
tionDir=\xe6\x9b\xb4\xe6\x94\xb9\xe4\xbf\
\x9d\xe5\xad\x98\xe6\xa0\x87\xe7\xad\xbe\xe6\x96\x87\xe4\xbb\xb6\
\xe7\x9a\x84\xe9\xa2\x84\xe8\xae\xbe\xe7\x9b\xae\xe5\xbd\x95\x0d\
\x0aopenAnnotation=\
\xe5\xbc\x80\xe5\x90\xaf\xe6\xa0\x87\xe7\xad\xbe\x0d\x0aop\
enAnnotationDeta\
il=\xe6\x89\x93\xe5\xbc\x80\xe6\xa0\x87\xe7\xad\xbe\xe6\
\x96\x87\xe4\xbb\xb6\x0d\x0achangeSav\
eDir=\xe6\x94\xb9\xe5\x8f\x98\xe5\xad\x98\xe6\x94\
\xbe\xe7\x9b\xae\xe5\xbd\x95\x0d\x0anextImg\
=\xe4\xb8\x8b\xe4\xb8\x80\xe4\xb8\xaa\xe5\x9b\xbe\xe5\x83\x8f\
\x0d\x0anextImgDetail=\
\xe4\xb8\x8b\xe4\xb8\x80\xe4\xb8\xaa\xe5\x9b\xbe\xe5\x83\x8f\x0d\
\x0aprevImg=\xe4\xb8\x8a\xe4\xb8\x80\xe4\
\xb8\xaa\xe5\x9b\xbe\xe5\x83\x8f\x0d\x0aprevIm\
gDetail=\xe4\xb8\x8a\xe4\xb8\x80\xe4\xb8\
\xaa\xe5\x9b\xbe\xe5\x83\x8f\x0d\x0averifyI\
mg=\xe9\xaa\x8c\xe8\xaf\x81\xe5\x9b\xbe\xe5\x83\x8f\x0d\
\x0averifyImgDetail\
=\xe9\xaa\x8c\xe8\xaf\x81\xe5\x9b\xbe\xe5\x83\x8f\x0d\x0as\
ave=\xe4\xbf\x9d\xe5\xad\x98\x0d\x0asave\
Detail=\xe4\xbf\x9d\xe5\xad\x98\xe6\xa0\x87\
\xe7\xad\xbe\xe6\x96\x87\xe4\xbb\xb6\x0d\x0achang\
eSaveFormat=\xe6\x9b\xb4\xe6\
\x94\xb9\xe5\xad\x98\xe5\x82\xa8\xe6\xa0\xbc\xe5\xbc\x8f\x0d\x0a\
saveAs=\xe5\x8f\xa6\xe5\xad\x98\xe4\xb8\xba\
\x0d\x0asaveAsDetail=\xe5\
\xb0\x87\xe6\xa0\x87\xe7\xad\xbe\xe4\xbf\x9d\xe5\xad\x98\xe5\x88\
\xb0\xe5\x85\xb6\xe4\xbb\x96\xe6\x96\x87\xe4\xbb\xb6\x0d\x0ac\
loseCur=\xe5\x85\xb3\xe9\x97\xad\xe6\x96\
\x87\xe4\xbb\xb6\x0d\x0acloseCurDe\
tail=\xe5\x85\xb3\xe9\x97\xad\xe5\xbd\x93\xe5\x89\
\x8d\xe6\x96\x87\xe4\xbb\xb6\x0d\x0adeleteI\
mg=\xe5\x88\xa0\xe9\x99\xa4\xe5\x9b\xbe\xe5\x83\x8f\x0d\
\x0adeleteImgDetail\
=\xe5\x88\xa0\xe9\x99\xa4\xe5\xbd\x93\xe5\x89\x8d\xe5\x9b\xbe\
\xe5\x83\x8f\x0d\x0aresetAll=\xe5\x85\
\xa8\xe9\x83\xa8\xe9\x87\x8d\xe7\xbd\xae\x0d\x0arese\
tAllDetail=\xe9\x87\x8d\xe7\xbd\
\xae\xe6\x89\x80\xe6\x9c\x89\xe8\xae\xbe\xe5\xae\x9a\x0d\x0ab\
oxLineColor=\xe5\x8c\xba\xe5\
\x9d\x97\xe7\xba\xbf\xe6\x9d\xa1\xe9\xa2\x9c\xe8\x89\xb2\x0d\x0a\
boxLineColorDeta\
il=\xe9\x80\x89\xe6\x8b\xa9\xe7\xba\xbf\xe6\xa1\x86\xe9\
\xa2\x9c\xe8\x89\xb2\x0d\x0acrtBox=\xe5\x88\
\x9b\xe5\xbb\xba\xe5\x8c\xba\xe5\x9d\x97\x0d\x0acrtB\
oxDetail=\xe5\x88\x9b\xe5\xbb\xba\xe4\
\xb8\x80\xe4\xb8\xaa\xe6\x96\xb0\xe7\x9a\x84\xe5\x8c\xba\xe5\x9d\
\x97\x0d\x0adelBox=\xe5\x88\xa0\xe9\x99\xa4\
\xe9\x80\x89\xe6\x8b\xa9\xe7\x9a\x84\xe5\x8c\xba\xe5\x9d\x97\x0d\
\x0adelBoxDetail=\xe5\x88\
\xa0\xe9\x99\xa4\xe5\x8c\xba\xe5\x9d\x97\x0d\x0adupB\
ox=\xe5\xa4\x8d\xe5\x88\xb6\xe5\x8c\xba\xe5\x9d\x97\x0d\
\x0adupBoxDetail=\xe5\xa4\
\x8d\xe5\x88\xb6\xe5\x8c\xba\xe5\x9d\x97\x0d\x0aedit\
Box=\xe7\xbc\x96\xe8\xbe\x91\xe5\x8c\xba\xe5\x9d\x97\
\x0d\x0aeditBoxDetail=\
\xe7\xbc\x96\xe8\xbe\x91\xe5\x8c\xba\xe5\x9d\x97\x0d\x0ahi\
deAllBox=\xe9\x9a\x90\xe8\x97\x8f\xe6\
\x89\x80\xe6\x9c\x89\xe5\x8c\xba\xe5\x9d\x97\x0d\x0asho\
wAllBox=\xe6\x98\xbe\xe7\xa4\xba\xe6\x89\
\x80\xe6\x9c\x89\xe5\x8c\xba\xe5\x9d\x97\x0d\x0atuto\
rialDefault=YouT\
ube\xe6\x95\x99\xe5\xad\xa6\x0d\x0atutor\
ialChrome=YouTub\
e\xe6\x95\x99\xe5\xad\xa6(Chrome)\x0d\
\x0atutorialDetail=\
\xe6\x98\xbe\xe7\xa4\xba\xe7\xa4\xba\xe8\x8c\x83\xe5\x86\x85\xe5\
\xae\xb9\x0d\x0ainfo=\xe7\x89\x88\xe6\x9c\xac\xe4\
\xbf\xa1\xe6\x81\xaf\x0d\x0ashortcut=\
\xe5\xbf\xab\xe6\x8d\xb7\xe9\x94\xae\x0d\x0azoomi\
n=\xe6\x94\xbe\xe5\xa4\xa7\xe7\x94\xbb\xe9\x9d\xa2\x0d\x0a\
zoominDetail=\xe6\x94\xbe\
\xe5\xa4\xa7\xe7\x94\xbb\xe9\x9d\xa2\x0d\x0azoomo\
ut=\xe7\xbc\xa9\xe5\xb0\x8f\xe7\x94\xbb\xe9\x9d\xa2\x0d\
\x0azoomoutDetail=\xe7\
\xbc\xa9\xe5\xb0\x8f\xe7\x94\xbb\xe9\x9d\xa2\x0d\x0aori\
ginalsize=\xe5\x8e\x9f\xe5\xa7\x8b\
\xe5\xa4\xa7\xe5\xb0\x8f\x0d\x0aoriginal\
sizeDetail=\xe6\x94\xbe\xe5\xa4\
\xa7\xe5\x88\xb0\xe5\x8e\x9f\xe5\xa7\x8b\xe5\xa4\xa7\xe5\xb0\x8f\
\x0d\x0afitWin=\xe8\xb0\x83\xe6\x95\xb4\xe5\
\x88\xb0\xe7\xaa\x97\xe5\x8f\xa3\xe5\xa4\xa7\xe5\xb0\x8f\x0d\x0a\
fitWinDetail=\xe7\xbc\xa9\
\xe6\x94\xbe\xe5\x88\xb0\xe5\xbd\x93\xe5\x89\x8d\xe7\xaa\x97\xe5\
\x8f\xa3\xe5\xa4\xa7\xe5\xb0\x8f\x0d\x0afitWid\
th=\xe7\xbc\xa9\xe6\x94\xbe\xe5\x88\xb0\xe8\xb7\x9f\xe5\
\xbd\x93\xe5\x89\x8d\xe7\x94\xbb\xe9\x9d\xa2\xe4\xb8\x80\xe6\xa0\
\xb7\xe5\xae\xbd\x0d\x0afitWidthDe\
tail=\xe8\xb0\x83\xe6\x95\xb4\xe5\xae\xbd\xe5\xba\
\xa6\xe9\x80\x82\xe5\xba\x94\xe5\x88\xb0\xe7\xaa\x97\xe5\x8f\xa3\
\xe5\xae\xbd\xe5\xba\xa6\x0d\x0alightbri\
ghten=\xe6\x8f\x90\xe4\xba\xae\x0d\x0ali\
ghtbrightenDetai\
l=\xe5\xa2\x9e\xe5\x8a\xa0\xe5\x9b\xbe\xe5\x83\x8f\xe4\xba\
\xae\xe5\xba\xa6\x0d\x0alightdarke\
n=\xe5\x8f\x98\xe6\x9a\x97\x0d\x0alightd\
arkenDetail=\xe9\x99\x8d\xe4\
\xbd\x8e\xe5\x9b\xbe\xe5\x83\x8f\xe4\xba\xae\xe5\xba\xa6\x0d\x0a\
lightreset=\xe5\x8e\x9f\xe5\xa7\
\x8b\xe4\xba\xae\xe5\xba\xa6\x0d\x0alightre\
setDetail=\xe6\x81\xa2\xe5\xa4\x8d\
\xe5\x8e\x9f\xe6\x9d\xa5\xe7\x9a\x84\xe4\xba\xae\xe5\xba\xa6\x0d\
\x0alightWidgetTitl\
e=\xe5\x9b\xbe\xe5\x83\x8f\xe4\xba\xae\xe5\xba\xa6\x0d\x0a\
editLabel=\xe7\xbc\x96\xe8\xbe\x91\
\xe6\xa0\x87\xe7\xad\xbe\x0d\x0aeditLabe\
lDetail=\xe4\xbf\xae\xe6\x94\xb9\xe5\xbd\
\x93\xe5\x89\x8d\xe6\x89\x80\xe9\x80\x89\xe7\x9a\x84\xe5\x8c\xba\
\xe5\x9d\x97\xe9\xa2\x9c\xe8\x89\xb2\x0d\x0ashape\
LineColor=\xe5\xbd\xa2\xe7\x8a\xb6\
\xe7\xba\xbf\xe6\x9d\xa1\xe9\xa2\x9c\xe8\x89\xb2\x0d\x0ash\
apeLineColorDeta\
il=\xe6\x9b\xb4\xe6\x94\xb9\xe7\xba\xbf\xe6\x9d\xa1\xe9\
\xa2\x9c\xe8\x89\xb2\x0d\x0ashapeFill\
Color=\xe5\xa1\xab\xe5\x85\x85\xe9\xa2\x9c\xe8\
\x89\xb2\x0d\x0ashapeFillCol\
orDetail=\xe6\x9b\xb4\xe6\x94\xb9\xe5\
\xa1\xab\xe5\x85\x85\xe9\xa2\x9c\xe8\x89\xb2\x0d\x0asho\
wHide=\xe6\x98\xbe\xe7\xa4\xba/\xe9\x9a\x90\
\xe8\x97\x8f\xe6\xa0\x87\xe7\xad\xbe\x0d\x0auseDe\
faultLabel=\xe4\xbd\xbf\xe7\x94\
\xa8\xe9\xa2\x84\xe8\xae\xbe\xe6\xa0\x87\xe7\xad\xbe\x0d\x0au\
seDifficult=\xe6\x9c\x89\xe9\
\x9a\xbe\xe5\xba\xa6\xe7\x9a\x84\x0d\x0aboxLab\
elText=\xe5\x8c\xba\xe5\x9d\x97\xe7\x9a\x84\
\xe6\xa0\x87\xe7\xad\xbe\x0d\x0alabels=\xe6\
\xa0\x87\xe7\xad\xbe\x0d\x0aautoSaveM\
ode=\xe8\x87\xaa\xe5\x8a\xa8\xe4\xbf\x9d\xe5\xad\x98\
\xe6\xa8\xa1\xe5\xbc\x8f\x0d\x0asingleCl\
sMode=\xe5\x8d\x95\xe4\xb8\x80\xe7\xb1\xbb\xe5\
\x88\xab\xe6\xa8\xa1\xe5\xbc\x8f\x0d\x0adispla\
yLabel=\xe6\x98\xbe\xe7\xa4\xba\xe7\xb1\xbb\
\xe5\x88\xab\x0d\x0afileList=\xe6\x96\
\x87\xe4\xbb\xb6\xe5\x88\x97\xe8\xa1\xa8\x0d\x0afile\
s=\xe6\x96\x87\xe4\xbb\xb6\x0d\x0aadvanc\
edMode=\xe4\xb8\x93\xe5\xae\xb6\xe6\xa8\xa1\
\xe5\xbc\x8f\x0d\x0aadvancedMod\
eDetail=\xe5\x88\x87\xe6\x8d\xa2\xe5\x88\
\xb0\xe4\xb8\x93\xe5\xae\xb6\xe6\xa8\xa1\xe5\xbc\x8f\x0d\x0as\
howAllBoxDetail=\
\xe6\x98\xbe\xe7\xa4\xba\xe6\x89\x80\xe6\x9c\x89\xe5\x8c\xba\xe5\
\x9d\x97\x0d\x0ahideAllBoxDe\
tail=\xe9\x9a\x90\xe8\x97\x8f\xe6\x89\x80\xe6\x9c\
\x89\xe5\x8c\xba\xe5\x9d\x97\x0d\x0amenu_fi\
le=\xe6\x96\x87\xe4\xbb\xb6(&F)\x0d\x0am\
enu_edit=\xe7\xbc\x96\xe8\xbe\x91(\
&E)\x0d\x0amenu_view=\xe6\
\x9f\xa5\xe7\x9c\x8b(&V)\x0d\x0amenu_\
help=\xe5\xb8\xae\xe5\x8a\xa9(&H)\x0d\
\x0amenu_openRecent\
=\xe6\x9c\x80\xe8\xbf\x91\xe6\x89\x93\xe5\xbc\x80(&R\
)\x0d\x0achooseLineCol\
or=\xe9\x80\x89\xe6\x8b\xa9\xe7\xba\xbf\xe6\x9d\xa1\xe9\
\xa2\x9c\xe8\x89\xb2\x0d\x0achooseFil\
lColor=\xe9\x80\x89\xe6\x8b\xa9\xe5\xa1\xab\
\xe5\x85\x85\xe9\xa2\x9c\xe8\x89\xb2\x0d\x0adrawS\
quares=\xe7\xbb\x98\xe5\x88\xb6\xe6\xad\xa3\
\xe6\x96\xb9\xe5\xbd\xa2\x0d\x0a\
\x00\x00w\xc9\
\x89\
PNG\x0d\x0a\x1a\x0a\x00\x00\x00\x0dIHDR\x00\
\x00\x01*\x00\x00\x01\x08\x08\x06\x00\x00\x00\xe8^\xb9\x12\
\x00\x00\x00\x04gAMA\x00\x00\xb1\x8f\x0b\xfca\x05\
\x00\x00\x00\x01sRGB\x00\xae\xce\x1c\xe9\x00\x00\x00\
 cHRM\x00\x00z&\x00\x00\x80\x84\x00\x00\xfa\
\x00\x00\x00\x80\xe8\x00\x00u0\x00\x00\xea`\x00\x00:\
\x98\x00\x00\x17p\x9c\xbaQ<\x00\x00\x00\x06bKG\
D\x00\xff\x00\xff\x00\xff\xa0\xbd\xa7\x93\x00\x00\x00\x09p\
HYs\x00\x00\xd0\xcb\x00\x00\xd0\xcb\x01\x9f\x0e\xc0#\
\x00\x00u\xdeIDATx\xda\xed\xbdg\xb4$\xd7\
u\xdf\xfb?\xd5\xf1\xe6\x1c&\x03\x18`0\x18\x0cf\
\x10\x07\x83\x9c\x01\x82\x14I\x91\x22)=*\xd9\xb2l\
S\x92m\xc9\xb2\xadg9+X\x8e\x1f\xfc\xd6\xfb`\
\xd9~^\x96\xc3\xf22-J\xccI\x94ER$E\
\x10\x04\x88\x8c\xc1\x00\x83\xc97\xe7{\xfbv\xee:\xef\
C\xa5\x93\xab\xaa\xc3\x0d\x83\xda\xc0\x9d\xee:g\x9fP\
\xe9\xd7\xfb\xec\x93\x08\x12Id\x9bd\xf2\xf4\xa7\xbc\xaf\
\x07\x00\xfc,\x80O\x02\xe8\x02\xf0\x1a\x80\x7f\x07\xe0[\
\x000\xfb\xdc\xefowU\x13\xd9f!\xdb]\x81D\
\xde\x9b\xc2@\xea$\x80\x7f\x09\xe0\x09\x00\x19F\xe5U\
\x00\x7f\x1d\xc0s@\x02\xab\xf7\xbaX\xdb]\x81D\xde\
{\xe2B\x8a\x00x\x0a\xc0\x1f\x00x\x1fxH\x01\xc0\
\x098\xa0\xca\xc4\xc9;\x91kS\x12P%\xb2\xa5\xe2\
B*\x03\xe0g\x00\xfc'\x00\xb7\x1b\xd4o\x070\xb0\
\xdduNd\xfb%\x01U\x22[&.\xa4\xfa\x00\xfc\
:\x80\xff\x07\xc0\xa1\x90$=\xee_\x22\xefqIo\
w\x05\x12yo\x88\x0b\xa9q\x00\xff\x08\xc0/\xc2q\
\x9a'\x92H$I@\x95HG\x85q\x9a\xdf\x04\xc7\
i\xfe!$\xcf]\x221%y`\x12\xe9\x980\x90\
:\x0d\xe0\xdf\x02x`\xbb\xeb\x94\xc8\xee\x94\xc4G\x95\
HG\xc4\x85\x94\x05\xe0\xc3\x00\xfe\x0b\x12H%\xd2\x82\
$\xa0J\xa4\xed\xe2B*\x0f\xe0\xaf\x01\xf8}\x00G\
\xb7\xbbN\x89\xecnI\x9a~\x89\xb4U\x5cH\x0d\x02\
\xf8;\x00~\x15N/_\x22\x89\xb4$\x09\xa8\x12i\
\x8b0\xfe\xa8\xfd\x00~\x1b\xc0O\x03\xc8\x9a\xd2P\x00\
)+\x05\xdbnlw\xf5\x13\xd9\xe1\x924\xfd\x12i\
Y\x18H\xdd\x06g\x10\xe7\xcf\xc3\x00)J)R\xa9\
\x14\xee\xb9\xf38\xf6\xee\xdf\x0fJ\xe9v\x9fB\x22;\
\x5c\x12P%\xd2\x920\xd3a\x1eG0\x1dF\xfb\x5c\
QJ\xd1\xd5\x95\xc7G\xdf\xff \xfe\xd2\xc7\x9fB\x7f\
_\x0f\x12N%\x12&I\xd3/\x91\xa6\xc5\x85T\x1a\
\xc0\xc7\x01\xfcs\x00\xd7\x9b\xf4m\x9bbh\xb0\x0f?\
\xf5\xe1G\xf1\xf4\xc3\xb7c\xa3TO\xac\xa9D\x22I\
\x02\xaaD\x9a\x12\x17R=\x00~\x09\xc0\xdf\x070b\
\xd2\xb7m\x8a}{\xc6\xf0\xf3\x9fx\x0a\xa7o\xbf\x09\
)\xcb\x02\xa5\xb5\xed>\x8dDv\x89$\xa0J$\xb6\
\xb8\x90\x1a\x05\xf0\x0f\xe1\x0cA\xe86\xe9SJq\xcb\
\x91C\xf8K\x9fx\x0a\xc7n:\x00P\x8a\xc4\x8eJ\
$\x8e$\xa0J$\xb20N\xf3\xc3\x00~\x0f\xc0G\
ax\x86(\xa5 \xc4\xc2\xe9\xbb\x8e\xe1\xe7>\xf6\x04\
\x0e\xec\x19\x86Mi\xb2\x08Z\x22\xb1%\x01U\x22\x91\
\x84\x81\xd4=p\xa6\xc3<l\xd2\xa7\x94\x22\x93\xc9\xe0\
\x89\x87\xee\xc4O}\xe8a\x8c\x0c\xf4\xc0\xb6)@\x00\
\x0a\xe2\xc0\xca3\xab\x12r%\x12\x22\x09\xa8\x12\x09\x15\
f:\xcc\xb3\x00\xfe5\x80c&}\x9bR\xf4\xf6t\
\xe1\xc3\xcf<\x80\x0f=u\x0a\xdd\xf9,l\xcfiN\
\x01\x10\xa7\xe9\x974\xff\x12\x89*\x09\xa8\x121\x8a\x0b\
\xa9\x1c\x9c5\xcd\x7f\x0b\xc0^\x93\xbemS\x8c\x8e\x0c\
\xe2\x93\x1fy\x1c\x8f\x9c\xbe\x15\x99tJn\xeeQ\xff\
\x9fD\x12\x89$\x09\xa8\x12\xd1\x8a\x0b\xa9\x01\x00\xbf\x06\
g\xb1\xbb~\x93\xbeM)\x0e\x1d\x98\xc4\xcf\x7f\xfc)\
\xdcu\xfc\x06\x10\x02\x7f\xf8\x01\x85\xba\x85\x97\xe0*\x91\
(\x92\x80*\x11I\x18\x7f\xd4^\x00\xff\x0c\xc0\xcf\xc1\
\xb1\xaa\xb4B)p\xe2\x96\xc3\xf8\xb9\x8f?\x89#\xd7\
\xed\x01\xa5\xd4\x19\xc8\xc9\xd0)qI%\xd2\xac$\xa0\
J\x84\x13\x06R\xc7\xe0\xf8\xa3\x9eE\xc8Hs+\x95\
\xc2\x83\xf7\x1c\xc7O\x7f\xe41\xec\x19\x1b\xf4\xfdQ:\
\x87\xb9\x17\x9bXS\x89D\x95\x04T\x89\xf8\xc2@\xea\
a8={\xf7\x98\xf4)\xa5\xc8\xe5\xb2x\xe6\xd1{\
\xf0\xb1\x0f<\x80\xfe\xde.\xd8\xd4\x86G%\xce\xa0R\
\xb5\xfd\x12_U\x22\x11%\x01U\x22\x00\xb8\xe90\x1f\
\x853F\xea\xb0I\xdf\xb6)\x06\xfa{\xf1\xd1\x0f<\
\x84\xf7=r\x07\xf2\xb9\x0c3\x1d&\xa0\x12gPI\
\xd6U\x02\xa9D\xa2I\x02\xaaD<Hu\xc3\x19e\
\xfe\x0f\xe1\x8c:\xd7\x8amSLN\x8c\xe0\xa7?\xfa\
\x04\xee\xbf\xf3f\xa4R\x04\xb6MA\xe4\xae=\x18\x81\
\x95H\x22\x11%\x01\xd5{X\x98\xa6\xde0\x80\xdf\x04\
\xf0\xcb\x880\x1d\xe6\xc6\x1b\xf6\xe3\xe7?\xf6\x14\x8e\xdf\
|\x10\x00\xf5W?\xf0>#\x03+\x91D\x22J\x02\
\xaa\xf7\xa80\x90\xba\x0eNS\xef\xe3\x88\xf0<\xdcy\
\xe2f\xfc\xecO<\x81\xeb\xf6\x8d\xf1+\x1f\xb0\xcer\
\xea\xc0\xaa\xd1\xa0\xb0)E&mA\x05\xac\xc4E\x95\
HTI@\xf5\x1e\x14\x06Rw\xc2q\x9a?\x0a\x83\
\x91C)E:\x9d\xc6#\xf7\x9d\xc4O~\xe8\x11\x8c\
\x0e\xf5\xf1={\x00\xe7,'\x00*\xd5\x06\xa6\x16\x0b\
\xe8\xef\xc9al \xcf\xf0(!S\x22\xf1%\x01\xd5\
{L\x98\x85\xee\x9e\x813\xfc\xe06\x93>\xa5\x14\xdd\
]y\xbc\xff\xc9\xd3\xf8\xd0S\xf7\xa2\xa7;\xc7\x8d4\
W\xf5\xecm\x96k\xb8<\xbf\x81\x8db\x0d}\xddY\
\x0d\x9a\xa8\xf7\x7f\x22\x89\x84J\x02\xaa\xf7\x90\xb8\x90\xca\
\xc2Y\xcf\xfc\xb7\xe1\xaco\xae\x15\x9bR\x0c\x0f\xf6\xe3\
\xe3\x1f|\x14\x8f\xddw\x1c\xd9L\x9a\x19i\xee\xe0\x89\
\x80o\xd4\xad\x15*\xb8<\xb7\x8eb\xa5\x0e\xcb\x0a\x8c\
4\xae\x95\x988\xa8\x12\x89)\x09\xa8\xde\x03\xc24\xf5\
\xfa\xe0\xec\x0c\xf3w\xe1L\x8d\xd1\x0a\xa5\x14\x07\xf6\x8e\
\xe3\xa7?\xfa$\xee\xba\xed0,f:\x0c\xdbu\xe7\
\xad\x84@)\xb0\xb0^\xc4\xd5\x85\x02\xaa\xb5\x86\x1f\xa6\
\x9a}\xcc\xceON$\x91(\x92\x80\xea\x1a\x17\x06R\
\x93\x00\xfe)\x80\xbf\x8c\x08\xd3an9r=~\xe6\
'\x9e\xc0\xcd7\xecu\xa6\xc3@7x\x93\xa2aS\
\xcc.\x171\xb3T@\xbd\xe1\x0cS\xf0T\xa82\x0d\
\xe0\xae\xf7\x92H\x22\x91$\x01\xd55,\x0c\xa4n\x06\
\xf0\xaf\x00\xfc\x18\x80\x94N\x9fR \x95\x22\xb8\xe7\x8e\
c\xf8\xe4\x8f?\x86}\x13C\xc1\xf2,\x90\xc7B\x11\
\x02T\xeb6\xa6\x1660\xbfZ\x027\xde\x13\x00%\
|\xba\x04L\x894+\x09\xa8\xaeQa \xf5\x00\x9c\
\x9e\xbd\xd3&}J)\xb2\xd9,\x9ex\xe8.|\xf4\
\xfd\x0f`\xa8\xaf\xdb_\xe8N\xd2\x85\x13\x5c\xac\xd4q\
yn\x03\xab\x85\xb2\x14\x0f\x10\x10\xa6\xd9\xa7\x1a?\x95\
,H\x9cHTI@u\x0d\x8a\x0b\xa9\x14\x80\x0f\x03\
\xf8\x97\x00n2\xe9SJ\xd1\xd7\xdb\x83\x0f>s?\
\xde\xf7\xc8]\xe8b\x16\xba#\x9a\xf5Y\xd6\x8bU\x5c\
\x9e[\xc7F\xa9\xc6E\x13\xa6IH\xdd\x7fY\x1c%\
hJ\xa4\x19I@u\x8d\x89\x0b\xa9<\x80_\x04\xf0\
\x8f\x01\x8c\x9b\xf4)\xa5\x18\x1b\x1d\xc6O~\xf8Q<\
p\xd7Q\xa4\xd3)Pqb\xb1`\x0e-\xaf\x97p\
yn\x03\xa5j\x83\xf3G9\xf9\xb9\xaa\x02\xdc\x04/\
W22=\x91X\x92\x80\xea\x1a\x11\xa6\xa97\x04\xe0\
7\x00\xfcM8\xdbYi\x85R\x8a\xeb\x0f\xed\xc3'\
?\xf28N\x1c=\xc4-t\xc76\xd6<\xc4\xd86\
\xc5\xdcJ\x11S\x0b\x1b\xa85l\xd7W\xe5\x02\x8d\x19\
\xec\xe9\xe4\xcd\xe4\x22\xe5\xe9v\x06&\xe3\xa8\x12\x89(\
\x09\xa8\xae\x01a u\x10\xc0\xef\x02\xf8)\x00\x99\xb0\
t'\x8f\xdf\x84O\xfe\xf8\xe3\xb8\xfe\xc0x\xb0\xd0\x1d\
Ts\xf5\x08j\x0d\x1bS\x8b\x05\xcc-o\xa2a\xb3\
={\xbc\xe7\x9c2i\xb9\x09\xc8\xca\x95\x13\x12R%\
\x12M\x12P\xedra u\x12\x8e\xd3\xfc\x09D\x98\
\x0e\xf3\xc0\xa9\xdb\xf0\xf1\x1f{\x18\xe3#\xfd\xd2n\xc5\
\xde\x5c=\xb8\x19\x95\xabu\x5c\x9e_\xc7\xd2ZY\xea\
\xc1\x0b,)\xd6\x84\xe2\xa1\xc5\xe5\xee\x1f$\x8d\xbfD\
\xa2K\x02\xaa],\xcct\x98'\xe0@\xea\xa4I\x9f\
R\x8a\xae\xae<\x9ey\xf4\x14~\xec\xa9S\xe8\xef\xe9\
\xd2n\xa9\xee\xc1j\xa3T\xc3\xa5\xd9u\xacmV\x02\
\xb4\x10\xc2\x01\xcb\x1f/\xa5\x80\x96\xdc\xe8\xf3t\x12c\
*\x91\xe8\x92\x80j\x97\x8a\x0b\xa9\x0c\x9cf\xde\xef\xc2\
i\xf6i\x85R\x8a\xc1\xc1~|\xe4\xd9\x87\xf0\xd8}\
'\x90\xcb\xa5\xe5\x89\xc5\x82,o\x94qiv\x1d\xc5\
r\xddo\xea\x01\x00\x11\xda\x88A\xb8[\x16\x07,\xed\
L\xbfD\x12\x89,\x09\xa8v\xa1\xb8\x90\xea\x05\xf07\
\xe08\xce\x87L\xfa\x94R\xec\xdd3\x86\x9f\xfc\xf0\xe3\
\xb8\xe7\xc4a\xa4,\x0b\xd4\x0e\xa6\xc3\x88\xee#J)\
\xe6WK\xb82\xbf\x81\x8a\xd7\xb3\xc74\x07\xc3\x80\xc5\
YY\x5c\x84X\xb1\xed\xbe\x92\x89\xec\x16I@\xb5\xcb\
\xc4\x85\xd48\x9c\xa1\x07\xbf\x08g(\x82Qn\xbe\xe9\
\x10~\xea\xc7\x1f\xc7\xd1\x1b\xf6\x81\x802\xcd=al\
\x01\x80\x86M1\xbdX\xc0\xd4b\x01\x0d\xdb\x06a<\
\xeb\xa2\xb3]\x02\x16\x13\xe9o\xe0\xa0u\xa6'\x92H\
tI@\xb5K\x84q\x9a\xdf\x04g\x10\xe7\x87\x11:\
\x1d\xc6\xc2]'\x8f\xe2\x13\x1fz\x04\xfb'\x87\xfd9\
{\x80\xb0\xde&% \x04\xa8\xd4\x1a\xb82\xbf\x81\xf9\
\x95\xa2\xbf\x94\x0b%\xfe\x06\xec\x5c\xde\x80\x0c,@\x84\
V\x10/Z[b\xbaD\x121I\x02\xaa] \x0c\
\xa4N\xc3q\x9a?`\xd2\xf7v\x87y\xe4\xbe;\xf0\
\xe3\xef\xbb\x0f\xc3\x03\xbdNSO\xd8\xb2\x8a\xb1\x95\xb0\
Y\xae\xe3\xe2\xec:V6\xca\xbc\x0eu`\x05@\x0b\
,@\x07-1\x84\xd5I\x86&$\x12]\x12P\xed\
pq!e\x01\xf8 \x1cK\xea\xa8I\x9fR\x8a\xde\
\xden\xbc\xff\xc9\xfb\xf0\xcc\xc3w\xa2\xbb+\xeb\x8e4\
\x87\xe3\xe5Vl\x08\xba\xbeY\xc1\x85\x99u\x14JU\
\xf88b\xc1\xe3\xfb\x9c(\xd3\xb3\x17\x05Z4\x80\x92\
$D\x1b\x93H\x22\xa2$\xa0\xda\xc1\xe2B*\x07\xe0\
\x17\x00\xfc\x138K\xb5h\xc5\x99\x0e3\x84\x8f~\xe0\
\x11\xdc\x7f\xd7Qd3)\xdf\x1f\xe5c\x81\x19BN\
\x01,\xad\x96pqv\x1d\xe5j\xdd\x05\x8c;\xd9E\
\x18j.\xf7\xec\xa9\xad,\xa7\x1e\xec\x0144\xa2\xa6\
\xc8D\x12\xe1$\x01\xd5\x0e\x15\x17R\x83p\x16\xb9\xfb\
U8\xbd|Z\xa1\x94\xe2\xba\x83{\xf1\x89\x0f=\x86\
\x93\xb7\x1c\xe2\x17\xba\x83<!\xc6\xb6)f\x966q\
e>\x98\x0e\xc3\xf7\xecy\x93\x92\xa3\x01\xcbQ\x11\xa1\
\x15\x0cP\x90,.J\x92\xcd\x1d\x12\x89,\x09\xa8v\
\xa0\xb8\x90\xda\x0f\xe0w\x00|\x12\xce\xf2\xc1Z!\x00\
n\xbb\xf5&|\xfc\x83\x8f\xe0\xf0\xc1\x09\x84-\xa0R\
\xab7pea\x033KEi?>\xd9Qn\x06\
\x16\xe7\x1c'\x9c\x87J\xbbi;\x15V\xd5K:\x02\
\x13\x09\x93\x04T;H\x18\xa7\xf9m\x00\xfe\x0d\x80\xa7\
\xe0\xf8\xa7\x94B)E&\x93\xc6\xe9\xbb\x8e\xe3#\xef\
\x7f\x10\x93\xa3\x03\x9c\x15%\xae`@\x00\x94\xaa\x0d\x5c\
\x9c]\xc3\xe2j)X\x85\xd3\x85P,`y\x19B\
\x0d-\x80r\xf3\xfe\x12I\xa4\x15I@\xb5C\x84\x99\
\x0e\xf3\x18\x1cH\xddi\xd2\xf7v\x87y\xe2\xe1\xbb\xf1\
\xfe'Na\xa0\xb7\xcb8g\x0f\x00\xd6\x8b5\x9c\x9f\
^s\xa6\xc30\x90\xf1,\x1f\xea\x0eS\x10\xf3\x00d\
`\x01!\xd0\x02\xb8\x85\xf3\x12I\xa4\x15I@\xb5\x03\
\xc4\x85T\x1a\xc0'\x00\xfcs8\x9b\x82j\xc5\x9b\x0e\
\xf3\xc1\xa7\x1f\xc0\xa3\xa7\x8f#\x9f\xcf\x18\xe7\xec\x01\xce\
t\x98\x0b3k\xd8,\xd7\x9cF\x99j\xa4\xb9\xbf\xeb\
\xb1\xde\xc2b\xc3\xa3@K\xe52O\xc6Q%\x12W\
\x12Pm\xb3\xb8\x90\xea\x01\xf0Kp\xb6U\x1f6\xe9\
{\xd3a~\xe2\x03\x8f\xe0\xee\xdbnD:M\xb81\
R\xf2\xb0\x01g\xe3\x85Ks\xeb\xce\xee0\xc6\xe6\x9d\
\x97G`a\xb1\xf1b:>-\x13H\x85\x9a\x88\xbb\
\xd0\xa8\x83\x13ID+\x09\xa8\xb6Q\x5cH\x8d\x01\xf8\
\x07\x00\xfe\x1a\x80\xee\xb047\xdfx\x08\x1f\xfb\xe0#\
8zx_\xb0%\x15\xc0\x0c2\x0fF\x92\xd7\x1b6\
\xae.\x14pua\xc3YC\x0a^sP\x18\x9f\xde\
$\xb0\xd8\xb4r<u\xf6\xfe\xd3\xee\x8d\x95`*\x91\
\xe8\x92\x80j\x1b\x84q\x9a\x1f\x06\xf0/\x00|\x04\x86\
{A)E*\x95\xc2\x9d'n\xc6G>\xf0\x10\x0e\
\xee\x19\xd16\xf5\xbc\xe1\xe4\x95Z\x03\x17g60\xb7\
\xb2\xe9\xf7\xb2\x05\xcesG5*\xb0\xbc\xedFu\xcd\
\xc2\xa0\x9e\xfcq\xd0\xb1\xa7\x19\xf0\x99\x0cNO$\xa2\
$\xa0\xdaba u\x0a\xcet\x98\x87L\xfa\xdet\
\x98\x87N\xdf\x8e\x1f{\xea4F\x87z\x99\xdd\x8a\x1d\
\x11\x99Q(9N\xf3ew:\x0ca\x96H`G\
\x19\x84\x01\xcb\x89\x83P\x16et\xf4\xd0b\xd3P\xa8\
\xea\x9ax\xda\x13\x89.\x09\xa8\xb6P\x98\xe90\xef\x87\
\xb3\xcf\xde1\x93\xbe\xb7;\xcc3\x8f\xdf\x8b'\x1f\xbc\
\x03\xbd\xdd9i\xce\x1e\xc0\xcf\xdb[)T\xf0\xee\xd4\
\x1a\x0a\xa5*7\xbe\x89\x08\xddr*`\x01\xec\x98\xaa\
0+K\x0d-OW\xecqd\xeb\xca\xa7N$\x91\
pI@\xb5E\xc2L\x87\xf99\x00\xff\x0c\xc0^\x93\
\xbe7\x1d\xe6\xc3\xcf>\x84\xd3w\xdc\x8c\x5c6\x1d4\
\xf7\x14\xa6\x94M\x81\x85\xd5\x22.\xcc\xac\xa1Ti\x08\
\x0b\xdd)\xa6\xbc(\x80\xe5\x94\xeb\x1e\xc7\xb0\xb2\xbc#\
ic\x07\xcal\xeb\x9eH\x22-H\x02\xaa-\x10\x17\
R\x03\x00\xfe\xb6\xfb\xd7o\xd2\xf7\xa6\xc3|\xf4\x03\x8f\
\xe0\xb6\xa3\x07\x91\xb6\x88\x0b)\xb7\xa9\xe5+:\x07\x0d\
\x9bbj\xa1\x80\xcbs\xeb\xa87\xf85\xa4<5\x7f\
bqL`\x99\xac,@\x18\xc2 \x9c\x07\xbf\x94\x8c\
\xb8A`\xe2\xa0J$\xba$\xa0\xea\xb0\xb8\x90\xda\x0b\
\xe0\xb7\x00\xfc,\x1c\xabJ)\x94\x02\x96Ep\xfc\x96\
\xc3\xf8\xe8\x07\x1e\xc6\x0d\x07\xc69\xcb(pM;\x98\
!\x00*5\x1b\x97f\xd70\xbd\xb4\x19\xac!\xe5M\
Dn\x06X\x003\xd4!\xa8\x97\x17k\x82\x96S&\
_\x9e\xf3\xc7\xaf\xa2\x10\xe06\x12\xac\x12\x9c%\x92\x80\
\xaaS\xc28\xcdo\x85\xe3\x8fz\x16\x11\xa6\xc3\xdc{\
\xd7\xad\xf8\xd0\xd3\x0f`bl\x80\xdf\xf8N\xb1\x85\xd5\
f\xa5\x8e\xf3\xd3kXX-\x061\x84\x05L\x04`\
\xa9\x96n\xd1XYN\x9eA.|\xb6jp)\xcf\
\xd5\xfdWpm\xa9$\x07\xe08\x80\xe1\xc9\xd3\x9f\x8a\
:!\xa7\xd5\x89;\xcd\xa4o\xc7d\xa1\xb8y\x88\xfa\
\xb4\x0dy\x00@\x05\xc0U\x00+\x00\x1a\xb3\xcf\xfd~\
\x1bN\xaduI@\xd5\x01a\xa6\xc3<\x0cg:\xcc\
=&}J)\xba\xbb\xf3x\xec\xc1\xbb\xf0\xcc#w\
c\xb0\xbf[\xee\xd9\x13\x1e\xc3\xd5\xcd\x0a\xde\x9dZ\xc5\
\xdaf\x15\x00\xdf\x1c\x94\x9bq\x06`yy#\x9e\x95\
\xe5\xe4\x1b|'DC(-\xb8HH<\x00`\x1f\
\x80\xff\x06\xa0\xd1\xca\xfd\x88)\xbba\x86b'\xebh\
\x03\xb8\x04\xe0\xcb\x00\xfe\xdf\xc9\xd3\x9fZ\xde\x09\xb0J\
@\xd5fa\xa6\xc3\xfc\x04\x9c\xe90\x87M\xfa\x94R\
\x0c\x0d\xf6\xe3\xfdO\xdd\x8f\x07O\xdd\x8a\x9e|V9\
F\xca[m\x13\x00\x16\xd6Jxwz\x15\xc5\x92\xbb\
\x86\x14!\xfc\xcf\xa9\xd6\xef\x14\x0fXNZ=\xb4\xf8\
\xbc\xe5sk\xc3\xdb\x94\x020\xd2z6\x89\xc4\x94q\
\x00\xb7\xc3Y\xb5\xe3\xb7'O\x7f\xaa\xb2\xdd\xb0J@\
\xd5Fq!\xd5\x0d\xe0\xaf\xc3\x19m>j\xd2\xa7\x94\
b\xdf\x9eq|\xf8\xd9\x87p\xc7\xf1\xc3\xc8\xa6-\xdf\
\xcf\xa4\x92\x06\xa5\x98Y\xdc\xc4\xc5\xd9uTjA\xcf\
\x9e\xb7N9%\x0ag;\xe2\x03K\xb7t\x0bQX\
A\xaa\x15\x12\xd8\xb9|\xdeZT\xf2zTRV\x89\
\xec,\xc9\xc0\x99-\xf19\x00?\xdc\xee\xca$\xa0j\
\x93\xb8\x90\x1a\x05\xf0\xf7\x01|\x0a\xce\xfc=\xa3\xdc|\
\xe3!\xfc\xf8\xfb\x1f\xc2\xcd7\xecs\x17\xbas\xc2\x85\
\x15\x83A\x00\xd4\x1a6.\xcd\xad\xe3\xea|\xc1\x9f\x0e\
\xe3\x99Q\x81E\xd4\x1e`1I@8(\x99\xa1\x15\
\xe81\xe5\xa8\xe2\xbdzSu\xd9\x89\xec\x18\x19\x86\xd3\
\x22H@\xb5\xdb\x85q\x9a_\x0f\xa7\xa9\xf718\xbf\
FJ\xf1\xa6\xc3\xdcq\xe2f|\xe8\x99\x07p`\xcf\
\xb00Z\x1b\xce\xea\x97n\xa0E\x80R\xa5\x81\xf3\xd3\
\xab\x98u\xa7\xc38\x06\x89\x0b#\xc6\xd9\x1e\x17X^\
\x1c\xbf\x86\x95\xc6\xcar\x0f\x02k\x89\x0aM@y\x9c\
B\x14k)\x9d\xcd\x03\xc4\x8a\xa8\x9d\xc86H\xe8\xfc\
\xd3\xad\x90\x04T-\x08\x03\xa9\xbb\x01\xfck\x00\x8f\xc2\
\xe0\x9a\xa1\x94\x22\x9f\xcb\xe2\x81\xd3'\xf1\xbe\xc7Na\
t\xa8\x0f\xec\xba\x03\x1c\xb0\xdc\xb5\xa1\xd67\xab87\
\xb5\x8a\xe5ufw\x18\xc2\x8c\x0ag\x81\xa5\xd9oO\
\x07,//6\xce\x04-!\xa9\x11\x5c^\x9e4\x04\
@\xb9\xde\x01\xe4z\xfaQ-\xac\xea\xe7\xe2$\xf2\x9e\
\x97\x04TM\x0a\xd3\xb3\xf7>8\x90:n\xd2\xa7\x94\
\xa2\xbf\xaf\x07O=z\x0a\x8f\xdcw\x12}=yP\
J\xa5qG,\xac\x96\xd6\xcaxgj\x15\x85b\x0d\
 \xd0\xf4\xec1\xc0\xf2X\x11\x15X\x8c\x92z\xfc\x94\
\x19Zl\x19\xde\x01Q\xc49\xa3,x`y\x96\x1c\
Ig\xd17q\x08\xeb\x14\xa8\x95\x0b\xb0\x1b\x0d\xa8\xad\
\xab\x04b\xed\x16\xef\x8a\xee\x86\xdf\x87\x04TM\x88\x0b\
\xa9,\x80\x9f\x813\x90s\xbfI\x9fR\x8a\xf1\xb1a\
\xfc\xd8\xd3\x0f\xe0\x9e\x93G\x90\xcf\x05\xd3a\xc49q\
\x9e\xf3yvy\x13\xe7\xa7WQ\xaa4`\xb9^s\
\x95\xef'\x0e\xb0\xe0\x0d\x08\x05\xfcB\x95\xd0R\xf6\xea\
\x09\xa0\x89\x00\xae`\x1e\xa1<\xb0\x93\x82\x22\x9bI\xe1\
\xd6\xebFpp\xbc\x0f\xd4\xbe\x1e\xb5\xf2&\xea\x95\x92\
\xb2\xd7S\xfb.\x91HZ\xd7\x86(\xc6\xd4){[\
\x097\xa1\xc9\x98\xe5\xd2\xf2:\xce\x9c9\x8bJ\xa5\xba\
\xddgg\x94\x04T1\xc5\x85T?\x9c\x9da\xfe\x0e\
\x9c\xa91Z\xa1\x94\xe2\xfaC{\xf1\xa1\xf7=\x84[\
\x8f\x1cD&eI\x0f\x17;\xf1\xb7aS\x5c\x9e\xdb\
\xc0\xa5Yo:L`\x8dx\xabhR\x02\x83\xa3\x5c\
\x01,'\x82U\x97\xac,F\x85o\x1ar\x11\xf1\xc0\
ezE(\x05z\xbb2x\xea\xeeC\x102R\xe2\
\xa6\x9d6V,oX\xa4\xe1af\xa5\xa8\xe5QI\
\x99*\xbe1\xb14B~\x9a\xd1\xff^\xd0\xd9w\xa7\
q\xe9\xe2%\x94\xcb\x95\x1d\xdd\xb1\x91\x80*\xa20\xfe\
\xa8I8\x93\x8a\x7f\x1e@^\xa7\xefM\x87\xb9\xed\xd8\
a|\xf0\x99\x07q\xfd\x81q\x10\xa2_1\x80\x10\xa0\
Rm\xe0\xc2\xcc\x1a\xa6\x17\x9d\xe90^>\xaa\x0d\x16\
\xa4Q\xe3&`\x81w\xba3\xea\xbe\x95\xe5\xa4U@\
\x8bSV[[N6\x0a+(\xe4\xb9'\x00R\xd6\
\xd6\xbe\x1c\xb1\x86ok\x94\x83`\x1a)m\x14P\x89\
\xcd\xfe\xb0j\xe8V\xa7`S\x13\x0fR\xda\xd56\x08\
,\x8b$M\xbfkE\x18H\x1d\x853\x1d\xe6\x03p\
\x06#*\x85R\x8al&\x8dSw\xdd\x8ag\x9f8\
\x8d\xc9Q\xcf\xe8\xa2\x018\x18}B\x80\xcdR\x0d\xef\
\x5c]\xf5\xa7\xc3\xb0\xbfn\xaa\x0d\x16X\xeb\x8a\xcb/\
*\xb0\x98D\xa2\x95\xe5\xa4\x8f\x00-)R\x1e\xb9\xee\
\xcd\xf3\xd3\x02\xba\x0d\xf7\xa7-\xfd\x854jT\xb8b\
,\x0bJ\xfdE\x9bOd+J\x91\x81j\x18\xf1n\
\xe9kM@\x15\x22\x8c\xd3\xfcA8\xd3a\xee5\xe9\
SJ\xd1\xd3\x9d\xc7\xa3\x0f\xdc\x85\xc7\x1f\xba\x13\x83}\
]L$|R0+Dae\xa3\x82\xb7\xaf\xac8\
\xbb\xc30\xf9\x00z`\xa9\x9a\x83^E\xfd\xb2\xa0\x02\
V\xa0\xa5\xb5\xb2\xdc\xc2T\x96\x16W\x86\x94H?\xdd\
F{\xbdZ\xbb=\xcdI\xa4\x97=F\x0dw\x0c\xa0\
\xdco\xd4\x14\x1f\xfd\xb4v\x92$\xa02\x88\x0b\xa9\x14\
\x9c\xa5\x82\x7f\x0f\xc0M&}J)\x86\x87\xfa\xf1\xbe\
\xc7\xef\xc3\xe9\xbb\x8f\xa1;\x9f\x91-of$%\x05\
0\xbfR\xc2\xb9++\xd8\xac\xd4\xf95\xa4\x98<\xa5\
\xb1M\xcd\x00\x8b\x09\x14\xad,\x95/\x8b\xad*\x84\xd1\
\xf2Fp\x89eR\xe6O\x9b\xa0\xcd\x12\xf3%\xa4\xcd\
d\xd0\xc4\xc8\xfaN\x00*H\x17\xd5\x8a\x12\x02w\x09\
\xb0\x12Pi\x84\x99\x0e\xf3W\x00\xfcc8\x9b0h\
\x85R\x8a\xfd{\xc7\xf1\x81\xa7\x1f\xc0\xc9c7 \x9b\
\x09Z\x86\x8a\xce\x1a\xd8\x0d\x8a\xab\x8b\x05\x5c\x98^C\
\xa5\xde\x08\x96\x0b&r\x1a\xed\x94\x17\x13\xb0\x98\x02\xf5\
\x03>\xd9\xbe!\x05\xb4\x98\xc4:k+(K\xa6\x0f\
\xdfx\x14\xdb\x8c\x0a\x89\x0b\xb0\x16^\xb2\xd8V\x93\xa0\
\x1a\xb7\xe8\xed\x80T\xc8I\xef\x16F\x01H@\xa5\x14\
\x17R\xc3\x00\xfeo\x00\xbf\x0c\xa07,\xcd\xd1\x9b\x0e\
\xe1\xc7\x9ey\x107^\xb7\x17i\x8b(\xe9D\xe1\xbc\
\xcf\xb5\x9a\x8d\x0b3k\xb82\xef\xee\x0e\xe3\x8e7\xa0\
 \xca\xe6X\xe8\x1c=\x05\xb0\x80p+\x8b\x8dSB\
\x0bj\x9f\x96\x90\x85_\x09\xd5\xba#\x0d\x9b\xa2\xde\xb0\
\xf5\x9bQtPh\x131*\x95\xa6\xa1\xe4\x1e(\xfb\
\xeeB\xd8\x12\xcb\x17\xa5\xc8\x88=LY\xc4\x19\xe2\xd2\
\xe4\xf9\xec\x04I@\xc5\x08\xe34?\x04\xe0w\x01\xfc\
$B\xa6\xc3\xa4\xd3)\xdcq\xdb\xcdx\xf6\xc9\xfb\xb0\
\x7fr$\x98(\xec+\x05\x07\x84\x00\xc5r\x1d\xe7\xae\
\xaebny\x93\x1b\x10\xe9\xc43\xcev\x06X\xaa\xe6\
\xa0\xa3\xaf\x07\x96S\xb4\xbaY\xc8\xe6\x15\x0e-F\x9b\
*\x8c\x9e\x10x]]\xd8\xe0\xd6\xcb\xd2K\xb3k\xa8\
G#Jh\xdeZ\xbf\x8e\xa6a\x186l\x81\xf9\xa2\
\xf2\x0f)sU\x84\xab\x0d0\xb5\x13\x9c\x0a\xca\xde\x98\
\xbc}\xa3\xbd\xd87\xda\x1b\xed:\xecPI@\xe5\x0a\
\x03\xa9;\xe0\x8c4\x7f\x02a\xd3a\xf2Y<p\xea\
$\x9e|\xe4n\x8c\x0e\xf5B\xec\xb8fa@\x08\xb0\
V\xa8\xe2\xed+\xcb\xeet\x18\xdd\xf6\xe9\x94\x1b\xb0\xd7\
N`9\xa0\x89\x0b-\x1e!\x94Oa\x84\x17\x05\xb0\
Q\xaca\x035hT\xda*M\xbd\x84&\xa0\xe8\xf2\
5:\xab\xa9\x06D*+\x89A\xa1\x89\xb7T\x86\xa6\
\xca\xe2b\xadV\xd6\xbf8\xd4\x9b\xd744w\xc1\xb8\
\x04W\x12P\x81\xeb\xd9{\x0a\x0e\xa4N\x9a\xf4\xbd\xe9\
0O>r\x0a\x0f\x9c\xba\x0d\xfd\xbd\xec\xea\xc2\xdc(\
\x16\xffQXX-\xe1\xec\xe5e\x14J\xdet\x18j\
\xdc\x89\x980\xbd\x83@k\xc0b\xcbh\x0aZ\x5c\x04\
[+VU\x0d/\xe5\xab\xd0\xa1\xf7CUwQ\xa4\
(nE\x08\xb9\xd9\xa6\xac.\x81d\xe9p\xf3\x1a\x09\
{o\x98d\xdc\x88r\xa1\x5c\xf1\x1e\x08\x9d \xfc\x8e\
?b^\x8e\xa6\xb8\xa1\x07\xe0t|\x88\x1b\xc3\xf2\xdf\
w\x87\x8d\xf5\x9e\x07\x153\x1d\xe6\xff\x02\xf0;\x00\x0e\
\x98\xf4)\xa5\x98\x18\x1b\xc6\xb3O\xde\x8f;O\xdc\x84\
|6\xad|x<\x9b\xca\xa6\x14\xd3\x8b\x9b87\xb5\
\x82\xb2\xbb;\x0c(\xf8\x89\xc5\x0a`\x89\xbb\xc1\xc4\x01\
\x96\x93\xcele9yF\x84\x96w:\xec\xa1\xa2\xab\
\x8f(\xd55#&\xd1~^\xd1\x98\xb1q\xba\xec\xa9\
\xe6@e\x87\x99\xfcK\xa2\xafNW\x07\xd16R[\
P\x8aZ\x08?0\x01\x8a\x9a\xea\xdb\xdc1\xf2\x9e\x06\
\x95\x0b\xa9>\x00\x7f\x03\xc0\xdf\x030\x14\x96\xe6\x86C\
{\xf1\x81\xa7\x1f\xc4\xd1\x1b\x0f \x93\xe6\x97@gG\
\x0b\x13\x00\xb5F\x03\x97f7pqv\x1d5w:\
L\xa0\x0cy\x8cS\x5c`)z\xe4\x9a\xb1\xb2\x9c<\
\x14\xd0b3\x84\x01\x5c\x86zDwiwnBL\
h\x17}Xt\x08\x98\x80xpR\x16\xdf$\xa0\xfc\
\x7fu\xcetq\xd5\xc2\x08\xf5\xdd\x89\xf2\x9e\x04\x15\xe3\
\x8f\x9a\x803\xf4\xe0\xaf \xc2t\x98\xe3\xb7\xdc\x80\xf7\
?y?\x0e\xed\x1bw\xa6~\xa8z\xf6\x5cX\x95k\
\x0d\x9c\xbb\xba\x8a\xa9\x85\x82\xb3j'\xe1']\x18'\
\x16G\x05\x16\xeb\x1fR\x0ckp\xd2\x85[YA\xbc\
\x97\x07\xdbs\xe8\xe6\xa6>]\xe5A4\xe4h\xdd\xc6\
\xed\xfb\xa5\x8f\x98Q\x98e\xd5\x0c\x9c\x9c\xf8\x08\x83 \
Z\x05\x94\x901\xd7\xb0\xa3r\xcdw\x1b\xa0<y\xcf\
\x81\x8a\x81\xd4\x11\x00\xff\x12\xc0\x87\x106\x1d&\x9b\xc1\
\xa9;\x8f\xe1\xa9G\xef\xc5\xc4\xc8@h\xcf^\xa1X\
\xc3\xd9++\xfc\xee0\x82\x85#\xa5\x87\x1aXj\x87\
\xbb\xb9I\xc8d\xc9\x06\x85\xaf5Ey8\xfac\xe7\
\x15s\xc5|\x1d\x85\xe9A\xbd\x0b!H\xc80Q!\
V\xff26+Q,+\xd3\xa4\x92H\xe3\x9a\x9a\xb2\
\x9e\x82\xa3v\x00J[\x8f]\x0a)\xe0=\x06*\x06\
R\xf7\xc3\x99\x0es\xbfI\x9fR\x8a\xde\x9e.<r\
\xff\x9dx\xf8\xbe\xdb1\xd8\xdf\xc5\xc7\xbb\x9f\xbeuD\
\x80\xa5\xb52\xce^^\xf6w\x87\x01\xd4NTv\x82\
\xb2\x09X\xecv\xe9*\x0b\x8bw\xa2\x9a\xad,\xb6,\
\xfd2\xc4r\xa3M7\x96J+\xac\xb9\xa8\xb8^\xba\
\xf2x]\x12\x9a2<o\xb3B\xd8L\xb7\xa8/v\
$81\x81Q\xac'>\xdc\x0cm\xd1\x8a\x12#)\
\x14e\xec2h\xbdg@\xc5L\x87\xf9 \x1cK\xea\
f\x93>\xa5\x14#C\x03x\xfa\xb1{q\xf7\x1dG\
\xd1\xdb\x95\xf5b\xa0z\xb9(\x80\xd9\xc5M\xbc}e\
\xd9\x9f\x0e\xe3\xfbz(\x14\x96Q<`9i\xf4\xbd\
\x84N8oe\xe9\xa0\xe5\xa4\xd7,\xa7\xe2\x0d\xdc\x0c\
\xfe\x09\xea\xa7\xf7\x8b\xf3\xf9\x89/\x01\xd1\xa7\xd2\xbe1\
M\xfa\x90d\xbd\xe8od+`\xd2V#\xa6\xf5\xc4\
\x87\xb7\x00(7\x1f\xc9\x7f\xb5\xcb\x00\xe5\xc9{\x02T\
.\xa4\xf2\x00~\x01\xc0?\x81\xe3\x9b\xd2\x0a\xa5\x14\x07\
\xf6\x8e\xe3\xd9\xa7\xee\xc7\xad7_\x8f\x5c&%\xf4\x9a\
\x05h!\xf0\xd6\x90Z\xc7\xbb\xd3\xab\xa8\xd6m\xdf\xa0\
`\xf7\xc9S\xf7\x0c\x82\x9b\xcb\xd7n`9Y(\x80\
\xa4\x1b\xb1.\x1dh\xf2W\xeai\xcc.\xa5a$\x14\
\x1c\xa3\xfbM\x19\xe3\xf5\xa4F|\x0b\xe36\x81L\xa3\
\xea\xc3\x9a\x93Q\xad'>.:\xa0t\xf5\x8b\xd2#\
\xb8\x9b\xe4\x9a\x07\x95\x0b\xa9A8\xbdz\x7f\x0b!\xd3\
a\x08\x80\x9bo:\x84g\x9fz\x00\x87\x0f\xeeA:\
%;\xa0\xfd\x9e=BQ\xa9\xd9xwj\x0d\x97\xe7\
\xd6a\xdbT\xf9bRB9\xeb\xcaI\xcb\xe6)\xfb\
\xaf\xbc\xba\xf0\xf9x\xe1\xe1\xc0\x22*\x08\x89\x15S\x0e\
N%\xd2.8\xdc\xc51H\x90k\xc8\x1b\x11\xba\x00\
\x12\x7f\x11\x8d/\x15\xdb\x8b\xe94\x96\xb9\xeb\xd0\x8c\xc4\
\x06\x93\x10\xa1\xea\x16\xd8z@9WN\x5cau\xb7\
\x01\xca\x93k\x16T\x8c?\xea\x00\x9c\xf1Q\x9fD\xc4\
\xe90O?~\x1a{\xc7\x87`Y\xc2\xc6\x9e\xbe.\
\xdc5\xa4\xea8{e\x19\xb3\xcbE\xf7\xa1q\xe6\xea\
\xa9\xe6\xd6\x89\xbb\x10\xb7\x17Xn\xce\x0a\xd3\x88\xf33\
\x89\xf3\x07\x95\xadXe\xdf\x9e!J\xdd\x0c\x16GO\
\xf2C\x1b\xda\xf8\xba\x101;\xad\x99&\xd73B=\
\xe2\x81\x89?\x8a\x03'\xee[\x1b\x00\xc5%\xdc\xe5\x90\
\x02\xaeQP1\x90:\x01g\xa4\xf9\xd3\x08\x99\x0e\xd3\
\x95\xcf\xe1\xfeS'\xf0\xe8\x83wbd\xb0O2\x8c\
\xd8c\x02`\xb5P\xc1\x99K\xcet\x18\xc2\x90\x84\x9d\
X\xac^\xe3\xbc\x8d\xc0r\x03\x9d\xa6\x18_K\xd5Z\
\xec\xc1\xa1\x06.L]\xbd]e\x88FW=NJ\
3\xf1\x8f\x88/\x89\xe6VH\x0e\x15h\xf5\x8c\xeek\
\xaa\xc9\x85\x9a\xad\xb38\x0e\xf9\xd6\xe0\x14\xa41\xf5j\
6\xd3\x93G5'\xaf\xbe^\xc9\x14\x9am\x13f:\
\xccc\x00\xfe-\x9c\xb9{Z\xa1\x94b\xa0\xbf\x17O\
<|7\xee\xbd\xeb8\xfaz\xf2\xb2SX\x18\x8e0\
\xb7R\xc4\x19w:\x0c\x81\x08\x05yb\xb1z\x8d\xf3\
\xe8\xc0r\xc2\x89\x12\x09\xec\xc8%\xee\xd1#\x12\xde\x04\
SJ>1\x0eJ\xa6A\x9c\x94If\x1a\xbe.\x05\
G\xee2\xd4e\x10XkRqL\xa0\xce\xa8\xf2\xa7\
\x05\xc4\xef%l\x06L\xb2N{\xac'U\xb9*@\
y\xbd}\xba\xba\xab\xca\xdb\xa9rM\x81\xca\x85T\x06\
\xc0'\xe0l\x06z\xc8\xa4O)\xc5\xe4\xf80\x9ey\
\xe2>\x9c8v#\xbari(\x7fi\xdc\xa0\x06\xa5\
\xb8:\xbf\x81w\xae\xae\xa0\x5cm\x18\x96\x0b\xe6{\xdf\
t\xcdA \x1a\xb0\xbc\xba:\xe1|F\xe2H\xf5\x80\
E\x82\xafI\x80\xad\xaa'\xcf_mA1\xbaS\x89\
\x0f\x15\xe0B\xa5\xb5W\xc3oQj\x99H$\x0a\xf0\
\x87\x04at0Zkh?\x9cTA\xb1\x00%d\
\xa0/\xa7u\xff\xddv\xc95\x03*\x17R=p\xd6\
\x8f\xfa\xfbp\xd6\x932\xca\xe1\xeb\xf6\xe1}O\xde\x8f\
#7\xec\xe7\xa6\xc3p/,\xdc\xe90u\x1b\xe7g\
\xd6paf\xcd\x99\x0e\x038M\x09a\xdb)\xd1\xba\
r\xfe\x0d\xc67\xb5\x0a,\x1f7\x8c\xf3I\x1e\x0fn\
\xf2/\x11UnBJ*\x99KJ\xf7\x14e\xf5\xa3\
\xc2*L\x8fF\x0b\x15xC\xc3\xf1\xc2\xf4\x0e\x9a\xf2\
\x8f\x0f%Y\xaf989\xf9\xb4\x0fP\xd4\xd5cq\
\xbd\xdb\x00\xe5\xc9\xae\x07\x15\xe3\x8f\x1a\x03\xf0\x8f\x00\xfc\
U\x00]:}J\x81T\x8a\xe0\xf8\xd1\xc3x\xe6\xf1\
\xfb\xb0\x7f\xef\xa8\xb3\xd0\x9dJ\x17\xce\xd0\x81R\xa5\x8e\
\xb3WV0\xb5P\xe06\x0d\xa5\x80rsO\x192\
\x01\xb0\x94\xfe\xab@E\x09,\xc2\x9aE\x8c:a\xac\
*\xde9\xaejs\xc2\xe5\x9b0`A \x95\x9c\x17\
\x97\x5c:\xa0\x5cJ\x9d\xc4\xb1\xb8\x84s\x84\xfa\xa5\x94\
\x0fe\x0a\xf1\xd6W\x98%Ec\xbf\xc4\x9d\x86\x93X\
F\xe8u\x90\xa2\x03o\xba\xba\x88\xddC\xad]\x0d*\
\x06R\x87\xe1\x0c\xe2\xfc\x08B\xa6\xc3\xe4\xdc\xe90\x8f\
=|\x0f\xc6\x86\x07\xe0M\xd9S\xb9t\x9c-\xd5\x1d\
\xa7\xf9\xc2j)\x08\x17\x5c<NX\x00,\xd6\xba\xf2\
\xf2qC\x02[-\x06\xb0(\x98\xe6\x15\xdb{G\xdd\
p\xdea\x15\xe8K\xdd\x95\xac\xe3=H\x10\xd5\xad*\
:\xdcErI.!m\x0e\xd1\x84\xc4~\x8f4\xc3\
\x1a|FI\x13s\x98oN\xafiT\x8bFk\x83\
\x85\xb9\xe9\xb8<\x9b\xb7\x9e\xb8C-\xa0\xe0\x99U\xbb\
^v-\xa8\x18H\x9d\x82\xe34\x7f\xc8\xa4\xcfN\x87\
\xb9\xff\xde\x13\x18\xe8\xed\x96z\xc5\x00\xbe\xf3lq\xb5\
\x847/-c\xb5\xe0\xec\x0e#\xf5\xc2\xb1\xd0\xf0\xc3\
\xd4\xcdA \xdc\xe1\xce\xa6q\xbes\xa6\x9b\x0bF\xc1\
#\xe4V\x82\x87m\x90\xce3&\xbc\x96\x1co\xaf\xc9\
\xe7\xc1\xbe\xe0D1\xa0J\xf2\x9d\xabG\x7fr\xd7D\
\x95Z9\x0eTLA\xf4\x99\xa9\xb9Aa\xe0\x09\xf7\
\xc2\xab\xf4\xd8\xb0N\x80\xc9\xc97\x9a\xf5$\xd6W\x99\
\xb7\x09PP9\xd2\xc3\xeb\xb7SeW\x82\xca\x85\x94\
\x05g\x7f\xbd\x7f\x05\xe0\x16\x93>\xa5\x14\xa3\xc3\x03x\
\xf2\xd1{q\xc7\x89\x9b\xd1\x93\xcf\x9a7o\xa4\xc0\xf4\
b\x01o]^F\xb1\x5c\x0f\xde{\xd5\xc4b\xc1\x12\
\xd35\x07\x9d\xf4\xae*\xe7pw4\xb8\x1eB\xf7\xe5\
g9\xe0\xe4+\xd0\xccw\x90S\xc1\x82\xa2\x92U\xe5\
\xd7U\xdc\x89X\xf2\x9b\x9b\xfdR\x94O\x1a\x5c0\xad\
I\x16\x15b:]\xcaG1\x87T\x91\x94Pu8\
\x15*N\xa40\xa1\xd9H\x82\x9e\xb4(`2E5\
\x05'E\x86q\x00\xa5\xab\xd7n\x03\x94'\xbb\x0eT\
.\xa4rpv*\xfeg\x00\xf6\x98\xf4)\xa58\xb0\
o\x1c\xef{\xe2~\x1c\xbd\xe9\x10r\xee\xee0\xaa\xf9\
w\x04@\xdd\xa6\xb88\xbb\x86sW\xdd\xe90Bo\
\x99\x97'\xc0\x0f\x19\x08k\x0e\x02\x08\xb1\xb0\x18\x00R\
\x17>\x84\x08\xb5\x83D\x0d\xce\xca\x13\xcf\x89\xa8\xbe2\
\x16\x93D)e\x02\xa5H\xb6Qx\xbb\x0f\xbcb\xf4\
\x81\x99\x86wW\x88P4\xed\x14\xd4Rw\xe5\x13\x1f\
V\x94\xd3W[5\xa6\xba\x84\x0d$U\xae\x90\x10\xa5\
\x9c&\x00E\xa9\x02\xb6^\xe4\xee\x19F\xb5{@\xc5\
4\xf5\x06\x00\xfc:\x80\xbf\x0dg\xd1;\xad\x10\x02\x1c\
\xbd\xe9:<\xf3\xf8}8t`\x02\x99\x94\xd7\xb3\xe7\
\xf5\x80\x10f:\x8c\xb3\xa5\xfa\xdbWWp\xc9\x9b\x0e\
\x03\x80\x9d\x17'\xb9|T\xf3\xf4\x9a\x06\x96LM\xdf\
.\x0a\xcc!\xa9\xb9%A\x14B\x93Q\xaa\x0b\x94V\
\x95\xa3\xce8\xc4\x99%<\xa9\x9a\x91>\x15\xe3=\xef\
$\xe4\x98\xc6\x82\x82*w\xca\xba\xe0I\xc4\xc4>\xe8\
x*zy\xc9#\xe0\x85\xe4\xad\xc0Iq\x82z8\
)\x8eTi\xa9\x06g\xbb\xd4\xa4\xda\x15\xa0b \xb5\
\x0f\xc0o\x01\xf8Y8\xcb\x07+\x85R\x8aL:\x8d\
;N\x1c\xc1\x13\x8f\x9c\xc2\xe4\xd8\x90\xb3\xd0\x9d\xac\xe9\
\xc3\xaaP\xaa\xe1\xcc\xc5e\xcc,\x15\x84\x1e5\xd7z\
r\xc7%\x01z\xeb\xca\xd1wu4\xfe+@\x06\x96\
\x0f\x1d\xc6\x22\xf2\xea%\xba\x87\x03\xe7:\xdbV\xe4\x94\
\xf8\xe6\x1e\xd3c\xa8j\xc2\x11\xe9\xc0\xe4\x94\x92.\xb4\
A\xb7\xd9\x9fk\x22\x18[\xd4\xcfM\xd7q%ZQ\
\xaa\xc3\xe0\xc7Iu\x1a:2\xf2 a\xeb\x10i\xfa\
\x8d\xa6\xc2\x22\x84\x94\xd5n\xb6yG\xf9\xaba*k\
79\xdaw<\xa8\x18H\xdd\x0ag:\xcc\xfb\xe0\xf8\
\xa7\x94\xe2M\x87y\xe0\xde\x13x\xf0\xbe;0\xd4\xdf\
\x0b\xcbR\xfb[\xdc\x14X^\xaf\xe0\x8d\x8bK\xfct\
\x18\xc9\xf7D\xf5\xfb\xe4!\xba\xff\x0a\x08\x80\x05\xa2\xb6\
\x8aX\xa8\xf8q\x94\x7f\x81\xfdC\xb1i\xea\x0fA`\
\x22\x9dB\xa1\x1az\x10\xc0LS\x17\x95U&]A\
\x12\x8bobj]*\xca\x82S\x04\x87wD8e\
?\x86\x8a\xf7\xd1C\xbb\xe0\x8bb1(\xbe\xb3T\xc0\
c\x14Hi\x97n\x89\xd1\xb4\xe3\xbf6\x07(NA\
k\xcd\xed\x9e\xb6\xdf\x8e\x06\x153\x1d\xe6a8={\
w\x9b\xf4)\xa5\x18\xec\xef\xc5\xe3\x0f\xdf\x8d\xbbo?\
\x86^o:\x8c\xf8b2if\x977\xf1\xe6\xc5e\
l\x14\xab\x8e\xcf\x89\xc2\xf7K\x01bS.\xb0\xae\x80\
p`\xa9\xf2\xf0\xeb@4\xf6\x8dK8v\x98\x83\xae\
\xb5\xe4\x8d\xcb\x92}m|\xb3\xcd\xec\x1e\x87@U\xa1\
\xf9h\xc8[\xcaC\x7fh\x18\x0f\xaa\x19R\x10\xd5i\
\xad\xd4#\x1a\xf4\xb8\xe5y\xbe\xa8P\xaf\xbbs\x01\xe5\
\x15\x19\x02\x80\x85\x82IS\xc78pRVK\x88\xd0\
\x18\x90\xe6z\xed\x22\xd9\xb1\xa0r!\x95\x06\xf0\x13\x00\
~\x0f\xc0\x0d&}J)\xf6\x8c\x8f\xe0\xe9\xc7O\xe3\
\xd8\xd1\x1b\xd0\x95\xcbh\xba\xd2\x03'\xe3\xe5\xd9\x0d\xbc\
ue\x19\x95j\x83\xef\x89c\x96Oi'\xb0\x02g\
7\x09\xac\x22\x16:l&L;P\xdc>\x8b\x1b6\
%Z:\xc2\xd4\x99\xa0\x09j\xa8+\xc40\xa2\x8d\xe4\
\xd6S\x8f\xe1|\xa7\x91\x02I\xd4\x94Z=\x1d\xc4D\
\x8b\x86\xb7\xc6\x98\xd4D},\x8b\x00\xb0\xd0\xa6g\x18\
\x9c\x14G\xc6<\xcc\x80\xa2\x8c\x1a\x05\xdd\xb5\x80\xf2d\
\xc7\x81\x8ai\xeau\x03\xf8\xeb\x00\xfe\x01\x80\xd1\xb0t\
7^\xbf\x0fO?~\x1fn\xb8n\x1f\xb2i\xb7g\
\x0fr3\x86\x10\xa0Z\xb7qnj\x15\xe7\xa7\xd7P\
w\xa7\xc3(\xa7\xbe0\xcev\xb5\xef)\x1e\xb0\x94N\
s\xf7\x8d\xe1F\xbb\x0b\xcd0e\x0f\x1b\xd3}N\x98\
\xf4\xe2\xba\xc1\x12\x84\xa8\xc6\x15%T^lN\x8a\xc2\
{\xe4 \xbc\xf9\x08\x05\x97Q\x87\xaa\x95\xb8WS\x01\
9\xf1%\x96\x0a\xd3\xac\x9e \x85j:\xfb\xd8\xa6\xa3\
4b<\xac\x03 \x22\x9cT\xd5W\x9dW\x18\xa0L\
\xf9\xefF\xd9Q\xa0b 5\x02\x07P\x9f\x82\x03,\
\xa5P\x00)\x8b\xe0\xb6[\x0e\xe3\xc9G\xef\xc5\xde\x89\
Qw\xa1\xbb\xe0\xf5d_ToK\xf53\x97\x97q\
ua\xc3_C\xca{)\x95\xc3\x06\x84\xc5\xe9\xd4\xbe\
\xa7p`\x01\xbce\xc4\xef\xa2 Mla\x0a\x0b\x9a\
x\xbc)\xe5|\x91\xfcT\xbe\x8f\x9d_\x1a\x98\x12\xca\
\xe8\xcae\x99\x96u\xe1 \xa4\x18\x8d \xa5\x88\xe3\xfa\
\xd00E\x15\xcf\xf6\xe8\x99\x06\x83\xbaC\xcc\x15Q\x8a\
&\xa1`ZI\xcdAq\xa3P\xca\x94\xcf\xf8\xbf\xe4\
\xa1\x0dh\x09N\x9cV\x84\xe6\x9d\xe4_\xd3\xa5a\x03\
w\x8f\x8bjg\x81\xca\x95\xeb\xe14\xf5>f\xaa\x1f\
;\x1d\xe6\x91\x07\xef\xc6\xc8`_\xd0\xb3\xc7\xbd\xb5\xc1\
\xddX-T\xf1\xc6\xc5E\xcc\xaf8\xbb\xc38/\xae\
\xdc\xa4R\x0e\xcc\x0ci\x0e:\x9a2\xb0H\x90\x91P\
\x7f\xf0\x8e{\x86D\xbe3\x9c0\x10e\xcf$\xf0\x80\
\x0bgH\xd4\x0f\x9f\xe0\xd3b\xc3\xe4\xa4l=\xe4\xeb\
 e\xaa\xbc9\x9ap\xd3\x8b\xc1u\xa9\xc9\x19\x85\xf9\
`\xc4\xd7\x92*\xf2\x13\x90#\x81E\xed<g &\
\xea\x09\xb0b-\xab00\x01\xd1\xe0d:w\x1d\x9c\
\xf4y\xea\xcb\xd8\xe9\xb2#@\xc5XRw\xc1q\x9a\
?\x02\xc3cM)E_O\x17\x1e~\xe0N\xdc{\
\xd7m\xe8\xef\xed\xe2\x01\x02H4\x99_-\xe1\xf5\x0b\
KX+T4\xd6\x11\xd7W\xe6\x96\xa3n\x0e\x021\
\x80%R\xc6\x83\x8c\xae\xa9\xc7\xfa\xb1\xc0 \x83\xb1\x84\
\xd8]\x96YsJ\xe0\x1dS\xac\xdc%'\x01\xce{\
\xc7\x14\xacS\x0d\x8e\xe5_h\xa1\xcfRg\xed\x98\xde\
\x0b\xad\x1fH\xa3\xa8\xf4\x1d1\xf6\x12\x95\x82\xc5QR\
r\x9eT\x15\xcc\x9b-\xb2\xafKp\xaa\xfbFX\x13\
pb\x14L\x96P\x1c@Q\xea}\xd9\xdd\x8d\xc0m\
\x07\x153\x1d\xe6\x198\xc3\x0f\x8e\x9b\xf4)\xa5\x18\x1b\
\x19\xc0\x93\x8f\xdc\x8b\xdbn\xbd\x09\xdd\x8a\xe90\x1c\x17\
l\xe0\xea\xc2\x06\xde\xbc\xb4\xe4N\x87!\xdc\x8b\xc7\xfb\
\x9e\x02\xeb\x0a\xd07\x07\x9dzh\xfcWnB\xde\x0f\
\xa4h\xda\xb1Nn\xb6U\xc56\xcd<\x87;\x00q\
x\x02\xe7\xef\xe6\xac!\xf8\x95\x08\x8ag\x9bJ\x01a\
\xa9\xd8\xd4\xd3\x18d\xec5\xe1NK!\xfc\x8fD\x88\
\xb2x=\x22\xe9\xa9\x87\x0c\x04\x07\xea\x1e?\xea\x11\x9e\
I\x15dE\xfc\xa6\xaf\xe4l\xa7\x22\xafDB\xaa\x88\
\xc9\xd4Os^\xad\xc2\xc9I\x16\xc5\x82\xa2\x1e\xa7v\
\xb5l+\xa8\x5cHe\x01\xfc\x0c\x80\xdf\x863\xa0S\
+\x94R\x1c\xda?\x81\xa7\x1f\xbf\x0f7\xdep\x10\xb9\
L\xca\xb8\x0cR\xbda\xe3\xfc\xf4\x1a\xde\xbe\xba\x82Z\
\xddf\x9a0\xf2\xae0\xa2u\xe5\x84\x85\xac\x84\xa0\xf0\
_\x01\x81/\xc5\xb7n$\xa8\xf0&\x96\x07=\xd1\x22\
\x0aD&\x08\x07>\xce\x8a\x12Vf \xbc\xe5\xc4\xf2\
\x91\xaf\xb5\x93@gU\x81\xe9\x140\xde#\xc5A\x5c\
W\x88\xa1\xd1\xa3\x1dE\x10X\x9dr29\x8c\xf7=\
Q!\x8c}\xd1\xd9\xe6`\x10\xce\xa3\x902\xf0d\xf7\
a\xd4\xee\x94L\x8dg\x18\xc9\xf7dL\xc6X{\x06\
\x04\x86\xc4\xec,\xd96P\xb9\x90\xea\x07\xf0\xab\x00\xfe\
\x0e\x9c\xa91Z!\x84\xe0\x96#\x87\xf0\xd4\xa3\xa7\xb1\
\x7f_0\x1dF9g\x8f\x00\xe5j\x03o]Z\xc6\
Ew:\x0co\x1d1~\x18\x06@\xb2e\xa4n\x0e\
z\xfa\xaa\xe6 \xd7\xb3\xe7\xc3G\xb4\x86\xc4^=\x91\
N\xcc\xa4b\xf0\xf6\x18\x85\x02\x16\xa2s\x9d\xad\x82\x96\
<Lu\x04G\xb9\x09,\xc1B5R\xe1\xaa\x16\xa6\
!\x9f\xc0\xfa\xd2\xbf,\x8a\x1e?j\xd2U7\x0b}\
c\x8a\x05\x11\xa7\x13\xe1u\x0d\xfc\xe5\x90f>\x07\x05\
H\xb9\xb5\x03NN\xf2\x10\xeb\x899\x90:\x0b\xa2X\
u;\x5c\xb6\x05T.\xa4\xf6\x00\xf8\xa7\x00\xfe\x12\x9c\
I\xc6J\xa1\x94\x22\x93I\xe3\xae\x13G\xf0\xc8C\xa7\
062\x80\x94\xb0;\x0c\x0b\x0fB\x80\x8db\x15\xaf\
_X\xc2\xcc\xe2\xa6\x1b\x01I\x9f\x08\x8e\xa58\xcdA\
\xb1L\xd6\x96\x92\xc1\xc9\xbfl\xaa\xe6\x1fk}\x05L\
\x0b\xc6C\x11\xa9\x82\xbc\xcf\x8a}\xebE\x90Qv\xe8\
\x02[\xac\x0bL\xa9>\x80\xba\xd7\x927\xc3\xe4sa\
/\x83\xfa\x90\x93`8\x05\xc3\x8c\xd07\x87o\xba\xc9\
e\x11\x09>\xfc!\xef\xf0\xf6\x83U\x90\x11\xfcQ\x1c\
f\xa8\x98\xaf\xe0\xa7b\x14\x1c>\xd2\xb6\xc2I>/\
\xb9\xa9k\xba\x01\x94\x7f\xf4w\x85l)\xa8\x18\xa7\xf9\
Q8\xfe\xa8\xf7#d\xa1\xbb\xee\xae\x1c\x1e8u\x02\
\xf7\xdd{;\x06\xfaz`\xf9\x93gdk\x07\x14X\
\x5c/\xe3\xb5\xf3\x0bXZ/\x07\xbd\xf9\x8a\x89\xc5\xf2\
f\x9d\xd1\x9b\x83l\x99>?\xd4\x04\xe2\xac7U\x8b\
N2c\x14\xbe(\xe5\xd0\x05\xc8s\xf7\xb4\x9d\x00\xfe\
9(z\x1f\x15UQTR\xb6 \xa0\x81U\x98h\
\x9bn*\x09\x1f\xa9\xae\x07\x9c\xec;\xf2a\xc6\x9a\xd7\
\xec\xc9\xb3V\x0fk%\xb1\xd6\x94\xd8\x14d\x8ba|\
^\xfcp\x05\xd1\xf9\xa5?\xa5\xc8{\x0a\xea\x00%\x14\
\xe3\xadIE\x95\x17r\xf7\x90j\xcb@\xc5@\xea!\
8={\xa7L\xfa\x94R\x0c\x0d\xf4\xe2\xf1\x87\xee\xc6\
\xc9\x13\xb7\xa0\xa7+\x07K\xf3\x13\xee\xc1cz\xb1\x80\
\xd7/,b\xa3T\xe3tM\x13\x8b\xa34\x07=\xab\
\xc5_\xa3\x08\x80M\xf9\x87\x8f\xbauf\x97\xd5`\x9b\
\x82\xc4\xcd\x90\x10g\xecW\xca\x22\xee P\x0fC\x84\
\xd1\x87_I\xb5/\xca\xed\xa5\xe3\x9c\xf6\xfa&\x98\xd6\
\xaa\xf2_#\xf5\x03\xcb]]\xa2\xce\x5c\xfd\xe3\xac\xeb\
\xf6\x83\x168\xea\xb2\xc5s\x92_v\xe6rH\xf4\xe3\
!&\x13B\xb6JT@\x11\xfdQA\x18\xaf#\x94\
O\x83O\xd6\x07\x16\x17N\xeaz\xea\xad'\xbd\xe5\xb6\
\x9b\x1az\xb2l\x09\xa8\x5cH\xa5\xe0,\x15\xfc/\x00\
\xdch\xd2\xa7\x94b\xef\xe4\x08\x9ez\xf44n\xbe\xe9\
:\xe4\xdc\xe90\xbc\x85\x13\xe8\xdb\xb6\x8d\x8b\xb3\xeb8\
s)\x98\x0e\xa3\xf2]\x99&\x16\xab\x9a\x83\xb6Ma\
S\x8a\x86\xed\xfc\xd9\x0d\x1bu\x9b\xa2\xd1\xb0QoP\
\xd4m\xdb\x85S\xf0\x8cR\xcf9\xced\xee5\xc5\x08\
<x\x11X\x84\xc0\xb2\x9c\xbf\x94E\x90N\xa5\x90I\
[\xc8\xa4\x09\xd2\x96\x85T\xcaB:m9\x03X\x09\
\x11\x9as\x94\xf7\x85\x05\x06\x9c\xd0[h\xf8\xc5d\xd2\
\xf3M]\xddM\xd1;\xb0\xb4v\x9a\xca\x84T\x99\x05\
\xba\xeaA|\xc7d\x00\xf2>r\xb9\xe9\x170\x84\xc9\
Q\xd9q\x17`\x8aj\xca\xa0\x8cn\x90\xce\xbb#r\
\x0a\xbd\xc5\x15\x1fN|)\xaa8!\x8a\x83\xda\xeew\
Ru\x1cT.\xa4\xba\xe0l\xba\xf0\x8f\xe0l\xc2`\
\x94\x9b\xae\xdf\x8f\xa7\x1e;\x8d\x83\x07\xf7\xf8\xd3a<\
a_*B\x80J\xdd\xc6\xdbWV\xf0\xee\xd4\xaa3\
\x1dF\xbb\x85\x95\x97>\xb0\xae\xbc\xf7\xc6\x01\x0dE\xbd\
a\xfb\x7f\xb5\xba\x8dj\xdd\xf9\xee\x01\xcb\x83\x12'\x8c\
\x9f'\xb0\x9e(\xd3\xa2#>]\x89\xafD\x85z\x11\
\x10R\xf3u,\xcb\xf2\x01\x96I[\xc8fR\xc8e\
R\xc8\xa6S\xc8\xa6-d\xd2N<oa2o\x83\
\xc2w.\xfb\xc7\x08\xeb\xd7W(\xea-4(\x92p\
\x97D\x17!\x06\x08\xc00\xfa\xc9%%sb\xaa\xb2\
r\xbctTnRR\xc9J\x0at\xb9\x12\xc3\x06B\
\x89\xf5P\xf8\xb0\xa2\x0e\xcct\xbe\xc6\xb3\x9e\xa8|b\
j=\xec.\xe9(\xa8\x5cH\x0d\x03\xf8\xbf\x01\xfc\x0a\
\x9c\xed\xac\x94B)\x90NY\xb8\xed\xd8a<\xfe\xf0\
)\x8c\x8f\x0f#\x9d\xb2\xf4\x99\x13`\xb3\x5c\xc7\x1b\x17\
\x96pea=\x18*\x14\xba\x85\x15\x1c+\xa9\xe1\x80\
\xa8Zk\xa0Zo\xa0Vw\x80\xd4\xb0i\xa4\xb5\x86\
\x00\xc6R\xe2\x80\x83\xa0l\xb6\x1e\x5c\x13\xd0\xd7\x16\x5c\
T.<)E\xa3A\xd1h\x00\xd5z\x03\x9b\xe5\xba\
\x0b\xb0\x00^]\xb9\x0c\xba\xb2)\xe4\xb3id]p\
\x11a )\xdfl\x13\xbb\xe4d_\x85\xce\xa0\xd2o\
\xdd%\xdd\x92X\xa2[\xce\xca\xf8\x1a\xabx\x22$6\
p\x83\xb9*\xa2U\xe4\x1cPq\x19\x18\x226\xd9\x98\
\xa6 U\xe8\xb8\xbe-\x1e0\xaanH\xa1~\xed\x84\
\x93\xe9\x9a\x87j\xecL\xe9\x08\xa8\x18\x7f\xd4!8\x1b\
\x81~\x02\xce\xc6\xa0J\xa1\x94\x22\x9f\xcb\xe2\xde\xbb\x8e\
\xe1\x81\xd3wbp \x98\x0e\xa3zy\x08\x80\x95\x8d\
\x0a^;\xefL\x87a\xfd\x14~\x0f\x19\x00o\x0a\x8a\
m\xd3\xc0J\xaa5P\xa95Po\xd8h\xd8v\xd3\
\xb3\x08:\x05)\xd6\x15$\x0e\xc6t\xac>\xa0\xdeh\
\xa0Tm\x80\xc0\x81{6\x93BW.\x8d|6\x8d\
|&\x85L\xc6r|`\xba\xa6\xa1\x1f&\x0f\x8cP\
\x9bC\xe1\x082j\xa8\x08G\xf9\xf1\xec\x86\x06\x0as\
\x01\x94\x0d>\xb9\xba\xba\xb7:\xca\x02y\xda\xb3\x0b\xc0\
F)A\xf8\x83\xa3Z\x1e\xc6+\xce\x85]D8\xe9\
j\xa8\x03\x94\xc6U&\xe7\xbd{|\xe9\xed\x07\x15\x03\
\xa9;\x00\xfc\x1b\x00\x8f\x9b.\x09\xa5\x14\xfd\xbd\xddx\
\xf8\xfe;p\xf7\x1d\xc7\xd1\xd3\x93w\x9b4\x14\xbae\
\x80g\x977\xf1\xda\xf9Egw\x18\xcf\xe1\xcc\xbc\x8c\
\x9eER\xad;P\xaaT=0\xb5\xe7\xf7\x84\x08\x16\
[\xcb\x90\x12\xf3c!E\x18\x90q\xc7\x8e\xd4m\x8a\
z\xa5\x8eb\xa5\x0e\x8b\xb8\xe0J\x07\xe0\xea\xca9\xbe\
/+h\xa0\x82/L\xbc\x1f|\x9d\xc48M\x94\xc6\
\xa9.$4]S!\x1f\xad\x12e\xb5\xf9\x14T\xcc\
M\x1a\xefD$\xa7;\xdb\xbb'2K\xb9*\x82\xe4\
\xb0\x97M8~\x9a\x8d\x94\x01S\x1f\x85+\xa1I8\
\xa9.3u\xeb\x17\xc3\xe0\xda\xb1\xd2VP1\x0b\xdd\
=\x0dg\xf8\xc1\x09\x93>\xa5\x14\xe3#\x83x\xe2\xd1\
S8v\xf4F\xe4s\x19\xb5\xdf\xc5\xed\xad\xa3\x94\xe2\
\xf2\xdc:\xde\xb8\xe0L\x87\xb1\x98_\xff\x86\x0d\xd4\xea\
N3\xae\x5cu\x9ar\xadXL:!*\x08\xb5\x0b\
R\xac\xbe{\xac\xb4\xb6\xdct*K\xa8\xde\xa0\xa87\
\x5cpY@&\xe5@\xab;\x9fAw.\xed\xfb\xb7\
\xc4\xab\xac\x83\x93t\xfe!\xf1\xcd\xfeP\x87\xdd&\xfd\
}T[7\xe2\x02w|A\x8ap%\xdc\xe45\xd4\
\xfd\xa6\x1f\x03M\xb1\xb9\xc8\x9fO\x90\x07\xc73e\xef\
a{\xe0\xc4\x1dy\xa6\xaa\xb6;pw\xd0\xabm\xa0\
r!\x95\x01\xf0I\x00\xbf\x03\xe0@X\x9a\xeb\x0eL\
\xe2\xa9G\xef\xc5\xf5\xd7\x1d@\xc6\x9d\x0e\xa3\xfae&\
p\xb6T\x7f\xe7\xea\x0a7\x1d\xa6nS\xbf)\xe75\
\xe7\xec6YM*\xe1\x81\xe4\xfcC\x14\x0aa\x90\x22\
\x8c\xbe\xce\x8a\x0a>\x0ci\x82h\xee\x8a\xb1\xe3B\xab\
u\x1b\xd5z\x15\xeb\xc5*2i\x0b\xf9l\x1a=\xf9\
4\xbasid\xd3)\x1eZ\xcc\xc8m\xe5T\x19\xa2\
z\xbd\xb5}~bRC|\x04\x8b\x8b\x18^X\x89\
UAg\x86\x1e\x02\x9a\xd5\x0e\x04c\x88(\xf5\x84\x02\
\xa9\x08\x1c9\x9e\xb2?\xban\xfd<X\xd1P\x00\xc5\
\x01\x94\xc1\x99\x15\xf9j\xef<i\x0b\xa8\x5cH\xf5\x01\
\xf8\x9b\x00\xfe\x1e\x80A\x9d.\x05`\x11\x82cG\x0e\
\xe1\x89G\xee\xc5\xe4\xe4X\xb0;\x0c\xf3s\xec}%\
\x04(Ujx\xf3\xe22.\xce\xac\xa1\xe6:\xc1+\
\xd5\xba\x0f\xa7\xadX\xadB\x9c\x1a#A\xa8\x8d\x90b\
\xc1\xc3\x8f\xab\x126\x0e\x15\x9c\xe4\xe2\x88x\x915\xb5\
\xba\x8dZ\xbd\x8aB\xa9\x86t\xcaB>\x9bB\x8fk\
ie3\xbc\xa5\xa5\x5c!Kp[\x11)\xd0x\x05\
c\xc6\xf1\x84\xa1:}\xc5\xd8$\xaa\xa0\x94\xae\x81\x18\
\xb8\x9b\x14\xe7\xc16\xcd\x18\xf6h\x8d56L`\x17\
\x91K\x0e\x8e\x88\xd7\xf3\xac\xba\xd0\xdc\xa9\xea\xae\x10D\
@Q&\x0d\xd5\xe9S\xb2k\xa8\xd52\xa8\x5cHM\
\x00\xf8'\x00\xfe2\x9c\xa1\x08J\xa1\x94\x22\x9bI\xe3\
\xae\x937\xe3\xe1\x07\xee\xc6\xd0\xd0\x80\xbc;\x0c\xdbv\
 \xc0Z\xa1\x8a\x97\xcf\xcd\xe3\xd2\xec:\xcaU\xa7i\
\xb7Up\xf2\x84[ve\xab %4\xf58\x0b\xc7\
\xe8\xb7R\x00\xce\xafV\x10Xo\xd8(\x94ll\x96\
\x05h\xe53N/\xa2\xc6\xa2\xd2\xdd\xaa0if)\
\x5c\xddH\x04\xc5\xcd\xd18\xca\x85\x84\x8c\x7fK\xf6?\
\x05$\xf2\xb8\xa56j\xf8y\xa3T\xf2\x5c\xcb\xa4`\
\xf9\xc3/\x0bC\x85r\x9ah\xda\x09\x81\xba\x16\x1e5\
k\xecxi\x1aT\x8c\xd3\xfc\x08\x9c\xdd\x8a?\x88\x90\
\xe90=\xddy<p\xef\x09\x9c\xba\xeb\x04\xfaz\xbb\
\xfd_p\xe9\x81w\xaf\xe5\xd4b\x01?xc\x06\xd3\
K\x9b\x1d\xf17E\x17\x95u\xe3~\xc4\x82\x94\xa1g\
O\xab\x13\xd5\x8a\xd2\x00J\x01\x1c>\x0b\x82z\x83\xa2\
P\xaac\xb3\x5cG:UAW\xcek\x1ef\x90N\
Y\x81/\x90\xf2>\xb6\xf6\x08m::\x00\x80\xe95\
d\x9aV\x9c\x95Cdg6!\x01x|'\xbb\x93\
\xab\xb4$\x8c\x7f\xc8\x98Zn\x1a1\x9epC\x17\xc4\
;\xa1\xf3_\xe9.A8\x9c8v\xfa\xf0T4\x09\
\xdbz\x1f;+M\x81\x8a\x81\xd4\xfdp\xa6\xc3\xdcg\
\xd2\xa7\x94bx\xb0\x0f\x8f?t7n\xbb\xf5f\xe4\
\xf3Yf\xce\x9e\xab\xc3\xe8\xd6\xea6\xde\x9dZ\xc5\x0f\
\xce\xcc\xb8\x0b\xddm\xdf\x155\xf7\xf0\xf1VN<H\
Ep\x9a\x9b E\xd4u\xe2\xabC\x14a\xe2\xd9p\
\x87\xa87ll\x14\x9d\xe6a\xc6\x83VW\x06\xdd\xd9\
\x943\xae\x8dP\xc5\xb3\xde\xca\xfdQ\xf9\xb8\xa8:Z\
z\xd7\xa827\xb1g\x8fW\xd7\x0d]\x90rP\x0b\
\xeb\xb7\xf2\xd3\x09\xc0QL\xaf\x0a\xaa\xc4\xc0\x90\xfa\xf6\
\x99:\x1f\xd5y\x1a\x5cP\xca\xa5o\x84\xd3\xd6_\xb9\
\x9d-\xb1A\xc5,t\xf7a8\xd3an6\xe9S\
J\xb1o\xcf(\x9ez\xf4^\x1c\xbe\xe1\x10\xb2\x99\xb4\
\xf3\x0bM\x01\x7f\xa2/\x853M\xa5a\xa3Rk\xe0\
\xcc\xa5e\xbcrn\x1e\xa5Jc\x9b!\xe5~2\xff\
\x10\x01B\x81^\x07!Ex(\x9a\xac(%\xa0\x04\
}\xfe\x9c\x84sf\x02k\x0d\x1b\xb5b\x15\x1b\xa5*\
\xb2\xe9\x14\xba]K+\x9fM#\x95\x22\x0c\xa4\x14?\
\xd3\x0agv\xe4\xeb\xce\xf9\xa0\xe4fcP\xa2\xc1\x17\
\xe5\xf6\xccH\x0b\xe8y\xa9E\x07<\x11\xc75\x09\xff\
\xba\xffP\x0d\xc78\x18ht\x18\xa3,hF\x08>\
6\x0a\x05\xaab\xc1\x89\xa975\xb3y7I,P\
1\xd3a~\x01\xc0?\x86\xe3\x9b\xd2\x0a\x01p\xe4\xf0\
\x01<\xf1\xe8\xbd\xd8\xb7w\x12\x99\xb4\xbb\x86\x94\xfb\x8f\
m;\xf3\xe5\x1a\x0d\xe7!)W\xeax\xf5\xfc\x02\xce\
\x5cZf\x16\xba\xdb\x1e\xd1:\xcf\x01HQ\xa1>\xa9\
p\x00q\xb0!D]\x0f\xf0\xd0\x09k\xe6I@\xe3\
\xb3b\xee\x93\xbe9G\x00\x80\xc2\x19\xc1_k\xb8\xbd\
\x87)t\xbb=\x87\xf9l\xda\x1d\x5c*H\xac\xb7\xc2\
\xd0\x0f\xa8\x00\x9e\xec;\x12\x948\x9f\x0c\x11\x03\xe0X\
5bN*w7\xd1\xea\xb0h\xe4}Z|<\xe5\
v\xad\x11F\xb4\x8b]\x8c\x5cB\xfde4\xc1I\x17\
\xbf\x9b!\x05\xc4\x00\x95\x0b\xa9!8\xbdz\x7f\x03N\
/\x9fR(\xa5H\xa7S8y\xeb\x8dx\xf4\xc1\xbb\
122\xec\xee\x0e\xe3\xc45\xdc\x91\xe2\xb6M\xfd\xe9\
-\x1b\xc5*^8;\x87\x0b3k\x9a5\xba\xb7Z\
x\x80p/9\xe7\x97\x8a\xe38o\x1eRF+*\
\xa4\x89\xa7\x02\x94~\x83Q\xf6@\xbe\x096\x85?\x1c\
d}\xb3\x8al\xdaB\xb7;N+\x97I9\x9d#\
!\xad'\xdd\xb5\x0e\xc4d\x8e\x88\xe1\x0a89\xee'\
\x1e;\x82\xc5\xc4\x0fw\x804\xee*h\x9d\x89Nv\
\xbeY\xa7\xb4()\x9fG\xa0%;\xf7\x83,\xe4a\
\x0a&\xbf\x95\xa8\xa1\x83\x13\xa5\xe6[\xb1[\x00\x16\x09\
T.\xa4z\x01\xfc.\x80_\x84\xb3|\xb0\xfa\xc4\xdd\
\xe90\xa7\xef\xbe\x15\xf7\x9d\xba\x1d\xfd\xfd\xbd\xb0\x08\xf1\
\xa7\xb14l\xca\x8du\x22\x04XX-\xe1\x87o\xcd\
bfis\xbb\xaf\x87['\xd9/\xa5w\x9e3\xe9\
\xe4\xae\xba\xe8\x902\xf8\xa3\xa2ZQ\x91\x01\xa5\x83\x93\
\xce\xf1\xae\x09\xb0)E\xb9\xd6@\xb9\xd6\xc0j1h\
\x1ev\xe7\xd2<\xb4<\xa1\x8a\xbc\x94\xbe\x13\xa1T\xe3\
\x9a\xe2\x8aqHTa\xf7\xa8\xbb\xf0\x82#\x9d\xb3\xdc\
\xbb.\x8c\xc3\x5c\xde2K\xdc\x8c\x94\x8dW\xcf\xfb\xd3\
-\x17Cyzi\xfdN\xf29\x09\xb1\x9ccL\x83\
\xa3\xddB)D\x00\x15\xe38\xff8\x9c\xd58\x8d\x90\
\xea\xef\xeb\xc6\xa3\xf7\xdf\x89\xdbO\xde\x82\xae|\x1e\x94\
RT\x0d\xa3\xc4/\xcfm\xe0\x87o\xcdbe\xa3\xb2\
\x03\xac(\xe1]U\xf9\xa5\xc0\x03\xc1\xfb\xae\x1aq\xae\
n\xfa\xb5\x07R\xa2/*\xb4\xf7O\x07(\x955\xa6\
<\x10\xf2\x17B\xa9\xed,\xff\x5c\xa96\xb0\xe6YZ\
y\xc7\x09\x9f\xf5\xa0%\x0a\x8d\xf6\xaeP\xbf\x8eT\x03\
;\xa1\xe9\xc79\x83\x98p&\x11Uv\xad\x89\xd3h\
\x82\xf2T=\x8c\xbe\x0fLa\xfap\xf9(Zxb\
\xadD\x1f\x97\x0e\xac\xe1\xbb\xd8x\x1fA=\xb4\xbd\x82\
;\xe0}\x8b*Q\x9b~=p\x9c\xe7\xc6\xcd@'\
F\x9d\xe90Gn\xbc\x01\xa9t\x0a\xb5zC;\xbf\
\xce\xb6)\xde\x99Z\xc5K\xef\xccc\xb3T\xdb\x11\x90\
r\x84}\xd1\xd5~)%\xa4\xb8(\xd38)\x03\xa4\
\x0cNsm\xf3P\xa8\x9chE\x89\x80RYOz\
8\xa9\xa1\xa4\xd6\x0d\x0e9K\xcb\x22\xc8\xba#\xe2\xf3\
\xd9\x14\xf2\x99\x14R\xcc\x90\x07\xa2\x84\x95\xe0<7\xf9\
k\xc4\x1a\x98\x1c\xe8\x9c*\xe1\x1d\xd9>\xf0XG\xbb\
\xd4\x86\x94\xe1\xc2$\x13\xbf\xfbZ~\x18\x031\xe9\xc4\
\xa9\x04C\xef\xdf\xb8p\xd2\x89\xc9:\xdb\xe9\x12\x15T\
)\x00\xf9\xb0\xab0>6\x84\xfd\xfb\xf6\x80X\x16\xea\
u\xdb\xa8^k\xd8\x98^,`\xb3\xbcs %\xaf\
\x88\x00\xb5_Jp\x9e{\x11\x92\x85\xd2,\xa4\x08\x8f\
\x08\xb3\x0fK]\x9fX\x80\x12\xe0dj\xeey\x87T\
\x0aV;\x91\xa8MQ\xae:\xf3/-B\x90N\x11\
\xe42)\x1f\x5c\x19op)\x97\x5c,PM*E\
_\x9f\xc4\x16\xc7\xe2\xe1\xf3\xa3<\x9d\xf8,$\xd2h\
\x8e\x15>,/\xbd4\xe5\xc6?\x0c\xd2R\xee;\x04\
\x18\xb2e\xa8\x1c\xf8\x88\x0c'OW\xb5\xa2\xc2\x0ey\
\xed\x22ITP\x95\x00\x9c7)\x10Bp\xe6\xed\xcb\
 \xd6w\xf1\xd8C\xa7044d\x5c\xd7)\x97I\
\xe1\xd4-\x93H\xa7,\xbc;\xb5\x8a\x06\xa5\xdbz\xe1\
\x88\xe2\xedT7\xf9B\x86!\xf8z*\xf0\xc4\x83T\
xSO\x01\xb2\xa6\x00\xa5\x9e\xe0,\x1f\x0a\xe5K\xb4\
R\xdfA\xb6\x01V\xabST\xebu\x14\xcau\xa4\x18\
k\xab\x8bi\x22rh\xf0}@\x80H\xaa\xa0\x85'\
8\xbc\xa5\x0a\x08\x0ew\xc5\xf6\xeb,\xbbtNv\x16\
pJ\xbf\x93\x5c3\x880\x14\xfda>\x84\x04\xef>\
\xd7j\xf4\x06\xa26a9\xf9k\xa6\xcbg\x8a\xdd\x84\
\xaaT\x98B\xe1\xea\x0b\xe8\xdd\x7f\xb7\x0d\xe0\x0a\x80\xc7\
\x00\x8c\xea/\x10\xc5\xfc\xc2\x0a\xe6\x17\x96062\x80\
\xfe\xfe^c\xde\xb9L\x0a\x93#= \x84`y\xbd\
\x84F\x83n\x9bu\xc5[Sl\xb3\xce\x0fT\xc4\x09\
\x90\x22&H\x91\xe6!\xc5,\xa6N\x84z\x84BJ\
L+|!\xcc\xf9x\x7f\xc1W7\xd6\xcbC\xd4\xe1\
\x83\xa2\xfd\x05\xd5\x01\xa5\xcej\x0f\xe5\xaa\xb38\xe0f\
\xb9\xe6\xfa3\xa9\x7f\xde\xc4\x22\xcc\xe6\x19\xce\x17\xee'\
\x8d\xb3\x8e\x04\xcb\xc9\x0b\xf7\x96\x0b\xe2\xaf\x8c\xf3/e\
CdW>!b*\x11\x96\x94#1\xefT\x17\x86\
*(\x060\x04\xee5!\x8e\xf2\xe1lz\x9d\xe8\xec\
\x82\xb1\xc1.\x8c\x0d\xaaf\xb6\x11\xacml\xe2\x95\xd7\
\xdfF\xa9\xa4\x1cXM\x01|\x11\xc0K\x85\xab/`\
;\xc5\x8a\xa1\xfb\x1a\x80\xdf\x00p6L\xf1\xfc\xa5i\
|\xfe+\xdf\xc2;\xe7.\x98w\xd5\xa0@.\x9d\xc2\
\xed7\x8e\xe1\x9e\xa3\x93\xe8\xce\xa7\xb7e\x9a\x0c7\x04\
\xc1\x0f\xe4#\xc5&\x9f\xdc\xc3\x17\x11Rl9Bs\
P\x0b)6\x9d\x00K\xef\x88]\xdd\x93x\xe94\x80\
\x22\x90\x01\xc5\xc2\x09>\x9c\xc48\x05\x0eD\x02i\xff\
\xf8\x84b~\xb6\xdb\xe9\xb2^\xacba\xad\x84\x99\xe5\
\x22f\x97\x8bX\x5c+c\xbdXE\xa5\xd6p:d\
\x5cLq\xc3+<\xf0\xf9\x17Ue\x12\x8a/\xa1\x0b\
<1\xad\xda7\xaec\x87\xdf\xa9\xa6\xedTd\xd2\x13\
E\x98\xe4Sc\xac.\xeeS#\xdedfv\xc2\xb4\
\xffG\xdd\xd5\xa8Z\x1cXe\xa5\xf3\xd1\x95;$\xa1\
\x16\x15\xe0[U\x00\xf06\x80\x1f\x01\xb8\x05\x86e\x5c\
\x08!(l\x96p\xf9\xca\x0c\xbar\x19\x8c\x8d\x8d \
\x95\xd2\x17E\x08\xc1\xe8@\x17\x06zrX\xde(\xa3\
\x5cil\xa9e%YS\xaaf\x9d\xa9\xc9\xa7\x1a\x86\
\xa0\xb2\xb4\x98\xb2DH\xf9\xb9\xea \xe5\x9bO\xac\x85\
\xc1\x033\x00\x92\x19P\xe0\xc2\xd8z\xaa\xe1\x14T\x02\
>x\x88\xf7\xc7\xe4j\xfe#>P\x89\x02bby\
6u\x96\xf1\xa9T\x1b(U\xea\xd8,9klU\
j6j\x0d\x1b6\xe57\x99\xf7\xad\x1d\xa5\xc7]a\
\x8b\xf8\x96\x0c\xe1\xe3\x88\xda\xfa\x0a\x80&\xfe@\x11e\
\xde\x014\xfdb\x84\xbc\x88T\x06\x15\x00\xc7]{\xca\
\x9c\xa5\xd6W\xa7\x8e\x1c\x1d\xec\xc2\xd8`7\xa7L\xdd\
\xe7+\xd4\xa2\xa2\xf4K]\x93\xb7\xbe\xb4\xf2\xd6\x97\xb1\
\x9d\x12\x09T\x00\x07\xab+\x00\xbe\x0b`?\x9c\x09\xc9\
J\xab\x8c\x10\x82r\xa5\x8a\xcbWg\x00\xbb\x81\xc9\x89\
Q\xa43\x19c\x19\x83\xbd9\x8c\x0etc\xadX\xc5\
f\xa9\xb6%\x17 \xac\xc9\xa7\xb2bDH1*\xfa\
\xe6 S\x16\xf7=\x8a%\xa5k\xea\x09V\x94\x0f\x11\
\xa6>l\x13\x0fL\x98\xcaz\x92\xe0$\x82\x89\x01\x92\
\xfab\x1a\xfe\x8c\xaa\x02\xbc\xd88\x12X\x08\x8d\x06E\
\xa5\xd6@\xb9Rw\x9b\x8au\x94*\xce\x88yoE\
\x0d\xaa\xba\x9e\x02[T\xe3\xac\xfc(\x8d\xe3\x8a\x0fg\
`&\x99=\xbc\x09\xe4\xef\xa2-\xe6+\x0dY\x90\x1b\
\x9f\x94I/\xd6\xd6\x08'\xf0F\xdb\xd8`\x17\xc6\x06\
\xba\xe5A\x1aQ@\x05|\xb1\xff\x86\x87_Zx\xf1\
\xbfm\xa1\xe9 K\xac)4\xb3\xcf\xfd>\x00`\xf2\
\xf4\xa7\xde\x06\xf0K\x00\xa6\xe1L\xa7Q.\xedB\x08\
A\xa9\x5c\xc5\x9f?\xf72\xd6\x0b\x9bx\xe4\xc1{\xd0\
\xd7\xd7g\xdc\x85c|\xa8\x0b\x0f\x9d\xd8\x87\x17\xce\xce\
\xe1\xd2\xecZG\x9b\x82Q\x9a|FH\xb1\xff\xb2M\
>\xf8\x01\x1aHq*\x88\x0a)\x95\x15\x15\x94\xcf\xd7\
\x85\xd1\xe4\xce\x8b\xf0\x05k\xce\x9f\x98a\xa4=\xd4\xa5\
\xe2\xcd\x03]3\x89\xb5J\xd9\xaez\xfe\x1c\x02\xab\xa2\
\xdep\xac\xabR\xd5\x83\x9as\x1d\xd3)g\x9b\xb1L\
\xcar\xbf\xbbk\xc8\x13\xc0\x22\xae\x9e\xe7d&B=\
\x0c\xc3\x06d\x0f\x13\x13K\xe0?\xd7\xa2\xe3Z\xe5e\
\x12\xd7\xae\xa2\xde\x1a\xd0!C\x08\x82\xf9{!\x83:\
LVWL9\xf0\xd4\x13x\xe3?r\xb7h\xcb\x1d\
4M\xad\x9e0\xfb\xdc\xefc\xf2\xf4\xa7\xe6\x00\xfc&\
\x80)8\xd3j\x86T\xba\x84\x104\x1a6~\xf4\xca\
Yl\x14\x8ax\xf2\xd1\xd3\x18\x1b\x1b\xd5\xc3\x8a\x02\x03\
=Y\xdc\x7f\xeb\x1e\xf4\xe4\xd2x\xeb\xf22\xeav\xa7\
z\x04\x05\x18\xb1 \x00\x03\x11FUL.A\x8a\x85\
Sp\x11\xc0\x7f\x15\xf2o\x12R\x12\xa0D=\xf1\x14\
\x8d\x80\x22r\x98\x10\xa0\xd1\x88~\x9d\x95\xe5\x0a/3\
\x15t\x08\xd3\xe3\xc7\xfa\xad\xbdk\xe3\x9a$\x9eO\x06\
\xb6\xb3\xf9\x05k\x9bx\xcd\xcd\xb4\xbb\x8b\x8f\x95r\xf7\
Nt\x8fS)\xe2\xac)\xcf\xddOhvK\x16h\
\xe2\x1d*\x9b\x9c\xac\x0aUF\x120\x80c\xc62p\
0\x12\xfcX\xea5A\xc1\xe8\xc2\xdf\xda\xcd\xa6\x14\xf5\
F\xb0\xbb\x92\xb75\x9c\x07\xbc\xf0\x15q)\xf9\xf2\xc7\
\x80\x14\x8fQ%R;)M\xafG\xe5\xc2j\x03\xce\
2/Sp\x96\x1f>h\xb8~8{\xee26\x8b\
%<\xf5\xe8i\x1c<\xb8_\x7fi(\xd0\x95M\xe3\
\xae\x9b'\xd0\x9d\xcf\xe0\xd5w\x17P\xae\xb6\xd7o%\
ZSj\xabJH#4\xf9\x88\x98@\xd9\xec\x90\xf7\
\xfdc\xbf\xb7\x1fRb\x1a\xaebz}\xc5\xf9k\xc1\
\xa4\x83]\x04\x91\x7f\xf5\xc5s\xa0\x1ah\x11\xae\x87L\
\x0b,\xefT\xfd\xe6\x99\xbb\xfd\x99\xed\xec\xe0\xe3$\xf7\
z\x15\x83F\xb1e9+\xcf\x12\xcb\xd9\x1c6E\xe0\
\xee\x9dH\xfc=\x14\x9d\xf5\xd3\xfc\xda X\x03U~\
\x7f\xd9qST\x88\x83\x10\xc7\x8e\xa3\x0a\x9c\xf3\x1eL\
x\xb8\xd8\xde\xa7\xed\xed7\xe9\x86\xb9{O\xda\xd4\xdb\
87\xd8\xfeme\xa3\xc7u\xa5\xf0\xc32\x08!\xb0\
#l\x84\x9a\x12g\xc6\x07\x03S\xb6\x0cV-\xad\xf0\
\xe9\xc2\xaa\x06\xe0\xbf\x03\x98\x81\xb3\xeb\xccI\x9d>!\
\x04W\xa7\x17\xf0\x85\xaf~\x1b\x8f?|\x0fn\xb9\xf9\
FX\xa9\x94\xd2\xba\xa2pL\xf8\xe3\xd7\x8f\xa0;\x9f\
\xc6\x8bg\xe7\xb0Q\xac\xb6q\xd9\x17\xde\x9a\xf2\x0fC\
z\xf9\xa4\x97\x97\x88Yp\xed\xbd\xd6 \xc5\x15c\x80\
TD+\xca\x08(\x13\x9cTMd\xdd\xf5\xd4\x8a\xdc\
\xf5/5\x07\xa9P/\x01Z\x01\x9c\xdco!\xc0r\
\xb2 \xfe\xd8\xa9`#l\xaf\xf9\xe8\xf5\x8a9\x8e{\
7K\xb78\xaa\xdc\x95\x9b\xbd\x9f\xec3\xc1\x1eK#\
8\xdd\xc3\x00a.\xa4\x18\x0b\xc7v\xcc \xd84\x80\
k\x00(\x0a\xdbv\x80\xe4m\x86\x0b\xc6*\xe2\xc7x\
\x05%x\xe7\x13g\xafJ\xcd}c\x7f\xba\xa9\xf0\xa9\
8\xd9\xf6K\xcbK\x11\xbb\xb0\xa2\x00\xbe\x01g.\xe0\
\xbf\x01\xf0\x044O.!\x04K+\xeb\xf8\xea7\xbe\
\x87\x8d\xc2&\xee\xba\xe382\x99\xac\xf6B\x12Bp\
x\xef \xbas\x19<\x7ff\x16\x8bk\xa5\x96-+\
\xdf\x9a2ZU1\x9b|L\x84\xdc\xf4\x0b\x8e\xc4\xb2\
\xbds\xe4\xeb\x166DA\x84\x94\xd9\x8a\x8a\x06(\x19\
N\xea\xcb,S+\xda\xed \x0ak*8`\xeb\x1f\
\xc0I\x01-\x09XA\x93\xd0\x7f\xa5(\xb3\xb4\x1d\xf1\
Z\x97\xeen1\x08\xdcP\xc4\x9bF\xe3\xddG\x0a\x04\
\x83C\xfd\xb6\x9er\xd9a\xe7\xab\xcd\x81-h\xb21\
c\xa6\x14\xcd\xb9`\x98\x83F\x87-\x8b\x0ay3P\
\xd2\xbe3\x91\xeeGD\xa1FHmYS0\xce8\
*\xadxNv\x00/\x03\xf8+\x00\xfe\x07\x80\xaaN\
\x9f\x10\x82B\xb1\x8c?\xfb\xce\x8b\xf8\xd6\x9f?\x8fb\
\xb1\x18j)\xed\x1d\xed\xc1\xc3'\xf7\xe1\xc0\xb8y\x10\
i4\x91\xe1\xe2V\x8c\xfd`4\xa26\xf94~)\
\x88\xf9\xb2`\x8a\x06)\xefW[\xea\xd53@\x8a\x80\
\xaf\x0f\x01\xef\x5c\x0f\x9a>\x84\x0f\xe3 E\xfc\x08\xcf\
Y-\x0e\xf4\x8cs\xd5\xfd?\xa6,\xe6\x0b\xaf\xc7\x9f\
\x80\xf3\x1f\x13F\xfc{#\x9c\xaf\x7f\x9d\x14Mg\xe1\
~\x99W\xb5\x10~x\x0c\xf7\xca\xab[p:A/\
-\x1f'|gt\xbcS\xe1\x9e\x15\xc9bW\xff\xd8\
uX\x88\xe2S\xbc\xfd\x1d\xadM\xe4\xe1\x09aR\xb8\
\xfa\x82;\x84\xe1\xae5P\xfam\x10\x92\x02p;4\
\xab-xN\xf6\xe9\xd9\x05\xac\xaf\xadcrb\x04]\
]]\xc62\xba\xf3i\xec\x19\xeeA\xa5fcu\xa3\
\x02\xbb\x89\xab\xa3\x1f\x8e\xa0\x80\x11k\xceC\xd4\x91\x9b\
\x83&\xbf\x94j\xacT\xa8O\x8a\xb3\x9c\x08\x1f\xefC\
\x06~\x1d\xc4\x97\xd6KL\x88\x1aP\x1chE8\xf9\
\xc3\x12\xc48\xf1\x82\xb2\xd0!\x86?\xfd\xcd\xe2\xe1\xc5\
\xbf\x032\xc7B\x80\xc5\xa6\x16\xaf){\xde\x1d\x80\x95\
\xca\x8ae\xeb!\x02S\xf9\xac1g.\xfd\xe8\xb1\x0f\
\x07\xc4\xefz\xd93\xd2\x83=#=\xf2u'\x04\xa5\
R\x19\xaf\xbd\xf9\x8eq\x1c\xd5\xe6\xd4\x8f^B`\xd4\
\xb0wRL\xd01X\xb5\xc5\xa2be\xf6\xb9\xff\x80\
g\xfe\xfb\x7fX\xb6\xeb\xe5\xdf\x02\xe8?\x000\xaf\xd3\
%\xc4q\xfc\xbdv\xe6<\xbe\xf8\xd5oczz\xd6\
\xf8+A)\xd0\xd3\x95\xc1\xbd\xc7&q\xe2\xf0(\xb2\
i\xab\xf5\xe1\x0bD\xf3\xa9R\x13!\xc5\xc6\x1a \xc5\
\xea\xa9\x86DD\x83\x14\xff\x9c*'0k\xac(?\
:\x22\xa0\x14\x03\xc9\x99h\x01@\x91m+~\xc0'\
\x070Q\x93\x01\x9fdi\x85\x01K\x1a[\xc6\xdf\x13\
\xd5\xf5\x12\xef[\x1cX\xf1\xf7Px.\x84\xce\x0e\x22\
\x1d\xb0\xd7\x86)WeE\x89\x10\xdb2\xab\x8a\xea\xc0\
\xa4\xb3\xae:R\xa3\xb6\x83\x0a\x00\xf9\xafG\x08\x99\x7f\
\xe1\x0f\xca\xd5\xb5\xe9\x7f\x0fj\xff\x0a\x80w\xc2\x129\
\xd3n\xbe\x89s\xe7.\xc0\xd4\xdc\xa5\x14\xc8\xa6S\xb8\
\xfd\xc6\xf1\xd8\xd3n\x94\xd6\x14\x14\x0f\x81{\xa0\x1a\xd8\
\x09F\x93\x7f\x90\xf8O\xf6\xa9T5\xe9\xa0\xaa\x8b\xe6\
\x17\x97\xcf\x8e\xf8\xf5\xd2\xbft\x0a+J\xac7\x17\xc6\
4\xeb\x14\xd7\x8c\x87\x92\xee\xe2\xb2\x80\xe1\xff\xcc\x8f.\
\x0f.Q7\x80S\x04`\xb1\xf7S\xea\x11\xe5\x9b\x82\
\xcd\xc2J\xf7,q\x97\x97\x03%OM\xee\x99c\x80\
\xa4\xbf\xa8\xe0\xf2V\xfezt^\xa2\xc0\xcaX\xcbV\
\xa5\xdd\xa0\xe2(\xbb|\xe6\x8b\xf6\xd2\xeb\x7f\xf4\xc7\xb4\
Q\xfbE\x00?0&$\x04s\x0b+\xf8\xe2\xd7\xbe\
\x83\x97_y\x13v\xc3\xbc\xb1\x83e\x11\x1c=8\x8c\
\x07\x8e\xef\xc3`_\xae9\xcb*\xe6e\x96\xad*\xe7\
\x0b\xdb\xe4\x0bt\x09\x17D\x0c\x0f\xb9\x04)\x01\x8e<\
\xa4\xc0\xbf\x17D\xf5\xb2i\xac(\x11PL\xd3\x8e\xbf\
\x17\x01\xa0T\x17A\x09$\xee*\xf1\x7f\x04\xd0CL\
\xca^\x0d-\x1d\xb0X\xb2\x88\xd6\x95\xd2w%\xc0\x8a\
o\xbe{\xd7\x8f9W\xc3\x8f\x0d\x7f\xdby\xdf\xa5\xb2\
\xa3F\x02\x1e\xff\x83\xa4\xfc\x814\xfd\xa0n\x99U%\
\x9f\xb2!\xac#\xb0j'\xa8T\x15%\xb5\xcd%k\
\xee\x87\xff\xf9\xbbv\xad\xfc\x0b\x00\xfd\x02\x80\x866\x03\
\xe2\x0c\xe9\xff\x93o>\x87\xef}\xffET*\xe5P\
'\xfb\xc1\x89><|b?&G\xba\x8d\xdd\x0e\xb1\
\xac)\x08\x0f\x0b\x91\xf5\xfdSd\x9eV\x89W\xc2\x03\
\xc9\xd5\x83\x0d\x17 %Ei\x81\xa6\xb2\x1a\xc4\xaa\x89\
\x80rS\x1b\xac'\x91\x102\x90\x88\xf6O\x0cA\x98\
\xbe\x01\x5c\x01\xb4\xc0\xe7\xc4\x00Kk]q \x0a\x03\
\xbe\x19V\xfcW\xcd\x0f\x93\x042\xfe\xd9`\xb3\x12\x7f\
\xf0\xb4\x12\x19\x01\x1d$U0\x87\xc7T\x8b\x8e\xc3\xaa\
]\xa0\x0a\xab\xa85\xff\xe2\x1f\x9cm\x94\xd7\x7f\x05\xd4\
\xfe\xff\x00\x94\xb5\x19\x11\x82R\xb9\x86?\x7f\xeee\xfc\
\xe9\x9f\xfd\x05666Ba\xe5L\xbb\xd9\x8f\xeb\xf7\
\x0cD\xffuaj\xa8|p\xf4O*\xff\x0c*\xd5\
u\xbf|\xb2%@\x84\x97%\x08#\x91^,\xbf\xee\
JK@x\x01\x19+\x8a\x0f\x92\xad'\x13\x98t\xd6\
\x11!\x92\xaaQW\xce[\x07-\x03\xb0\xd8\x5cX\xeb\
\x8a\xbb^Ad3\xb0R\xf9\x03\x03\x06\xc9\x0f\x9c\xda\
\x9a\x92~y\xe4r#8\xd6\xb7\xc9\xaa\xdavX\xb5\
\xa3\xd7/\xeaI\x90\xe2\xec\xeb\x85L\xdf\xe4wS\xd9\
\xde*!\xd6\x9d\xd0\xac\x1aJ\x883Fdf~\x09\
\xcb\xcb+\x98\x18\x1bFOO\x0fL\x92\xcf\xa6\xb0g\
\xb8\x07\xb6M\xb1\xbc^\x86mC\xb8\x89D\x02@X\
O\x9f\xf6\xe1a\xc8\xc6\xe9\x80\x81\x91\x00'9N\xd7\
\xb3\xc8\x97\xc9\xeb\xe9^(\xe6E\x12\xea\xc9\xe9\x09V\
\x94\xe4w\xe2 !XI\x1a\xabG\xffHDP\x94\
\xac)5\xb4\xd8\x04\x12\xb0x\x93J\xb2\xae\xe2\xc0\x0a\
\xcak\xcb\xdf{\xe5\x8f\x95\xca_\xe5\xd7WJ&\xd4\
\xc1p\x09\xa3|J\x09di\xad\xd7\xcf\xfe\xf2\xe6\xf4\
Kb\xaf\x9f\xae&\x1d\x83U\xab\xa0\x8aKZR^\
|\xa7\x0a\xbb\xf1\x83l\xdf\xe4\x0c\xb1Rw\x02\xe87\
\x15\xb0\xb8\xb4\x86\x99\xd9y\x8c\x0c\xf5c`\xc0\xa8\x8a\
L\xca\xc2\xc4p\x0f2\xe9\x14\x96\xd6K\xa8\xbb\x0b\xf1\
i\x97q!\x1aX\xf8\x0ft\x04\x90A\x9f\xbf\xd2\x9a\
R\xfd\x9a\x0b=|\x92e\x14\xe1W\x9f\xfd\xb5\xf7\x00\
\x10D\x08\x0dV\xc1\x82RY8,\x9cT/E\xd8\
P\x04\xd6\xcf\xa5\xfcS<\xbb:h\xe9\x80\xc5\xb2#\
\x00\x16\x0f\x818\xb0\xe2\xae\x9f\xe2\xe959\xd7\xd9s\
\x10\x9f\x01!R\xed~P\xfd\xe8E\xb2\xaa\xc4\x1fd\
YZ\x03U\xe3\xcb\x9b\xd3/\xbd\xcc\xdc\x10\x18>\x11\
Q'\xb6\xb4\xd2\xf4k\xb6\xd2ds\xe6\x95\xfa\xf2\x9b\
\x9f\xfb\x1fv\xad\xf4\xcb\x00}\xddX\x08\x09\xa6\xdd\xbc\
\xf9\xd6;\xa0\xd4\xd66\x05\xd9i7\xa7o\xdd\x83\xbe\
\xee\x0c\x93\x8fX\x11U5\x85\x87\x80\x08\x9f\xaa\x93\xd4\
\x98\xf4JH)\xae\x9e\xaa\x87\xcf\x0b\x88\x07)\xe2W\
\x94\x08u\xe0\x99%[P\xcc\xad\xd1\xc2)lHA\
l\x11A&\x14\xa8\x84'\x11/\x91\x00\x5c\xff\x1a2\
\xbe+_O\xd4\x89\x0a+\x8ds]s\x8f\xc5s\xe0\
>\xa5\xfb\xaf\x22\x22\xf3=\x92U\xa5~\x8e\xdb(Q\
m\xbb\x8e\xc2\xaaYP\x11\xcdq\xd4\xca\x92\xda\xe6\x12\
\xe6_\xfc\xaf\x7f\xd2(o\xfcUP\xfa-\x18\xc6$\
\xb0\xd3n\x9e\x7f\xe1U\xd4j\xe69\x7f\xde\xb4\x9b\x87\
N\xec\xc7\xe8@\x17\xbfV\x90\xa26D8\xd6\x9e\x8a\
D-\x22g\x17\xe1\xe1T\xf9\xa5\xc4\x97'>\xa4 \
\xebp?\xe6<\x0c\xc2 \xe0\xa7\xd1\xf4\xfe\xf9\xf6\x0e\
\x89\xf9'^\x13\xf6<L\xce|C]\x95\xd6\x15k\
\xfdH\xd7]\xbe\xdeFX\xa9\x9c\xeb\x0a\x90\x99\x9a\x80\
\xca\xfb,~*\x7f\x18uV\x95\xe6\xb3#\xacj\x0b\
\xac\xa09\x8e$\xcd\x80*\x0a\xc2\xc3H\xea=>\xa9\
\x85\x97\xff\xe7\xcb\xb5\xcd\xf9O\x81\xda\x9f\x06\xa0]-\
\xcf[5\xf4\xcf\xbe\xf3B\xaci7\x0f\x9d\xdc\x8f\xfd\
\xc2\xb4\x1b\xf1\xe6+\xc3\x89\xe9\xe1\x11>M\xbf\x8e!\
\xe6\xbe\x94\x1f\x0b\x1e\xc8e\x87C\x8a\xc8:\x8af\x9e\
\x1ePj8\x89`\xd2z\xcf\xc3\xfe\xdct\xe2t\x1c\
\xfe^C\xae\x03WO\xf6\x9a\x06\xd7S\xbb\xcb4\xf3\
O<X\xf1\x95\x12\xe1\xa1z\xba\xc5g\x82\xfbQ\x12\
\xcam\xcd\xaa\x8a\x92G[%\x0c<aVS\x14n\
h\xa5\x19\x1fU\x5c\xba\xea(\xeb\x7f/\xcd\xbf\xb5\x96\
\xee\x1e\xfaN*\xdf\x9f&\xc4:\x09@\xb9\x14(!\
\x04\xb6mc\xca\x9fv3j\x9evC\x9ci7\x93\
\xc3\xbd\xa8\xd6m\xac\x16*~>\xce\xa7\xa3$7\xd1\
\x14\xbf\xa6D\x13\x1e)\xbf\xe0\x1fu\x9c\xdey\x0e\x95\
\x1e[\x1f\xf0\x16\x07\xfb\xe2\xb3\x8eu\xb6~^h\xd4\
\x9e55\x98\x14\x18\x22\x86?\xe1\xa6s\x8f\x81\x11Z\
j\x7f\x9a\x0e\xb4\xea\xe5\x9b\xe3\xc1\x8a\xbb\xbe\xc2\x8f\x84\
t\xed\xc1\xe7\xa94i\x88\x94\x5c\xfe4\xfe0\x0ae\
\x09\xe9\xa19\xf6\xa4%\x1f\x95\xdd\xf8\x8a\xeb\xa3\xb2\x84\
\x22L\xd6S\x14\x16\xc4\x92\xb8\xa0\x8a\x0a\xa30H\x89\
\x9f\xa4\xbc|\xbe\x04\xbb\xf1\x5c\xb6o|\x95X\xe9;\
\xe0lz\xaa\x14J\x81\xf9Eg\xb7\x9b\xf1\xd1A\xf4\
\xf5\xf5\x19k\x9b\xcb\xa409\xdc\x03\xcb\x22X^\xaf\
\xa0aSg\x03\xcc0\x08I\x0f\xab\xc19.\x84\x1b\
u\x84\xb2\xfc\xaa*\xca\xe3\x1f\x5c\xc5\x8b\xc2\x90K~\
a\x19\x90\xb1\x16\x06G\x8c\xf0\xb1J\x12\x98DfI\
\x04\x92\x91\xa40\xaa\x04-\x19Z\x5cr\x15\xb0\x98\x9b\
\xac\x85\x95\xe2\x1a\x87\xc1J5VNz\xa0\x15\x01\xda\
\x1f.\xf1\x81d+L\x84\xf08\x86\x87\xd8\xd4\x14\x80\
\xe8Ik\xa0\xaa\x7fus\xfa\xe5\x975\x15\x0b\x0bS\
\x857\x05\xad8M\xbf\xb0\x0a\x98\x0a\x8fBZks\
\xe6\x95\xf2\xf2\x99\xaf\xfc'\xbbV\xfcu\x80\xbe\x1bV\
\xa1\xf3\x97\xa6\xf1\xb9/k\xa6\xdd0\xcf\x01\xa5@6\
\x93\xc2\xc9\xc3c\xb8\xe7\xe8\x843\xed&\xd2i\xca\x0f\
\xac\xf35\xfc!3\x0e0\x15\xce\xbe3\x90\x82\xac\x03\
Hzf@\xf1p\xe2\xc9\xe2Z4\xca\xff\xa2\xc5\xaa\
\xc0\xc5\xe5\xadp\xdcs>,\x85u\xc5\xe9\x85XN\
fXAs/\x14\xbdo\x86WO\xf2Y\x9a\xac*\
]\xf9\xd2\x0fi\xd8[\xde\xb4\xe1\x22\x89b\xa5\xe8\xa8\
\xc0\x89\x03\xb1P\x89\x0a\xaav\xc1(,=\xa9\x15\xe6\
\xec\xf9\x1f\xfd\x8f\xcf\xd7Kk\xbf\x0cj\x1b7\x13\xf3\
\xa7\xdd|\xfd\xcf\xf1\xf2\xab\xe1\xd3nR\x16\xc1\xcd\x07\
\x86p\xff\xad{0\xd8\x9b\xf3W\xd5Q>\x04\x8a\x87\
B\xfb\xa9y\x08MW\xc7\xb7\xd0\xfc\x03\xd3\xafx+\
\x90b^b\x12\xe4'Z\x1dJ@qp\x12p\xa3\
\xb3\xaa\x22\xfc\x05`b\xc1\xc5\xc4qWC=vJ\
\x0bc\xe9<\x99\xeb\xadj\xe6)\xe2\xbdL\xb5P\x88\
\xd0\x04\xe4\x9fC\xcd\xf7\xa6\xfdL\xdc\xd5\xe1B\xc4g\
\xb2\x0d\xc2\xdf\x0e\xa1\x98\x88\x9f\xfa\x13\x88\x08\xab\xb8\xce\
\xf4f+\x18\xcfT\xa46Y|\xe5\x7f}\xbfZ\x98\
\xfb%j7\xbe\x0a@\xbb?<!\x04k\xeb\x9b\xf8\
\x93?{\x0e\xdf{\xeeET*\x15\x10\x8b(3\xf6\
\xe4\xe0D\x1f\x1e\xbam\x1f&\x86\xbb#\x9c\xaa\xfb=\
\x865et\xa0C\xf1R@x)\xb8g\x96})\
\xc4\xa2\xa2@\x0aFK\xc3\x08(\x01L\x1cp\x843\
\x8f\xfa\xa7J(A\x8b\x0b\xe7\xcf\x95\xbbj\x9a\xe6\xad\
\x7f\x0e\xc25\x92`\xe5i\xebx!\x02A\xf1\xa3e\
z%\xb5?d\xb1\xac*\x9d{\xc2\x94HS\xa1\xd6\
%\x8e\x95\xd4,\xc4\x94\x12\x05TQ\xa0\x135m\x9c\
\x93\xb1\x96\xdf\xf8\xfc\xd9\xca\xf2\xbb\xbfF\xed\xda\x7f\x05\
P\xd1\x16B\xdci7\xdfWM\xbb!\xcaZ\x8c\x0d\
u\xe1\xc1\xdb\xf6\xe2\xba\xc9~\xce\x11\x1a\xd9\x8a\x0a\x92\
\xf0\x9f\xaa\x13\xd7$V\xc2I\xf5\xab\xee'a_\x96\
&!\xc5\xe6\x17\x0a(/\x82?\x15\xe2ix~\xa3\
\x18\x7f\xdam\xb7\x04h\xa9\xac,\xef \xdc\xba\x12\xcf\
]\x03+\xc6\xf2b\xad0\xfe\xde\x08/\xbf\x08\x101\
\x0d{_Z\xb2\xaa\xc2D?\x00\xb4\xbd\xe2\xaf\x9b\x1a\
\xc7JB\x88\x0e\x89\x9b6\x8a3=.!\x9b\xfdT\
\x85Y\xe5\xe5\x0b\x05P\xfa\x17\x99\x9e\xb1*\xb1\xd2\xb7\
\x03\xc8)+I\xbci7\x8bX^^\xc5\xe483\
\xedF\x04\x8f\xfbp\xe4\xb3)L\x0e\xf5\xa0A)V\
7*\xa04xY\x83_/\xc5\xc3I\x98\x87\xc3{\
\xb1}`i\xc25\xf9\xe8u\x98GQ\xacG\x04H\
\xb1V\x85\xb2\xeb\x9e\xb1,$@\x09&\x90\x7f(v\
\xe3A\x88\x0f\xf9\xe3\x13\xc8\xe0b\xe3\x95\xc0b\x14\xd4\
\xd6\x15\x7f\x0d\x98[-\x5cg9\x9e\xb7RDX\x89\
\xe5k\x9eVb\x88\x22\x9aOmV\x02\xfc\xcc\xca\xdc\
I\xb0eP\xda\x9a3\x9d\xf2\xce\xf4v\xbc\xe3\xaa+\
\x18*a\xa0\x8a\x0a\x97\xb8\xe1b\xbc\xa9\x0c\xab\xb61\
[\xadm.\xbc\x90\x1b\xd8?G\xac\xcc\xed D\xd3\
\xcd\xe7\xc8\xe2\xd2*ff\x1702\xd4\x8f\xc1\xc1~\
>S\xee\x8e\x03\xd9\xb4\x85\x89\xa1nd\xd2),o\
\x94Q\xb7)\xac\x90\x1e=}8\xfb\x80\xcb&\xbbY\
\x879f\xf4dHi\xf4\xd8z1\xa7h\x1c\x0c\xc9\
\xea\x89/\x83\x7f\x83\x188\x097\x8e\xb0yD\xf8\xd3\
\xc2\xcb\xad\x98\xbf4/\x13\xce\x01\x8bc\xa4\x07:\xa6\
\xbe\x11`\x15\x5c\x17\xee\xe4\x83\xeb\xc6\xdc\x1b\xfeJ\x04\
\xd7\x89\xfb\xc1`\xc3\xd9|EB\x09\xf9\xf0\x17:\x94\
Z|\xf9P\x95\xaf\x12g\x9d\xfa6\x81J\xd7\xfa\xd2\
U!jx\x18\xcc\x00\xb4\xbezB\x5cR\xc6=)\
\xbf\x9e\xd5\xb5\xa9\xda\xe2k\x9f\xf9\x9f\xf5\xf2\xea\xaf\x81\
\xdag\x8c\x95\x22\x04W\xa6\xe7\xf1\xf9\xaf|\x0bo\x9c\
\xf1\xa6\xdd\xc8U#\x08\xa6\xdd\x1c;4\x8cSG'\
\xd1\xd7\x95q\xd6\xb6\xd2\xfd$J\xd5TTYs6\
\xc2\x0f\x9f\x16Rzg-\xaf\x17u)\xe3\xa0L\x1f\
=\x92\x15%YP\x82\xe5\xa4\x06\x13a\xf24\xff\x17\
P\x86\xc9W\x80\x97\x7f\x22\xa2\x95\xc5\x01\x8b\xb9f\xee\
A\x1cX\xa9\xc6\x95\x05j\xfc\xf9\xf2\xf7\x88\xfb\xa5\x80\
\x90\x89\xf2^5gU\x85<[Z1\x97\xdd\xa2\x98\
\x0c\x0a\x93n\x94\xf0Hb\x02UT\xf2\xc55\xfb\xa2\
\x5cC\xa5%f\xd7JX|\xe5\xd3\x7fZ\xdd\x98\xfb\
\x15J\x1b\xdfE\x84i7_\xf9\xfaw\xf1\xc3\x1f\xbe\
\x82Z\xad\xe6[J\xca\x0bA\x08n\xd8\xd3\x8f\xfb\x8f\
\xef\xc5\xc8@^\xda\xba)\xf4a\xe3\x9c\xb4\xba\xe1\x08\
\xc2[ \x9d.x\x10A\xfe\xd2\x14\xa4\x02SJ\xb6\
\xa2t\x80\xf2\x8e\xd94\x1cD\x08\x1f/&\x08\xb5\xa6\
Xx\xf1:Le\xf8\x87Da]\xf9g\xc2]\xe6\
\x10Xqd\x13\xee\xaf\x02H\xea\x1f\x16\xc3\x83\xdc\x8c\
U\xa5K.\xfe\x901\xd0\xe4\x1e#\xa2)\xbbU\xa1\
\xca\x0a\xb7\x9b\x01\xa1Lh\xc7\xa4\xe4V\xf5\xe3\x9c$\
\x01\x90Z~\xf3\xf3\xaf\x94\x97\xce\xff-j\xd7?\x0b\
\xa0\xae-\x90\x10\x14\x8a%\xfc\xe9\x9f\xbf\x80o~\xfb\
\x07\xf2\xb4\x1b\x91\x04\xc41\x93\x1f8\xbe\x17\xfbF{\
\x15z\xaa\xea\x84\x9c\x8d\xe9\xa4L\x0f=\x13\xe1\xc3O\
\x91w$H\x09/\x1cgE\x81\x01\x87\x00(\xd6r\
\x92\x1c\xe0\x91`\xa4\xcaK\xa5\xcfCK\xb4\xb0\xf4\x9b\
S\x80\x01\x14\xe1\xaf\xa3\xe6\x1a\x88\xd7\x88\x04\x0aj\x0b\
\xc7\x04\x19\xc5\x0fPX\xd3L\xf7C\xa7\xff\x11\x0b\x93\
\xb0\xe6_\xab\xcc2.\x9d\xdb.\x06\x84\x8a\xceG\x15\
\x15\x1aQ!\x135\x1fQG\x1b^Y\xbe\xb0F\x08\
\xf9^\xba{4M\xac\xf4m0L\xbbi\xd86\xa6\
f\x16\xb0\xb6\xb6\x81=\x93\xce\xb4\x1b\xfey\xe0\xcd\xff\
\xae\x5c\x1a\x93\xc3=\xa8\xd6\x1bX-T\x9d}\xe2H\
\xf0\xc0\x13\xcd\xc3n\xfe\xe5\xd3\x8fv\xd7\xea@m\x05\
\xa8&\xbf\xaa\xf5\x84x\x15\xd4\xbcH\x16\x10$H \
\xf5\xfeq\x90\xd1\x0c\xe4T\xdaO\xb2\xa6\x16Z:`\
A\x00\x16s\x12Qa\xc5=P\x82\x15\xcc\x5c\x10\xf5\
\xa1\xe1\x87Ez\x03u\x84Rk\x1b^\x94\x90\x1fF\
.\x13\x22\xe5AAZ\xf7Q\xcd\xbc\xf2\xb2\xb1\x8a\xf1\
>\xc3OY!\xcd\x82*\xca'is~R\xfe\xd5\
\xf5\x99R\xa3\xbc\xf6|\xb6o\xcf:IeN\x02D\
90\x8a\xc0\xe9\xfd\x98[X\xc1\xfc\xfc\x12\xc6G\x87\
\xd0\xdf\xdf\xcbe\xc9\xfd\xb2\x02\xc8f,L\x0e\xf7\x80\
\x10\x82\x95\x8d\x0a\x1a\x94Fp\xa6\x0b\xe1\xa1\xa0b\xe3\
E8\xf1\xdd\xdc\xe2\xcb\xa7\xec\xcd\x8a\xe0\x9f\xe1\x9bz\
\x04\xe2\xc3\xcd\xc2\x8c\x83\x89\xffU\x1e\xef\xc4\x01G\xf8\
SsK\x84\x97\xba\x1c\x1d@eXi\xc0\xaf\xb9&\
*f\x88\x96\xa9\xd6'\xc5\xa1\x83+H\xa8\x93T\x84\
P\x0f\xe6\xa4\x14y\x88\x9f2(\xf9gG.\xd0\x89\
lK\xaf\xdf\xcc+\xaf\xa0\xb9\xa1L\xcd\xeaH\xa2*\
<\x8c|\xba\xf0f\xf5t\x15\x8f\x12n\x95\x97/\x94\
\x97\xdf\xfc\xc2\x7f\xae\x97\xd6~\x13\xd4\xbe\x18v\xc2\xef\
^\x9c\xc2g\xbf\xf4gx\x87\x99v\xa3\xba\xd9\x14@\
&m\xe1\xb6\xebGq\xe7Mc\xe8\xce\xa5\x9d\x9di\
\xb9\x07\xdbt\x92a\x90\x02\xf7\x8c\xea~\xd1\xd9\xc7^\
~\x90\x04(\xfazA~\xea\xb1B\xf0{\x03e\x08\
\xf0\xe0\xd0\xc1\x89q-q\x7f\xaa\x9b\xa5\xd4\x13\x0et\
\xc0\x92\xac\x1b\xf6zr\xd1\xd1`e\xbanb9J\
\x9e\x88\xf0P\xe8K\xf7A\xf1C\xc2\xddW\xe5\xa7\xea\
w^'$\xa4\x0em\x93v\xbd\xf3\x88\x18\xeeK\x14\
gz\xd4\xf0v_\x84\xc8\xe1\xf5\xf2\x9a\xbd\xf8\xea\xa7\
\xbfP-\xcc\xff\x1a\xa5\x8d\x97\x8c\x85\x10\x82\xd9\xf9e\
|\xee+\xdf\xc6K/G\x9bvsd\xff\x10\xee\xbd\
e\x12\x03\xde\xb4\x1b\x0e\x0a:\xc0\x84]:\xf6\x051\
\x0c4%Ju\xf0\x96\x01\xfb2\x04\xca:H\x99\xac\
(\x11P:8\x05\xe5\xc6\xfcc^C\x09Z\xd0\x83\
\x92\xb5\xae\x82k\xc6Z1\xc1\x17\x11p\xec}\x22\xd2\
ud\xe2\xd8\xab\xa2\xf8\xc1`\xaf_\x98U\x15O\x88\
1\x94\xafJ8\xb4\x9a\xaa\xc2\xd6Jl\xb6X-f\
\xd0\xac\xf5\xd5\xae\xf2\x02\xa1\x94,\xbf\xf1\xb9\xefW\x96\
/\xfe*\xb5\xeb\xdf@\x84i7_\xfd\xd3\xef\xe3;\
\x7f\xf1\x82\xbb\xdb\x8de,\xe0\xc0X/\xee\xbfu\x0f\
\xc6\x87\xcc\xbb9;y\xf0\x0f\xaf\xf8\x8b\xac\x83\x92\x7f\
$Q*\xf8\xcdT\xfbZ\xd8|b@JaE)\
\x01\xc5\xd6\x91\x1d\xa8\xa9\xb1\xaa\x8c\x7f\xc4\xb3\xe6\x08W\
\x97(\xc0bA\x14\xd4\xd7\x0c+\xbe\xef\x84\xbf\x86\xe2\
eW]_\xd12\x16\xef\x93\xdet\x10\xee\x97\x08E\
\xae<6a\xc8\x0f\x1f\x11\xce]a\xe9\xf17\x98\xbd\
\xae-\xc9\xb6\xbe\xeb)M\xe4n\xfd\xb4\xca\xcb\xe7\x17\
I*\xfd\x5c\xbak\xb8\x8fX\xe9\xa3\xd0\xf8\xe1\x08!\
\xa8\xd5\xeb\xb825\x87\xe2f\x11{'\xc7\x90\xcb\xe7\
\x84K\xc4;\x9e{\xf2i\x8c\x0fv\xa3Tm`c\
\xb3\x0a\xef\x01\xd4\xf97\xb8__.\xdc\x10\x0f\xfd\xc3\
\xadz\x01M;*\x87B\xca\x00\x03\x15\xa0\xa4\x01\x99\
\xecS\x13\xf5OL\xc2\x8d\xc5R\x03\x8b\xaf\x96xN\
1`\xc5\x96/^c\xb1r\x82\xbe\x14\xcc1D\xf1\
\xe3\x12\x09\x0cD\x9d\xb72yX\x86\xfa\xe6\xdfd{\
}T\xad\x1a\x17q\x01\x07\xa03\xa0\x22\x9a\xfct\xe1\
\xed\xfe$\xd5\xb5\xa9\x82]-\xfe \xdb;Q'\xa9\
\xf4m\x00\xd1L\xbb!\xb0)\xc5\xf4\xec\x22\x96\x96W\
\xb0g|\x18\xbd\xbd\xc1\x0de_\x00G\x1f\xc8g\xd3\
\x98\x18\xeaF\xc3\xa6X\xdbd\xa6\xdd(\x7f5\x03\xf0\
(\xe1$\xe8\xf0/U\xb8\x0e?\xe2\x9d\xa9q\x5cH\
\xf9G\x82\xc5\x02\xc2\x01\x8a\xbb{\x04`\xd7;\x8f\xfc\
\x9fh\x86y_\x89w\x9e2\xb0\x88\xaa\xae*(\xfb\
\xdf\x85\xa7\x02\xf2\xb5\xe4\x9f\x03\xe1:\x8biT b\
\xca\xd0?\x8c\xba\xfcTY\xa9\xdfsu\xde\xe1\xd0b\
e\xcfH\x0f&\x9b\x07\xd5\xd7\x5cP\x91\xd0\x82\xc2\xc3\
\x9b\x16\x16Tq\x01#\x867\x0b\x17]\xfaV\xc2I\
\xbd\xb8T\xadnL\xbf\x98\xeb\xdf\xb7`\xa5r'@\
\x08\xbf\x1e\xb1 \x0bK\xab\x98\x9e\x99\xc7\xe8H?\x06\
\x07\x07\xc0\xfd\xc6\x0a0\xc8\xa4,\x8c\x0fu!\x9d\xb2\
\xb0\xb2QA\xbd\xe1N\xbbi\xd5\x9a2YL*\xb8\
h\xe3\x88\xd0\x82\xd0C\x8a\xb3R\xb8\x97\x9c\x1fD\xc9\
\xc1\x89\xb5tX\x09\xb1\xa2\x025&\x0f\xd1\xd2\x22\xfe\
?<\xb0$X\xc9\xe7\xc5\xc3\x8a\xbd6\xcc\xb5V\x5c\
7\xa5p\xf7\x5c\x0f\x0c\xb6~\xfcIh\x13\x09\x84b\
\xef\xb5*\xbd\x9a\x84\xaa\x1f$\xf1\x93\x00\xfe\x14\x9a\xc9\
\x91\x1e\xe9T\x9b\x00U\x5ck(\xec8rx\x1cg\
z\xd4\xca\xc4\x95\xa6+\x1fV\xdfZa\xa1\xb6\xf8\xda\
\x1f}\xba\xb69\xff\x1b\x94\xdag\x8d\x95 \x04\x97\xa7\
\xe6\xf1\xc7_\xfc&\xdex\xe3mP\xdb\xe6\x7f\xf5\x99\
\x87\xd1\x9bvs\xcb\xc1a\xdcud\x1c\xbd]\x19n\
\xff\x08&\x01\xf7\x10\x1b\x9e;\xfe\x04tW\x9a\x093\
9\x80\xb9\xe4!\x90\x92\xac(\xcf\x07\xc5\x96\xe7[5\
\x84\xaf\x07\xf1\xd5\xcd\xfe*A\x8f\xcfF\xb0\xb4\x984\
\xea\xba\x0bP%\xeak\xcb\xc1J\xf9\x84\x08\x90\x8fp\
]\xd5\xf7V\xa3\xc2\x9c\x9f\xeeV\xeaD\x7f\xfbIh\
\x9a\x88\xea[--\xb3$\xca\xf0\x84NT\xb4]\xe9\
\xc3\xc2\x09mT\xb1\xf4\xfag\xff\xac\xbaz\xf9\xd7\xa9\
]\xff>B\xa6\xdd,.\xaf\xe1\x0b_\xfbs<\xf7\
\xfc\xcb\xa8Uk\xc6\x1eAB\x80\xeb&\xfbq\xef-\
\x93\x18\xee\xcb\xc9\x85\xb3\x9fD\x91\x98\x8dd\xde&\xe9\
!\x97\xac$\xf9\xd7[9\xb09\x06\xa4<}\x8e#\
\x22\xa0\x14P\xd2\xe2I?\x88\x8a\x83\x97\x04-\x01X\
\xb2\xf3_\xb4\x9cD\x1d\xd1\x12&\xdc\xf9*\x8d\x1a\xed\
\xd3\xc3\x1f\x8a\xd1\xf2\x91!S\xf1GD\xd1\x0b\xa9K\
\xaf~\xab\xd5\xbfb\xb2\xf1\xd6qZm\x09/\xda\xb5\
\xa5\xbb\xae\x80\xc8\xd6O\x8b\xe9\xc3\xf2\xb5V\xce~\xed\
\x95\xd2\xdc\x99\xbfK\x1b\xd5/\x22l\xda\xcdf\x09\xdf\
\xf8\xd6\x0f\xf0\x7f\xbe\xf5}\x147\xe5\xddn\xc4B&\
\x87\xbbq\xfa\xd8\xa4\xd2a\xa9{\x90\xc3Z\x05Dw\
E\x980\xb9\x85\xc1\xbe\xe4\xcdA\xca\x8f\x22\x0a@q\
\x15p-/\xd1\xaabA\xa6\x08g\xcc%\xbfN*\
`\xf1\xd6\x15a\xce\xc8\xab\xba\x1aV\xe2\xb9\xc8Vj\
\xf4\x1f\x02\xd1\xaa\x12\x9bY\xc4\xf8\x19\x89rAM\xa4\
\xfb.\xdd\x5cm\xb9j\x89\x08\xd0P\x91~\xd7\xe3\xbe\
{m\x11\xcfG\xa5:+\x12#\x5c\xfb\xde\xed\xa0O\
RY\xbb\xb2F\x1b\x95\xe72\xbd\xe3Y\x92\xca\x1c\x83\
a\xdaM\xbda\xe3\xea\xcc<\xd6\xd6\xd6\xb1wr\x14\
\xdd\xdd]L<\x7f?\x08\x01\xbarN\x8f`\xadn\
c\xadX\xf5\xf5b\xf9\xacTM\x10\xa2\x09g*\x22\
\xbfh|Y\xb1!\xc5\x22\x89M#\xc2\x09\xf1Eb\
\x95\x06X\x92uEB\xea\xc9\x9d\x1fs\x93\x18=\x19\
Z!\x155\xea\x84\x83@\x02\x22w\x14~\x9d\xd84\
f]\x22\xd7\x97I29\xdcJ\xaf_\xedk\x9a\x91\
\xe9\xcd\x02\xab)\xe3C\x07*\x121|7}\x12\x00\
\xa4\xb6\xb9P\xaa\x15\x97^\xc8\xf6O\x16\xacT\xf66\
\x10\xa2\x1c\x18E\x883\xfd`v~\x19s\xf3\x8b\x98\
\x18\x1dB\xff@\x9f\x1f\x17\x5c\x94\xe0!\xc9f,\x8c\
\x0fv\xc3\x22\x04\xab\x85\x0al\x9b\x22\x18\x01\x1e\x06\xac\
 \x9c\x1d\xd1\x1c\x19`B>\xfe\xc9\x93&!E\xd8\
\xf3$\xfe\xb1\xf44\xf9c\xaa\xa2\xfdqI\xc1XZ\
\x22\xb0\x14\xd7\x97\xe8\xea+\xd6\x93M\x1b$\xe4\xaf\xa7\
_\xfdhV\x95\xf2\xc1\x12\xad\x1b\x08\x07!\x9f\xcd4\
\xffL\xd0\xd2\xc5p\xa0b\xafmtP\xbdj,8\
\x9a\xb4\x04\xacf6w\xd8)\xd24\xd1\xabkWK\
\xcbo|\xe1\x0fj\xc5\xa5\x7f\x0aj_\x0e+\xe8\xdc\
\x85)|\xe6\x0b\xff\x07g\xdf>\x0f\xde\x14\xe6\xdf\x5c\
o\xb7\x9b[\xaf\x1b\xc6\xc9\xc3\xa3\xc8\xe7\xd2\xf0\x97\xb6\
R<\xd4\xe2\xaf\xa6\xf80j!%\xe8\xab\xba\xcf[\
\x81\x14gE\x89\xbd\x7fn=\x82\xa1\x091o\x9a\x0e\
Z\x9c\x85%[WZX1\xf1\xd29*\xaeu$\
kJ\xa7+\x9bm\x92\xbe\xfe\x9e\x86\x17f\x1e\xfc\xa9\
*\x91\xa8\xf3\x89q\x8a;@\x22U3\xaa9\xd7\xf1\
\x8a\x18\xf4Z5\x1dUz\xa4Q-4\x96^\xff\xe3\
/V\xd6\xa6~\x83\xda\x8dW\x8d\x09\x08\xc1\xcc\xdc\x12\
>\xfb\xa5o\xe2G/\xbd\x8eF\xc8\xb4\x1b\xcb\x22\xb8\
q\xdf\x00\xee92\x8e\xfe\x1ew!>\xb1\x9afj\
\x854K\xd4y\xe8~\xed\xfdP\x0d\xa4X\x7f\x14k\
E\xe9\x00\xa5\xabR\xd8\x9f\xea\xbaJ\xeb_\x05\xffp\
\xf5\xd7\xc2Jy)\x08_1?N\x03\xfaV\xac*\
\xf1\xbe\xean\x99&/\xb5\xae&\x94\x08_\xa5{\xac\
\xce\xa9\xf3\xfe\xf4\xces\xa3\x9d\xce\xf4V\x81\xd4n\xbd\
\xb0\xf4\x04\xd4&+o}\xf9\xb9\xf2\xe2\xdb\x7f\x976\
j\xdfD\xc8\xb4\x9b\xd5\xb5\x02\xbe\xf4\xf5\xef\xe1\xdb\xdf\
y\x1e\xe5r9\xd4\xc9\xbe\x7f\xac\x07\xf7\x1e\x9d\xc0\xd8\
`\x97\xa4\xa3\xfb\xe5\x95\x1ehM3A\xfdc\xcf\xdb\
\x19`\xf34@\x8a\x09\x06kE\xb1\xe7\xae\xb2\x80\x82\
?\xcf\xfc1\xff\xb1\xdb\xb8\x8b\xd7M^\x8d\x94\xb9\x1a\
:Xq\xf1,\x90\x00\xfe\xbd\x0e\xf9q\x88\x22:\xab\
J\x09\x0d\xd9\xc2\xd5\x95\x19\x05X\xd1\x8c?\xc3\x8f^\
\x13\xa7\x1b\xf1j\xb4K/TD\x1fU+\x9f\xaa\xb7\
D\x15\xae;\x0e\x0b\xef\xd4\xa7UY\xb9\xb4\x08\xd0\xe7\
3\xdd\xa3\xfd$\x95>\x82\x90i7\x97\xaf\xcebs\
\xb3\x88}{\xc6\x90\xcf\xe7\x99x\xe14\x08\xd0\x93\xcf\
`l\xa0\x0b\xe5J\x03\x1b\xa5\x9a\xd3\x14$\xc1\x83e\
\x06\x92y\xb4\xbb\xf4\xeb\xef\xbf,\x86&_(\xa4d\
+\x8a\xbf\x06\xecy\x06\xb7\x890q&+\x8azi\
\x08\x1b\xc6?6T\xd2g\xf4(\x11\xe2\x9d\x7f(\x13\
\xc0\xe91q\x9ee\x1b|\x12M8_/.\x1f\xf6\
\x93\xd1\xd3\xe6\xe1~a\xc3\xf5\xba\xf2\xa7\xb6lI\x9f\
:\x9f\x5c\x9c\x1309\xd2\x83=\xc3\xf2x\xe7\x98\xce\
\xf4\xce\xdbe\x06I7\x91f\xcbi\xba\x05bmN\
\xbf<\xdb(\xaf\xff^\xdf\xa1\xfb\xe6R\xb9\xde\xbf\x0c\
\xa87\x90 \x84\xa0\xd6\xb0\xf1\xfc\x8bob\xa3P\xc4\
\xfb\x9e|\x00\x13\x13c\xe0\x17Z\x0f\xbeQJ\xd1\xd7\
\x9d\xc1]G\xc6\xd0u9\x8d\xf33\xeb\xb0m\xca\xf3\
,*\xa4\x84\xbc\x8dM\xbd\x10H\xc9\xe5\xcbV\x14\x7f\
\xdeB\x22 \xb4IA@\xd0\x9dO!\x9db`\xa3\
\x18\xc5F\x15\x81lX\x00\x84\x80:\xdcw\xea\x87\xa8\
\xc3\xd8\xfch\x90\x96\xba\x8a\xa2\x0e\xf7\xe2+\xc2\xbd\xef\
\xd4\xff\xce\xe6m(\x83\xd2\x90x'\x9c\x06\x85\x19\xea\
\x22\x9e\xaf:oJ)\xbas\xc2kN\x82tm\x96\
\xa89\xc7\xaeA3\xa0\xea\xb4l\x17\xe0\xac\xf2\xf2\xf9\
\x8dzy\xf5\xdf\x0f\xde\xf8\xe4l\xbak\xf0WA\xac\
\x09]\x05)\x807\xde\xba\x80B\xa1\x88\xf7?\xfd \
\xae\xbf\xee\x80\xf6t(u\xb6\xe6:q\xfd\x08\xbar\
i\x9c\xbd\xb2\x8aj\xdd\x86y\xbd\x06\xc3\x95\x11\x9b\x17\
\x821\xca\xe1\x92\xb5\xda\xb8`5\x14\x9d0\xd1\xd2\x0a\
\xcaP\xfbDx\x90z\x92J\x11\x1c\xd9\xd7\x8f\xd1\xfe\
\x9c\x12P\x00\xb8\x97M|v\xa9\x14D\xa50*\xa6\
\xa5|\x12\x0e\x08B\xc6\x94\xc9\x84JeR\xe9\x98\xf2\
\x19\xb390e\xf0\x16TP\x045\xe6\xcf`9H\
\xab\x044\x9f\xb9\x0cl\xbe\x0e\x14\x14\x99t\x94]\xf1\
v\xb6\xecDPm\xa7\x90zq\xb9\xba\xf4\xfag\xff\
\xf7\xd0\xd1g\x172\xbd\x13\xbfA\xac\xd4MZeB\
p\xe9\xea\x1c\xfe\xf0\xf3\x7f\x8ag\x9f\xbc\x1f\xb7\x1e;\
\x82T*\xc5-\xb0\x07\x04`K\xa5\x08n\xde?\x88\
\xee\x5c\x1ao\x5c\x5c\xc6f\xb9\x0e\x22\xceIg}3\
\x10\xad\xa9\x88\xdd\xe4*7\x0cgi\xf1\x90\x82\x11R\
:@\x11\x0d\xb4\xc0\xa5\xcf\xa6S\xe8\xca\xa6\x95V\x93\
'\xfc\xfbE5\xe1\xc1A(\xac \x82\x82*\xc0\xa1\
(K\x80Ox\x1e\x94\xb3\x0d|\xa3\x9aR\x09\x8c\xd1\
\xa1\xa6\x02U\xa0$^+\xcad\xc8g\x13\x94hS\
\xf1\x1a\xee>i\xc6G\x15\xd7\x17\xb5\xd3}T\xf2'\
\xb5QZ8{!\xd3=\xfcZ*\xd7w=\xb1R\
\xfbt\x17\x90\x10\x82b\xb1\x8c\x0b\x17\xa7\x90I\x11L\
N\x8e!\x9df\xf9/N$\x06\x06{r\x18\xe8\xcd\
a\xbdXE\xb9\xda`\x1c\xd2&\xdf\x14\x1b\x1e\xc57\
e\xf6K\xb1#\xa0\x8d>+\xef;C<\xcf)\xae\
\x82\x14\xeb\xb9JY\x16&\x87\xba\xd0\x93OEzO\
\x98\xf5V\x15\xe1l\x09\xea\xf7Na\x5c\x19\xf2\x81\x02\
&\x8cO\x8c\x86\xe4\xa98V\xe5\xa7;V\x83S\xf8\
\xceZTm(C\xbc\xba\xbb\xc9G\x958\xd3\x0dN\
\xf6\xf2\xf2\xf9Y\x92\xca\xbc\x98\xee\x1e\x1e#V\xfaz\
hzI\x09!\xa8Tk\xb8xy\x06\xd5J\x15\xfb\
\xf7\x8e#\x9b\xcb\xfaYq\xa0r\xff\xed\xed\xce`\xa4\
?\x8fb\xa5\xe6XV\x06 E\x82\x90\x18\xae\x80]\
$\x1d\xa6\x0e\xc1wWWh\x22\xfa7\x8a\x1d\x1b\xc5\
\xfcY\x16\xc1\x9e\xe1.\xf4ve\xe0\x01\xdb\xf4\xb4\xcb\
\x8ez\x08u`\xea\xa2z\xda\xf8\x8b\xacR\xd0\x07\x91\
\x90\xac\x94\xfa\xbc\xd9\x1c\xe7M&Q\x22\x15\x857M\
\x0b\xa5\x8f\xb1\xed\xa0\x8aj\xb7\xc5\xb6\xefv\x02\xa8\xc2\
\xf4\xb6\x13`\xa4\xba>\xb5j\xd7J\xcfg\x9di7\
G\x01b\x98v\xd3\xc0\x95\xe99\xac\xae\xaec\xef\x9e\
1tww+\x1e\xfc\xe0\x89\xee\xca\xa50>\xd0\x85\
Z\xc3\xc6z\xb1\xe6\xe7\xa3\xb5\xa6\xdc|b-\x19#\
\x86\xb3\xf9\xc5\x81\x14a\xcf\x01\x10\xc7@\xa9\xc4\xb2\x08\
\xf6\x0cu\xa1'\x9f\x0e2\x8f0PT\xf4\x8b\xf1a\
\xc2\xd3\xa0?\x14[\xaa\x8a\xf8\xf8h\x89\x9cB,/\
\xf2`&C\xadbQ\x8a\x84F\x13\xbc7-*\xdd\
\xa7\x0eLQ\xf5\x9a\x05\x98.<\xae\x9eU/.\x95\
j\x85\x85\x173\xfd\x93\x9bV*w\x1c\x84\xe4\xa1\x10\
B\x88;\xedf\x09\xb3s\x0b\x98\x1c\x1fv\xa6\xddp\
?\xbc\xc1\x13L\xe0L\xbb\x19\x1bp\x80\xb6V\xac\xc2\
\xa6\xd0\x83J\x01\x18\xb35\xa5\x87\x1e\xfb\x22\x19\xb7\xdf\
\x12\xac\x17\xc2F2\x17N54!h\xfa)\x5c\xa1\
!\xc0R\x0f\x10\xe5\x8ex#\x81p\xa1\x0a\xe3JI\
*^C\x93\x87IH\xb3\xa1\x9a\xb2\xa3\xe7\x06\xee~\
\xabN\x91\x84\x9c\x86\x03\xaaJ3\xa0\xea\x98\xe5\xa4\x93\
\xa8s\xfd\xb6\xf33*\xc0\xe2\x86\xc7\x01\x1diT\x0b\
\xf5\xf2\xf2\xf9W\xb3\xfd{\xa6\xadL\xf71B\xc8\x80\
\xe9\xc2.\xad\xac\xe3\xf2\x95\x19\x0c\x0d\xf4add\x88\
q\x8a\x13\xe9%J\xa7,\x8c\x0c\xe4\x91K\xa7\xb0\xba\
YE\xbdA\x83\xc1\x91@\x04k\xa9\xf5f\xa1\x0eR\
\xa2\x15%\x8f\x22\xf7\x92\x11\xe9\xcf\xb1\xa8\xba\xd1\x93\xcf\
\x08\x97\x95\xbd\xc2\xc4\x05<\x85m\xdbN7\xbb\xf7g\
S\xd8\x94\x82\xd2 \xdc\xb6\x99x7\xdc\x0fs?m\
O\xdf?f\xf4m\xf6\xd8+\xc3\xd6\x97)\x96\xc7\x1d\
{e\xf3\xe9\xa9&\xbdM)\xa8t\x8e\xc2\xb1pn\
\xd1\xe2\xa2\xd5\xd5\xd3\x83{L(P,\x16\xf1\xfa\x99\
s\xadZT\x9dp\xd5sy\xee\x86^?~\x80R\
\xf3\xe1aza\xf9\x11\xbbZl,\xbf\xf1\xf9/\x0d\
\x1eyz1;\xb0\xff7\x88\x95>\xae\xcb\x9c\x10\x82\
\xe9\xb9%|\xe6\x0b\xff\x07\xcf<\xbe\x89;\xef\xb8\xd5\
q\xb2Su\x01)\xe2l)\xdf\x95K\xe3\xf5\x8b\xcb\
\xd8(\xd5\xc0\x9b=\x10\x8e\xe5\xaa\xf2*\xd1G\xbb\x83\
\x8d\xd5@\x8a\x9fC(\xa4\x91*\xa1\xae2@\xfc^\
*\xc7\x82\xacaji\x13s\xd3\xd3\x98\x9f\xba\x8aJ\
\xb9\xe2\xbc@\xc2\xb5\x89\xf5\x1eP\xe3\xa1:\x01\x0d\xcd\
&\x96\x88C\x08\xa2\xd67R]\xc3BC3\x09z\
\x1a\x09!(W\xaa(\x16K\xc6)a;A<P\
\x85\xbd\xb4\xadBA'\xad\xa6\xefDY\xc6s\xa5\xd4\
\xc6\xca\xd9\xaf=\xd7\x7f\xdd\x83\xbf\xd95v\xe4\xef\x91\
T\xf6A\x18\x9c\xec\xabk\x05|\xf1k\xdf\xc1\xdaz\
\x01\x0f\xdd\x7f\x17\xba\xba\xbb\xf8\xaez\xa1\xa4\xbd#\xdd\
\xc8eSx\xfd\xe2\x0a\x96\xd6\xcb|~\xaaO\xc2\xc2\
\x83\x84(\xab\xcf,\x00\x17\x93\xd8\x08)\xf5\xc0Q9\
cY\x87\xd0 \xffB\xb9\x86o\x7f\xef%\xbc\xf9\xd2\
K(\x97\x8a\x11n\xcd{E\xb6\x10\x1a\x04\xce2\xda\
fi\xc7\x00\x07\x1a1\x5cy\xacZ3\xbd\x9d\xcd\xb1\
0\x7fP\xdc\xf4;\xe6\xb3\xb2zy\x91\xda\xf5\x1ff\
z\xc6\xfaI*s#L\xd3nju\x5c\xba2\x83\
\xcdb\x11\xfb\xf6\x8e#\x9f\xcf3/\xba`\x95\x10\xa0\
;\x9f\xc1h\x7f\x1e\xe5j\x03\x85R\xddW35\xfb\
bO\xb9\xd16\xf9\xe4u\xad\x82\xefn\xbcpw\x88\
\x1b*\xfe\x97\xb2\x88\xec\xa3r\xd3Y\x84`aq\x0d\
\xdf\xf8\x93oa\xb3\xb0\x01\xcb\xb2\xf8U\x19\x92\xbf-\
\xfb3\x88\xa9\xe9\xd7,x\xe2\xea\x01h\x1eTq?\
u`\x8a\xaa\xd7\xe9\xf0f\xd2[\xb5\xc2\xfcF\xbd\xbc\
\xfaB\xb6o\x82Z\xe9\xec-\x00\xc9\xaa.2!\x04\
\x0dJ15=\x8f\xc5\xa5\x15\xec\x99\x18A__\xaf\
\x17\xc9\x15\xe2\xf9\x93r\x99\x14\xc6\x06\xf3h\xd8\xc0z\
\xb1\xea\xce\x11\x94\xe1\xd3T\x0f\xa0\x90\x87\x12`l\xdd\
\x18?\x14k\xb8y\x80\xf2\x9di\xc2_\xe0\xa3\x92=\
\x0c\xc4\xb2p\xf9\xca4\x9e\xff\xe1+\xb0m\xed\x5c\xf0\
D\xb6W(\xb5k_\x16\xd6\xa3j7\xa0\x22\x89i\
\x17\x9am\xb7Zv\xc1'i\x94\xd7*\xd5\xb5\xab/\
g\xfa&\x97S\x99\xfc\xad D\xb5\x1e\xb1\x9fh~\
a\x05W\xa7\xe7062\x80\xa1\xa1\x01\xa5\xef\xc7\xc3\
I&eat \x8fT\x8a`m\xb3\x86\x86Ma\
\xb9\xe6\x93\x0c\x22=\xa8\xa2\x0d\x22\xd5\xe8\x88\xf9\xb0u\
\xf4\xbd\xfdJN\xf9\x16U\xaf\x0aT\x84\xe0\xf2\x95i\
\xbc\xfc\xea\xdb\x09\xa8v\xae\x14\x1a\xd5\xcd\xffR\x9c{\
\xfd\x12\xf4\xed\xd1\x8e;\xd2\x81x\xa0jWx\xb3z\
\xcd~F\xad\x9f\x986rz\xbb^n\x94\x97\xde9\
\x93\xe9\x1d\xbf\x98\xca\xf6\x1e%\xc4\x1a\xd6\xdd\x01\xcfo\
u\xe1\xd24\xfa\xfb\xba1>6\x02\xcb\xb2\xb8\x9c\xd9\
\xeeq\x8b\x10\x0c\xf7\xe5\xd1\x9dKc\xadXE\xada\
3\xc3\x12T@\x8a\xdf\xec\xd35\xf9\xb8\xe6\x9edE\
\x09\x17F1>\xc1\xf2\x9a~\xb9\x8c\x0fQ\xd6\xa2\x9b\
\x9a\x9e\xc7\xcb\xaf%\xa0\xda\xb1B\xedW*+\x97\xfe\
Se\xe5\xe2&\xf4\xa0\xe2R\xb4)\x5c\x92\x9d\xb8\x01\
i\xa7\x9as\x9d\xfd\xa46\xca\x8b\xe7.\xa4\xf3\xfdo\
\xa4\xf3\x03\xd7\x13+\xb5Ww\xd1\x09!\xd8,\x96q\
\xde\x9dv\xb3w\x0f?\xed\x86\x88M,\x02\x0c\xf4\xe4\
0\xd0\x93\xc5z\xb1\x86J\xad\xe1\x9c8QYQ\xe6\
f_\xac\xa5\x8c\x85\xe6^\x00$\x19Pz\x8b\xcak\
\xfa\x11>m\x02\xaa\x9d-\xd4~\xbdQ\xd9\xf8\x9d\xe5\
3_z\x83\x0d\x15>\xa19F\x88^\xdc\xf0\x8e\x0c\
Oh\xf7\xb0\x81v\xe5\x1b\xa5,\x7fZis\x9f\x94\
\xac\xbd\xfb\xcdW\x1a\x95\x8d\x7f\xd8=y\xfco[\xe9\
\xfc\x93\xbakL\x08\xc1F\xa1\x88\xaf|\xe3/\xb0\xb6\
^\xc0\x13\x8f\xde\x8b\x9e\xde\x1e}\xaf6\x01\xc6\x07\xf3\
\xb8\xeb\xa6Q\xbcqi\x05\xf3k%\xa6\xf2\xfa\xd3\xf7\
\xe2\xcd\x17\x880\xc8%r:\xc2\x97\xc3YZra\
!B\xb8\xe2\xf4w\x86V\xecz\xe9yj\xd7\xd7\x0c\
\xda\xaa\xd9lr\x181\xe9\x1b\xd2\x09i\x18K\xd78\
\xd5P(T\x93/\x11\xa76\x1a\xca'\x9ap\xe1\xfe\
\x13\x13@\x88&\x9c\xad\x12\x01(\xadQj_\xa9\x17\
\x97\xbf\xba\xfc\xe6\xe7\xdf\x84Y\xda\xea\x872\x89\x0eT\
\xe2\x8b(\x86\xeb\xf4\x9b\x0do\xb6\xbcVA\x13VN\
\x9cs\xf1\xc7[\x15\xae\xbep\xa9Q^\xff\x9d\xde\x83\
\xa7\xe6S\xd9\x9eO\x00\xfa\x91\xec\x95j\x0d\xdf\xfe\x8b\
\x97\xb0\xbe\xb1\x89g\x9f~\x10\xa3#\xc3\xd2\xea\x0b\xde\
\x01\xa5\xc0@O\x06w\x1c\x1e\xc1\x99+\xab\xb8\xbaX\
\xe4g\xe53\x15\x0c\x9f\x1eB\x14i\x98O\xc2\x02)\
\x08PBJl\xb22\xe7\xe7YW\xd2\x93\x1bR=\
\x0a\xbbPZx\xfb\xbf\x17\xae\xfe\xf0\x0c\xb1\xd2\x96\x1f\
\xac~\xe1T\xbf\xc8\xd4\xa0\xe7\xbe\xd4$LO\x11G\
\xa8Q\x97\x98u\x09\x7f\x1eb\x1a1\x9d\x90?\x97F\
*\x83x\xf1|\x1d\xdc0\xb1.A^\xc4\x89\xa3\x00\
\x81\xdd\xa8\xd9\x8d\xf2j\xd5\xd5\xb5\x14\xb7\xae]\xcd\xbb\
\xa8V\x15\x00\x19T\xed\x02K\xbb@\x14\x96>,\x9f\
8\xe7\x16\x17jl\xb8\xa8c\x95\x16\xdf^jT\xd6\
\xff]\xff\x0d\x8f\xcc\xa7\xf3\x83\xbf\x08B\x06U\x95\x22\
\x84\xc0\xb6)^|\xe5,\xd676\xf1\xa1g\x1f\xc6\
\x81\x03|\xab\x91+\x9c\x02\xdd\xb9\x14n\xbbn\x18]\
\xb94\xce\xcfn8[\xca\xb3\x9a\x9a\x06\xaa\xb4\x9c\xb1\
\xa4\xc79\xa9\x98\xf25\x90R\xf8\xd4t\xc2^(?\
\x84(\x11\xc6\x9c\xac]\xa7v\xa3N\xed\x86\xf8\xc2D\
\x07Rl\x10E\x8a\xf3\xbe\xc7\xc9'\xee\xa7XF;\
\xf3\x0e\xfbLA\xbe1\xedj\xc65\x05>\xd5\xd8\x1f\
\xc9Y,\x84\xb7\xebS\xcc_\xd4\x09\xabG\x98~;\
\xea\xd6\xca\xa7\xd5\xa8\x16j\xe5\xe5\xf3\xafe\xfa&g\
\xadl\xf7-\x84\x90~\x18diy\x0d\x17/\xcf`\
d\xb0\x1f\xa3\xa3\xeai7\x9e\xa4R\x16F\xfas\xc8\
\xa5-\xac\x15k\xce\xb4\x1bK\xdd\x1b\x18g\xee\xa0\x17\
\xcf9\xcc\x85!\x0bl\x19\xbe\x1e\xe3\xb7\xf2\xfe,\x22\
\x8f\xa3\x0a\x98\xe8\xfa\xa8^=\xeb\xacx*K\xa9\xb6\
1\xf7\x8d\xea\xfa\xd4\xa2\x10\x1e\x05X\xa6\xf8\x08\xcd6\
e\x5cXY\x9d\x92f\xdd\x1a\xa6\xb4D\x13/\xfe\x9e\
\xc4\x1a\xeb\xd4\x06\xd1\xe6\xaf[\xfaO\xf5\xf2m\x05 \
:\xfd\xb9\xe5yP\xbbn\x97\x17\xdfy'\xdd=\xfc\
v*\xd7w\x13!\xd6\xb8\xeefx~\xabw/\x5c\
Ew>\x8b=\x93cH\xa5RR\xe9>0\x08\xc1\
`o\x0e}\xf9\x0c\xd6K5Tk\x0d\xc6\xc1n\x02\
\x91\x0c$\x1eB\xd1Wb`\x01\x15\x10\xcb\xf9LY\
\x04\x13\x83yw\xae_p\x0e\x04Q@EK\xb5\xc2\
\xdc\x9fT\xd7\xa6\x16\xc4\x08\xc3q\xfc&`s\x96T\
\xdc8S\x1a\x9d\xb43\x8f\xb0\xbc\xa3\xea\xb7z\x9eQ\
\xcb5\x0eO`e\xab\xc1\xb1\x95\x10\x14\xf3n\xa6\x8c\
\x98\xe5R\x94\x97\xde\xbd\x92\xcat\xbd\x9a\xee\x1a\xdaG\
\xac\xd4\x01!\xaf SBP*W\xf0\xee\xc5\xab\xa0\
\xb6\x8d\xfd{\xc7\x91\xc9f\x04\x9d {\x02\xa0\xb7;\
\x83\xc1\xde\x1c6\xcbu\x94\xaa\x0d\x84\x0fKha(\
\x83[\xa88\xc9\x19\xde$j\x0f\x5c\xc4\xb1\xa8&\x06\
\xbb\x82^?\xe6\xaaX\x84\xe0j8\xa8\xbe\xae\x00\x15\
\x10\xdd\xaajgS0\xae~\xd4\xa6]T\xdd\xb0\xf3\
oGS3Jx3\xd2\xb2\xd3=\x0cT\xec\xf7\x9d\
jU\x89uh\xa5.\x9d\xd2%\x00He\xf5\xca\x02\
\xb5k/dzF\x07H*s\x18!\xd3n.^\
\x9e\xc6\xe6f\x11\x07\xf6M\xf8\xbb\xdd\x10\xfe\x1f\xffk\
w.\x8d\x91\xbe<\xca\xb5\x06\x0a\xe5`\xda\x8dyX\
\x82\xb9\xd9\x17u%\x06E\xcb\x14\x80;<a\x90m\
\xfa1V\x98oQ\xe9\x86'\xd0b\xad0\xff'\xd5\
\xb5\xab\x0b\xccu\x8c\x0b(\xf6\xfbVZ^\xed\x86T\
T\xa8\xb4\x02\x84\xed\xb6\xa6\x8cu4\xad\xfa\xbe\x93\x81\
\xd2,L\xda\x0d\xa4\xb8u\x22\xb5\xc2\xfcF\xbd\xb4\xfa\
B\xb6w\x02Q\xa6\xdd\x5c\x9d\x9e\xc7\xfc\xc22\xf6\xee\
\x19\x95\xa6\xdd\xf8\x99\xbb\x87\xd9L\x0a\xa3\xfd9\xd8\x94\
b\xa3X\x83\xed\xe6\x13\x06\xaa\xa6\x9a}b\xb8\x17\xc7\
\xcc!\xb3\x08\xc1\xc4P\x1e=\xee.(\x84\xfd\xd7\x8a\
\x02\xaa\xb9\xafG\x04\x95)\xae]\x8e\xf7\xa8a\xad@\
J%\xcd\x00 .\xd8\xdaa\xd9\x85\xd5\xbf\xa5\xf0(\
\xa0b\xbfo\x95\xf5$\x96\xd5\xc9&`\xab\xbaaq\
\xa2X\xce\xb4\x9b+/g\xfa\xf6\xacD\x99v3\xb7\
\xb0\x8c+S\xb3\x18\x1f\x1d\xc2\xf0\xf0\x00\x97=ka\
\x118\xd3nF\xfa\xf3H\xa7\x1c'\xbbmS\xb7I\
&\x83J\x02\x8e\xc2\xca\x92\xe1\xc4[SA\xcf\xa1?\
L\xd5\x97\xc0G%/o\x13\xcd\xa22\x82\x0a\x8a\xb0\
v6\x03Ua\xdb\x15\x17\xc7\xa1\xdfI\xf8\xb4\x0b\x80\
a\xf9I\x12\xb6\x8f\xceN\x04\x8d\x18\xb6\x13\x9az\xb1\
\xe3\xecz\xb9^^z\xe7\xcdL\xef\xc4\xc5T\xb6'\
\xd2\xb4\x9b\xf3\x17\xaf\xa2\xbf\xb7\x1b\x13\xe3\xc1\xb4\x1b\x11\
Tp}CC}9teSX/VQs\x17\
\xe2\xf3\xf2r>\x19\xe8(!\x86\x18V\x16;\xd99\
\xf8s|TyE\xaf\x1f\x89\xda\xf4\xfbzu\xed\xea\
\xbcp-\x81\xd6\x9a\x80\xba\xefq\x9aU;\x05R\xed\
\x00C\xab\xf0\x81&\x9dIb\xa7\x8d\x0a*\xf6\xfbV\
5\xd3Z\xc9\xa3S\xcd\xb7\xf6\xc6Q\x1b\xe5\xc5\xb7/\
\xa4\xf3\x03\x91\xa7\xdd\x9c\xbbp\x15\xe9\x94\x85}{\xc7\
\x91I\xa7\x99\x12\xf8\xb1M\x16\x01\xfa\xbb\xb3\xe8\xef\xce\
\xa0P\xaa\xa3\x5c\xb3\xfd&\xa0\x0f\x9d\x98\xab1D_\
2\xc6\xf9K\xb9M?\x7f\x03L\xc2\x9fO(\xa86\
\xe7\xbf\xe6ZTRd\x8c\xe3V\x9b\x84\xdb\x09\xb0V\
\x9a\x8d\xed\xb4\xbeL\xd2n+K)Qv&\x8c\x0b\
\x81NZO\x9d\xca\xab\x93\xf9\x88\xdf\xa5\xeb[Y\xb9\
8C\xac\xd4\x8b\xe9\xee\xe1\xf1(\xbb\xdd\x9c\xbf8\x85\
j\xa5\x82\x03\xfb&\x90\xcbe\xfd\x22XPy\xd0\xe8\
\xc9\xa51\xd4\x97C\xa9\xd2@\xb1R\x0f\xed\xf1\x0b\x05\
\x95\xc6\x9a\xe2z\x22\xdd\xa7\xc0\xb2\xdc^\xbf\x1c\xbf]\
\x96\x97W\xb8E\xb5\xf0\xf5\xea\xda\x95yUdHX\
'\xac\xac\xa8\xcd\xb0\xed\x82T'\x81\xd1\xa9\xa6]\x14\
\x98\x02\x88\x06*`{\x9bi\xad\x94\xdf\x09_S\x94\
\xb80}Q\x8fT\xd7\xa7W\xedj\xf1\x87\x99\xde\xb1\
\x9c\x95\xca\xdc\x0c\x10\xed\x1c\xc1z\xc3\xc6\xa5\xab\xb3X\
Y]\xc7\xfe\xbd\xe3\xe8\xe9\xe9\x0e2\x15@\x058\xbb\
4\x8f\xf4\xe7PoPl\x94j\xee2\xb41A\x15\
\xd7\xca\x02\xd3\xf4\xcb\xa5\xa5\xa70b\xd3\xefk\x1aP\
\xf9J\x9a\xefa\xc7\xedr\xa0\xab\xe2w\x92\xdf\xab\x9d\
\x8e\xfef\x9a\x93\x88\xa0k\xd2\xf7%.\xa8\xd8\xef[\
i-y\xdf\xdb\x01\xb1v\xc6\xb5\xa2/\xc6\x93zq\
\xa9X+\xcc\xbf\x98\xed\x9b,Y\xe9\xfc\xad\xd0\xeev\
\x03P\x0aL\xcf.bzf\x01{&\x8618\xd8\
\xcf\xe5\xc8\x82\x0a\x00\xb2i\x0b\xc3\xfd9\x10B\xb0^\
\xac\xb9\xbb\xddD\x03\x15;\x884\x1a\xa8\x82\xa6\xdfx\
+\xa0\xda\x5c\xf8ju\xf5\x0a\xeb\xa3\x8a\x03#\xf18\
J\x5c3\xcd\xbc\xb0\xf8\xed\x02X+M\xc4\xedt\xe6\
+%\xce\xa6\xf4;\xc5\xf2\xd9\x0d\xb0\x12\xbf\x9b\xf4\xb8\
x\xbbZ\xa8\x95\x97/\xbc\x9a\xed\xdb3\x9b\xcav\x1f\
C\xc8\xb4\x9b\xc5\xe55\x5c\xbc4\x8d\xe1\xa1>\x8c\x8f\
\x0d{\xc4\x90@\x05\xe2\xf4\xc2\x0d\xf7\xe5\x90\xcbXX\
\xf7\xa6\xdd\x10\xc1o\xd5\x02\xa8X\xe7\xbc\xe7L\xdfb\
PE\xd1i\x15Pa\xf1\xadXh[\x01\xa9f\x9b\
iQ\xce\xbf\x15\x1f\x97Q\xe2\x80\x0a\xd89\x96\xcfN\
\x81\x95\xf8\x1d\x11\xd3\x98\xc2@\xed\x9a]^|\xe7l\
\xa6g\xf4\x9dT\xae\xf7\x08!\xd6\x184B\x08\xc1z\
\xa1\x88s\x17\xae\xa2+\x97\xc5^v\xda\x0d\x93=\xeb\
\x97\x1a\xe8\xcd\xa2\xd7\x9dvS\xab\xdb\x1d\xb2\xa8\x1c\x87\
~\x87A\x05Mx3\xcd>\xf6\xb8\xd9fN\x5c\x80\
EM\xd3)H\xed\x14K-T\x9a\x05\x15\xfb}\xbb\
`\xd2\xee\xfc\x11\x12\x16\xe5\x1aD)#Jy\x04\xa0\
(/\x9d\xbb\x92\xcat\xbf\x92\xee\x1a<@\xac\xd4~\
]\xbd\xbci7\xe7.\x5c\x81m7\xb0\x7f\xdf\x04\xb2\
\xcai7N\xd6\x84\x00\xbd\xf94\x06{\xb2\xd8,;\
=\x82\x9eN\x5c\x1f\x95\xe8Lg\xc6\xa2\x82\xb4\xe0\xa3\
\x22\xa0\xc5\xfa\xe6\xe2W*\xab\x97\xc3\x86'\xa8\x8e\xc5\
\xb0v7\x01\xa3|\xefT\xd3\xd0\x94v;!\xd5\xac\
u\x1aI\xe2\x82\x0ah/xZ\xb5n\xe2ZB\xba\
si\x87\x1fJWV\x14\xff\x94.=\xa9\xac^^\
\x00\xb5\x7f\x98\xe9\x19\x1d\x8c\xb2\xdb\xcd\x85K3(\x14\
6q`\xff\x04\xba\xba\xf2L|P\x84\xf7\xbd+\x9b\
\xc2p_\x0e\x95\x9a\x8d\xcdr]\xdb\xf43\xf7\xfa\x09\
\xba\xc1\x17\xc6\x99\x9e\x92\x9e\xe8H\x16U12\xa8T\
\xe1Q\xad\xacV \xd6L\xbcJ\xb7Y\xa8\xb5\xdb\xfa\
\x0a\x8bk5\xff(>.\xa54\x03*`\xeb\x9bz\
[\x91O\xd48\xd3u\xd0\xe9E\x89\xd7\xe6[+\xcc\
m\xd4\xcbk?tw\xbb9\x06\xc3\xb4\x1b\x9bR\x5c\
\x99\x9e\xc3\xfc\xc2\x12\xf6\xef\x19\xf3\xa7\xddp\xa0bJ\
\xc8f,\x8c\xf4\xe5\x9di7\xa5\xba\x0b\x11\x9d\xf5\xe4\
\x84\x9b\xc7Q\x05\x99;\xa0\xca\x05\xe3\xa8\x84\xba\x86\x80\
j\xb3\xa6\xb7\xa8|\xa5\x16\x8e\xe34\x01\xa3\xe84\xf3\
B\x87\xc5oe\x131j\x9c(\xad4\x05#K\xb3\
\xa0\x02v\x96\xdf\xa8]:\xe2w\xc4L\x1b\x96\x06\x86\
0S>\xa4Q^-W\xd7\xae\xbe\x94\xed\xdf\xb3\xe2\
\xf6\x08\xf6\xc0 s\xf3\xcb\xb8|\xc5\x99v322\
(\x15\xc36\xd1\xd2)\x0b\xc3}9\xa4,\x82\xf5b\
\x1d\x0dw\xdaM\xb3\xcb\xbexb\x11`|\x80\x19\x99\
\xce<\x9e\xd1|T\x1c\xa8\x9aq\x9c\x8baq\xad'\
\x93^\x1c\xcbJ\x15\xdei\x80m\x87E\x16\xe7:\xc4\
\x92V@\x05\xec\x0cXE\xa9OT\x9dv\xc3,J\
\xba\xc8i\xedz\xb9^Zz\xf7\x8dl\xdf\xe4%g\
!>k\x08\xba\x0c\x09\xc1\xca\xda\x06\xde\xbdp\x15\x03\
}\xdd\x98\x98\xf0\xa6\xddPH\xbe$8\x833\x07{\
r\xe8\xca\xa5\xb0Q\xaa\xa1V\xa7M\xcc\xf5\xe3\x85\x1d\
G\xe5=\x9e\xd4\xfd7\x1a\xa8\x96\xbe\x5cY\xbd\x14\x07\
T\xaa\xf0\xb0_\xf28M\xb5V\xbe\xb7\xcb\x01\xdfn\
 \xb5\x9ag\xb3\xf5\x88%\xad\x82\x0a\xd89\xb0j\xd5\
o\xd5\xae\xe6^\xbb\xbe\xab\xc5n\xd0\xd2\xc2\xd9w3\
\xdd\xc3o\xa4\xf2}7\x10\x126\xed\xa6\x84w\xde\xbd\
\x82t\xca\xc2\xfe\xbd\xe3\xfen7\x22\xa8<\x87y_\
W\x06\xfd]Yl\x94\x9d\xddn\x22[UA\xa1>\
U8P\x81\x7fJ\x09\xc2AU/.}\xb9\xb2b\
\x04\x15\x10\x0f>a\xf1\xcdXY\x9dp\xb0\xab\xe2;\
\x11\xd7l^[\x0a)\xa0\xbd\xa0b\xbf\xef6X\xb5\
\x0a$\x84\xc4\xb7bU)u\xcb\xcb\xe7\xa7\xadT\xf6\
\xc5t\xd7\xf0D\x94i7\xef^\xbc\x8aJ\xb9\x82\x83\
\xfb'\x91\xcb\xe5\x94z\x9et\xe7\xd2\x18\xea\xcd:\xd3\
n\xaa\x8dH\xcesU\x85-\x0b\x98\x18p\xd6\xa3\x0a\
\x9eR\xea\x97\x17\xb2p\x9e\x07\xaa9\xe1z\xc4\xf5K\
\xa9\xc2\x9b\x01Y+\x10\xdb\x89\x00k6\xafV\x1c\xf1\
MK;@\x05\xb4\xd7\xc7\xd4J>Q\xe3Z\xa9{\
X\xbd\xa3\xa43\xa55\xe5\xc5\x85W\xd7\xa6\x96\xedz\
\xe5\xf9l\xefx\x9e\xa42Ga\xd8\x9a\xab^\xb7q\
\xe9\xca\x0cVV\xd6q`\xdf\x84?\xed\x86\xd5a\x8b\
\xccg\x9c\x1e\xc1Z\x83b\xa3\x5c\x83\xe7eW\xc3\xca\
\x0f\xf4\x8f\x03\x8b\xaa\x0b\xdd\xfe\xea\x09A\xfb/\x1a\xa8\
\x96\xbfTY\xb9\x18\x06\xaa\xa8a\xdbae\xb5\xea\xdf\
\xdaN\x0b\xac\x13>\xae\xa6\xa5]\xa0\x02\xda\x0b\x92\xb8\
M\xb48qq\xeb`\xfan\x0a\x8b\x92.J\x9cI\
\x8f\xd47\x177k\x9b\x0b/d\xfb&\xcbV*w\
<\xda\xb4\x9b9\xec\x99\x18\xc5\xd0`?\x9f\xb1\xb0-\
M&ma\xb8/\x0b\x02o\xdaM\xb0\x5c\x0c\x0b+\
\xbeb\xc17\xcb_\x8f\x8ay\xcchP\xa1\xa90P\
\x95\x96DP\x99\x1e\xf8f,\xadV\xe1\xa4\x8bk\x16\
Pa\xba\x9d\xb4\x94:\x1d\xd7\x92\xb4\x13T@\xe7a\
\xd5\x89\xa6 b\x84u\x02XQ\xe3ty\x92Fe\
\xa3ZY\xb9\xf4r\xb6\x7f\xcfL*\xd3u<t\xda\
\xcd\xd2\x1a.\x5c\xbc\x8a\x91\xa1~g\xda\x8d\xd7\x88\x13\
\xac*\x10\x076C\xbdYd3\x166\x8a\xb5`m\
+\x1fP<\xa9x\x8b\x0a\xfc.4\x8cC=\xc2\xe6\
\x0e\xc5zq\xf9\x8b\x0a\x8b\x8a\xc9\xc9\x18\x16\xb7\x09\x18\
v\xbc\x13\x00\x15\x16\xbfS\x01\xd6\xb2\xb4\x1bT\xc0\xce\
\x87U\x9c\xfc\x10\x92\x8fN\xbf\xd5f]\x9c<\x00\x00\
\xb4Q\xb5\xcb\x8bo\xbf\x95\xe9\x9bx;\x95\xed\xbd9\
t\xda\xcdF\x11\xef\xbc{\x05\xdd\xf9,\xf6\xee\x19g\
\xa6\xdd\x04\xc5\xfb\xcd<B0\xd0\x9dEw>\x8d\x8d\
R\x0d\x95:\x0d*G\x18X\x09\xb5\xb6\x88\xbbf\xba\
\xdb\xebG\x85:D\x00\xd5\x97Z\x00\x95.\xbc\xd9&\
\xa0)..\xa0T:q\xe2[\x01\xdc\xae\x83\x14\xd0\
\x19Py\xd2ngy\xab\xd6\x90.\xdf(i\xa3\xe4\
\xddI\x7fU\x14h\x11P\x8a\xf2\xe2;\x97\xd3\xf9\xfe\
\x97\xd2\xf9\x81\x83\xc4J\x1d\xd4\xa5\xf5\xa6\xdd\xbc\xf3\xee\
U\xd0F\x03\x07\xf6O\x22\x9bIKY\xb2FVO\
>\x8d\x81\xee\x0c\x8a\x95:J\xeeB|l\xedX`\
Q\x04\xebQu\xe7USh\x80\xa9\xa99\xbc\xfc\xda\
;\x86^\xbf\x95/VV.D\x05\x95.\xae\x95&\
`X|\xdc\xef\xecq\xbb\x1c\xf0;\xc59\xdfv\x07\
:+\x9d\x04\x15\x10\xdf\xfa\x89\x13\xd7L\xfe\xad\x02)\
.\xb0\xda\xe9<\x8f\x9cOe\xe5\xe2<\xb1\xac\xe7\xd3\
\xdd#\x83\xc4J\xdf\x84\x90i7\xe7/N\xa3P\xd8\
\xc4\xc1\x03\x93\xdc\xb4\x1b\xa70\xbeK\xaf+\x9b\xc2P\
o\x16\x95\xaa\x8dB\xa5\xceWH\xa8\x99\xd4\xf4\xf3\x85\
\xc2\x1f\x9e\xf0\x9aaxBi\xe5\x0b\x95e%\xa8\x82\
\x8c\xc2\xc3\x9ai\x02\x9a\xe2;eeu2\xbe\x13V\
W\x98~[\xa5\xd3\xa0\x02\xe2[5\xedl\xee\xe9\xea\
\xd1L\xaf^+C\x0c\x9a\x01VT]\xe5\xb9V\xd7\
g\xd6\xed\xea\xe6\x0f\xb2\xbd\x13\x84\xa42\xb7\x02$\xa3\
L\xecM\xbb\x99\x9a\xc3\xdc\xbc3\xed\xa6\xbf\xbf\x97\xcb\
\x9e\x08\xa5d\xd3\xceHvj\xbb\x0b\xf1)*\xe2Y\
T\x12\xa8(\xf5\x0a\x8e\x02\xaa/V\x96/\xcc\xa25\
P\xe9\xc2[\x81ST\xddf\xbfw\xd2\x8f\xa5\x0a\xdb\
qM=Q\xb6\x02T\xc0\xf6\x00\xa9\x19'x\xbb\x00\
\xd4.\xeb\xa9\x19}\xff\x5c\xea\xc5\xe5ru}\xe6\x85\
\xdc\xc0\xde\x15+\x95;\x01B\xbaM\x09g\xe7\x97q\
\xf9\xca\x0c\xc6\xc7\x860:<\xc8e)\xc2*m9\
\x1bH8\xd3njh8+\xf1q\xf9\xf9\xbd~\xb9\
\xb4\x0f\xa8\xa0\xd3/\x0cT\xd8l\x94W\xbeP^>\
\x1f\x17T\xba\xb8\xb8\xd6W\xa7\xad\xacf\x9c\xf1\xcd\xe4\
\xb5\x95\x00\xeb\x98l\x15\xa8\x80\xad\x07R\x94r\xa3\xd4\
5,\xaf8:\xad8\xcf\xe3\xe4\xe5\x8b]+6\xca\
K\xef\xbe\x96\xed\xdf{\xd1\xcat\xddJ\x08\x19\xd2\x16\
@\x08VV7p\xee\xfcU\x0c\xf4wcbb\x94\
\x9fv#\x94j\x11\x82\xc1\x9e,\xf2\xd9\x14\xd6\x8b\xee\
\xdaV`\xe3\xbd\xa6_Jz\x92\xa3\x80\xaa^Z\x0d\
\x03\x15\x10\xdd\x82\xd2\x85\xb7\xcb\xb9\xae\xd3mGoa\
\x9cf\xe4v\x01\xac\xa3\xb2\x95\xa0\xf2$\xaa\xff\xc9\xa4\
\xdfj\xd3\xcd\x14\x16%\xbe\x1d\xd6S\xdbz\xfc\xc2\xd2\
Q\xbbNK\xf3g\xcee{\xc7_K\xe5\xfan\x22\
\xc4\x8a0\xed\xe622)\x0b\xfb\xf7N\xb8\xd3n\xd4\
\xb0\xf2\xa6\xdd\xf4ue\xb0Q\xaa\xa3R\x0f\xa0cY\
\x04\x13J\x1fUTP\xad|\xde\x05\x95GK\xe5\xe9\
\x19\xaeG\xb3>\xacV\xe1\x14U\xaf\x9d\x80j5\xbe\
\x15\xe7|\xc7e;@\x05l\x8du\xd5L|\x94\xfa\
\xc6=\xaf(\xf9\xb5\xab|\xe3\xb9\x97\x97\xceM\xa5\xb2\
\xbd\xcf\xa7\xbb\x06\xf6\x10+u=L\xd3n*5\x9c\
\xbbp\x15\xd5r\x05\x07\x0fL\xba\xbb\xdd0\xb0\x12j\
\xd5\x93Kc\xd0\x9bvSi\x80\x02H\x11\x82Ia\
_\xbf \xa9\x07*\xdd\xf0\x04l\xd6\xcb\xab\x9f//\
\xbd\xebYTa/FT\x7fU3\xf0\x8ac\x85\xb5\
\xa3'0\x0a\xa0\x9aI\xb7\xab\xac(V\xb6\x0bT\xc0\
\xd67\xf7\x10\x12f\x0a\x8f\x12\xdf\xaeA\x9d\xcd:\xd0\
\xa3\x08\xa9\xac^Z\x06\xe8\xf73=\xa3\xdd\xc4J\xdf\
\x82\x90i7\x17\xaf\xcc`ee\x0d\x07\xf7{\xd3n\
\x02\xd7\xb9\x08\xac`\xda\x8d\x8d\x8dR\x0d\xc48\xe0\x13\
\x98\x9a\x9e\xc7+\xaf\xbd\x1d\x06\xaa(Sht\xe1\xed\
r\xac\x87\x1d7c=\xa9\xe2\x9a\x05T\x942\xdb\xdd\
\x0c\xdcR\xd9NPy\xb2U\xcd\xbdv\x02+\xaaN\
\x98^3\x83G[\x19`\x0a\x00\xa4\xb61\xbbY/\
\xad\xfe \xdb?Y\xb6R\x99\xdb\x00\xf3\xb4\x9b\xa9\x99\
ELO\xcfc\xef\xe4h\xb0\xdb\x0dS4[x&\
ma\xa8/\x07\x02\x82B\xa9\xe6OJ\x06e\x9fp\
o\x99\x97\xb9\x10P\xad}\x8e\xb1\xa8\x82\xc4j\xe9t\
\x13P<\xde\xca&\xa0)|\xab\x9b\x81\xdb\x22;\x01\
T@g\x9b{\xcd\xe6o\x0a7\xe94\xebLo\xa6\
\xec\xa6\xd37\xca\xab\xb5\xea\xea\x95\x1fe\x07\xf6\xcfZ\
\xe9\xdcma\xd3n\x16\x96Vq\xe1\xe2\x14F\x86\xf9\
i7b\x91^\x93o\xb07\x8b\x5c&\x85\xael\x0a\
\xf9L\x0aTx\xce=\x1f\x95\x09T\x8d\xca\xda\xe7\xca\
K\xe7f\x10\x0dT\xa6\xf8f\xad\xadN4\x09\xe3\xea\
\xe8\xd2t\xba\x07q\xc7@\x0a\xd89\xa0\xf2\xa4\x13\xcd\
\xbd\xa8=}a:\xad\x82\xad\xd5&_+0U\xea\
\xdb\xf5r\xa3\xb4\xf0\xd6\x9b\xb9\xc1\xfdg\xadL\xf71\
BH\xc8\xb4\x9bMg\xdaM\x97n\xda\x0d\xab\x0f\xf4\
wg\x90\xcb\xa4\x945\x8c\xd2\xf4k\x94\xd7?[^\
:\xa7\x1b\xf0\xd9jo\x9f.|;\xfdU\xed\x82[\
'\x9a\x81\xdb*;\x0dT\xc0\xf6\x8e$\x8f\xa2\xb3U\
M\xbeV\xcb\x88&\xd4Fi\xfe\xad\x0b\xd9\xde\xb1\x1f\
\xa5r\xbd\xd7\x11bE\x98vs\x05\xd4v\xa6\xddd\
2\x19c\xf6D\x89\x18\x0a\x10\x82\xe9\x990\x8bj\xfd\
s\xe5\xc5wt\xc3\x13\xae\xc5&\xa0x\xbc\x95\x80\x0a\
+o[e'\x82\xca\x93\xed\x1cI\x1eE\xa7\x93\xc3\
\x0d\xda\xd1\xcb\x17+My\xe9\xdc\x5c*\xd3\xfd\xfdt\
\xd7\xe0\x08\xb1RG`\xe8\x11\xe4\xa6\xdd\xec\x9fDW\
W.\xbc\x04\xc5\x80\xcf\x08\xa0\xfal\x13\xa02\xc5o\
w/\xa0I\xb7\x93\xdfwU3O%;\x19T@\
{\x86\x1bt\xe2{X=[\xe9\xe5k\x97\xb5\x15V\
G)\xbe\xb2zy\x8d\xda\xf5\xefgz\xc7\x09\xb1\xd2\
\xc7\x01hw\xbbiP\x8a+S\xb3\x98\x9f_\xc6\xbe\
=c\xe8\xef\xeb\x01ua\xe4\x15dz\xe2#\x80\xaa\
\xd0\xa8l\x98@\xe5I;z\x01Uq[\xd1\x044\
\xc5\xb5\x1bP\xaa\xf0(\xd6\xe4\x8e\x90\x9d\x0e*O\xda\
\xd1{\xb7US_vG\x93O\x9d'\xa9\x15\xe6K\
\xf5\xe2\xf2\xf3\xd9\xfe=\xabV*s\x12PO\xbb\xf1\
*0;\xbf\xe4\xecv36\x84an\xdaMHa\
Q,\xaa\xea\xc6g\xcb\x8bo\x8b\xcetQv[\x13\
\xd0\x14\xd7.\x88\xb5\xd2[\xb8#e\xb7\x80\xca\x93v\
\x03+\xaaN\xb3\xcd\xbf\x9d\xde\xe4S\xe6\xd3(\xaf\xd5\
+\xcb\xe7_\xc9\x0d\x1e\xbc\xe8\xf6\x08\x86N\xbby\xf7\
\xc2U\x0c\xf6\xf7`b|\x04\x96\x15^\x15B\x08\xa6\
B@eW\x0a\x7f\x5cj\x1eT\xa6\xf8\xadh\x02\x86\
\x1d\xb7k\x08C\x14\x9d]\x0b(Ov\x1b\xa8<\xe9\
$\xb0\xa2\xe6\x15Wo+\x07v6\x93\x07\xf7\xd0\xd2\
F\xd5.\xce\xbfy67x\xf05+\xd3}\x84\x10\
b\x9cvS\xd8t\xa7\xdd\xa4S\xd8\xc7\xecv\xa3,\
\x88\xba\x16\xd5\xf4<^y\xdddQ\x15\xfe\xb8\xb4p\
6\x0cT\xca\xfa\x87\x84wj h\x98\xfev\x8e\xc3\
\xda\x95\x80\xf2d\xb7\x82\xca\x93V\xe7\xf2\xa9t\xb6\xc2\
y\xde\xae\xba\xb6C\x8c\xe7Q\x9a\x7f\xebJ\xb6w\xec\
\x07\xa9\x5c\xef>B\xac\xc3:}n\xdaM\xa5\x8a\x03\
\xfb\xddi7T\xfdV\x10\x02L\xcf,\xe8AE\xb0\
\xd9\xa8\x14\xfe\xc8\x05\x95i\xae\x9f'\xedh\x026c\
i\xc5\x8do\x15P\xed\xe8\x09\xdcu\xb2\xdbA\xe5I\
;\x86$\x98\xc2\x9b\xcd/j\x9e\xad\x8c6\xef\x04\xbc\
\xb8\xfc\xcbK\xe7\x16\xadt\xd7\xf72\xdd\xc3\xdd\xc4J\
\x1d\x83q\xdaM\x03\x17/\xcf`u\xd5\xd9\xed\xa6\xbb\
\xbb\x8b\xd1\xa0\x9c\xee\xf4\xcc\x02^6ZT\xc5?*\
-\xbc\xe5YT\xcd\x82\xca\x14\xdf\xae&\xa0\x18\xd6\xc9\
&\xa0I\xef\x9a\x03\x94'\xd7\x0a\xa8<iePf\
\xbb\xac\xa7vL0\xde\xb6&\x9f.\xaf\xea\xda\x95\x0d\
8=\x82\x15b\xa5O\x02\xd0L\xbb!\xee\xb4\x9b\x05\
L\xcf\xccc\xef\xc4\x08\x06\x07\xfb\xa4b<P\x99\x9a\
~vu\xd3\x03U\x1c\xd9\x09M\xc0\xb0\xe3ft[\
u\xb4\xefj\xb9\xd6@\xe5I'{\xf8\xda\xd9\xe4\xdb\
\xca)5\xad\xe6Gj\x85\xf9J\xad0\xffBn`\
\xff\x0c\xb12\xb7G\x9avsi\x0a#C\x03\x18\x1b\
\x1d\x12F\x7f\x12L\x85\x81\xaaV\xfcLi\xfe-\xaf\
\xe9\xe7I\xbb\x9b\x80\xed\x02\xd8N\xb2\xb2\xae\x19@y\
r\xad\x82\xca\x93N;\xcc\xdb9\xc8\xb3\x994\x9dn\
\xf6\x89e\x91Fe\xa3Q\x9c\x7f\xeb\xf5\xfc\xf0\x0dg\
\xadt\xf6V\x102\xaeM@\x08\xd666q\xee\xfc\
\x15\xf4t\xe5099\x06\xcbJ\x05\xce\xf4P\x8b\xaa\
\xf8\x99\xd2\xfc\x99v\xcc\xf53\xc5\xb5sl\x95\x18\xb6\
]M\xc0kN\xaeuPy\xd2\x0e\x87y\xa7\xe6\xea\
\xc5\xad{\x94\xfcZ\xe9%\x0b\xd7\xa7\x0dZ\x9c{\xfd\
|n\xe8\xd0\x8b\xa9L\xd7\x0d \xe4\x90\xaeLB\x08\
J\xa5\x0a\xce\x9d\xbf\x02P\x1b\xfb\xf7M \x93\xc9D\
\x03U\xad\xf4\x87\x02\xa8\xa2\xd69.\xact\xe1\x9dn\
\x02\x8a\xc7\x09\xa04\xf2^\x01\x15+;e\xae\xdev\
\x8d\x99j%-\xfbB\x90\xd2\xfc\x99\xe9L\xef\xf8_\
\xa4r}\xa3\x84XG`\xd8\xed\xa6Z\xab\xe3\xfc\xa5\
il\x16\x8a8\xb0\x7f\x02]]ygR\xf2\xeb\xef\
hG\xa6;\xa0z\xb3\x99)4;ilU\x98N\
\x02\xa7\x08\xf2^\x04\x95'[\xb9<K\xbb\xd7\x94\x8a\
Sv'\xf3$\xe5\xa5s+\xa9l\xcf\xf7\xd2]C\
)b\xa5n\x83i\xdaM\xc3\x99v\xb3\xb0\xb0\x82\xfd\
\xfb\xc6\xb1\xb1QtA\xa5\x5c\x8a\xb8`\xd7\xcb\x9f)\
\xcd\xbd\xa9\x1bG\x15\xe5E\xed\x84_J\x15\xd6\xce&\
`\xdc\xb4\xef\x09y/\x83\x8a\x95\xedX\x9e%Lg\
\xbb\x9d\xe7\x91\xf3\xad\xac^.\x826\x9e\xcb\xf6\x8e\xaf\
\x11+};\x80\x1e\xa5\xa2[\x83\xd9\xf9%\x5c\x9d\x9a\
C\xc3n\xe0\xca\xd59-\xa8h\xbd\xfc\x87\xc5\xb97\
Z\x19\x99\xbeS\xa6\xd7\xc4=N\xe0$H\x02*Y\
\xae\xd5&_\x9c\x87\xbd\x89\x1e\xc1\xb9Zum\xeaG\
\xf9\xe1\xeb.\x92T\xfa$@\x86\xb5\xca\x84`ye\
\x1d\xd33\x0b\xa87l\x9dZ\xc1\xaeW\xfew\x08\xa8\
v\xf2\xd8\xaav6\x01\xdf\xf3\x92\x80\xca,\xd7R\x93\
\xaf\xe3=\x84v\xadH\x8b\xf3g\xcet\x8d\xde\xf4\xaa\
\x95\xca\x1e\x05!\xfb\xb4\x95!D\xe7\x9b\xf24\x0a\xb4\
Q\xfd\xc3\xe2\xec\xeb\xd3h\xde\xa2\x0a\xd3\xd9\xe9M\xc0\
D\x5cI@\x15]\xb6\xbb\x97\xaf]\xf5\xee\xac\xd0\x06\
\x8a\xb3\xaf]\xca\x8f\xdc\xf0\x9c\x95\xce\xef\x07!\x87\xa1\
Y\xdb*D\x0a\xb4^\xfd\xdf\xc5\xd9\xd7\xc2@\xe5\x97\
\xdcD\x5c\xa7\xa7\xd74s\x9c\x88B\x12P5'\xd7\
b\x93\xaf\x9d@#\xc5\xb97\x17\xb2\xfd{\xbec\xe5\
z\xfa\x08\xb1\xb4\xd3n\x0cR\xa0\x8d\xca\xa7#\x82j\
+\x9a\x80\xcd\x8eb\x8f;v+\x11\x85$\xa0j]\
\xb6s\x82q;\xe1\xd2\xee\x97\x87\x94\x16\xdf^\xcft\
\x8f|7\x95\xef\xaf\x12b\xdd\x01\xcd\xb4\x1b\x8d\x14\xa8\
]\xfbtq\xe6\xd5v\x80*L\xaf\xd3\xd3k\xe2\xd4\
1\x11\x85$\xa0j\xbftb\x82q3\x0f\xf9\xd66\
\xf94u(/\x9f\xaf\x80\xd2\x1fd{'f\x89\x95\
\xba\x03@\x7f\xc4\xb4\x05\xda\xa8\xfd\xaf\x88\xa0b\xa5\x93\
#\xd3[\x0dK\xa4II@\xd5yi\x15R\xed\xee\
\x9ao\xb6~MKmc\xb6Q]\x9fz\xa5k\xf8\
\x86\xb7\x88\x95:\x0e\x90\x89\x08\xc9\x0a\xb0\xeb\x9f\xde\x9c\
ye\x1a\xd1\x96yi\xf5z\xb4bAE\xc9?\x91\
\x16\xa4\x19'g\x22\xf1\x84\x0a\x7f\xba\xf0\xb8\x7f\xed\xca\
g+\xfeP+\xcc\xd3\xb9\x17\xfe\xcbW\xedZ\xf9\x17\
\x01\xfaM\x84\xbf\xd8\x14 \x8dv\xd6\xa1\xc3\xd7=\x91\
\x0eJbQ\xed\x0c\xd9\xce\x9e\xbe\xad|\xc9\xc8\xe6\xcc\
+S]\xe3\xb7|\xd7\xb22c \xe4(\xf4\xcf\xe0\
\xf9Fm\xf3?\x16g_/4Q\xceV\x0c\x02M\
d\x0b%\x01\xd5\xce\x95\x8e/\x88\xb7]\xe7U\x9cy\
u\xb9k\xfc\x96o[\xa9L\x06\x84\x9c\x84j\xda\x0d\
\xa5\x9f)\xcd\xbf\xf5\xd9\xea\xfa\x14\x15\xea\xba]M\xc0\
D\xb6Q\x12P\xed>\xd9\x09N\xf2\xb8u\x12_~\
R\x9c}u3?v\xe4{V*\xbb\xe2ZV\x03\
n>5\x00_\xa4v\xed\x9f/\x9f\xf9\xd2\x82\x22\xef\
VA\x15G'\x91\x1d\x22;\xf1\xa1O\xa4y\xd9\xc9\
\xebY\xa9\x84\x0e\xde\xf4T*7t\xdd1bY\x1f\
\x00\x90\x07\xc5%j\xd7\xbf<\xf7\xc3\xff\xecm\xe5\x1e\
\xd7\x9aB\x0b\xfa\x89\xecP\xd9\xee\x075\x91\xad\x17q\
\xfd\xf1\x9d\xf0\x0c\xa8\x80b\xb2\xa4\xa2\xac\xa1\x9e\xc85\
$;\xe1!MdwH\xa7\x9e\x95\x048\x89\x84\xca\
\xff\x0fTb\xd6\x8aY\xb9\x9cR\x00\x00\x00\x14tE\
XtAuthor\x00Jakub S\
teiner\xe6\xfb\xf7/\x00\x00\x00ItE\
XtCopyright\x00Publ\
ic Domain http:/\
/creativecommons\
.org/licenses/pu\
blicdomain/Y\xc3\xfe\xca\x00\
\x00\x00%tEXtdate:crea\
te\x002015-10-13T15\
:03:32+09:00\xf5\xf6\x5c\xde\
\x00\x00\x00%tEXtdate:mod\
ify\x002015-10-13T1\
5:03:32+09:00\x84\xab\xe4\
b\x00\x00\x00\x19tEXtSoftwar\
e\x00www.inkscape.o\
rg\x9b\xee<\x1a\x00\x00\x00!tEXtSo\
urce\x00http://jimm\
ac.musichall.czi\
f\xe3^\x00\x00\x00\x0dtEXtTitle\
\x00Go Down\xf3\xfd\x14y\x00\x00\x00\x00\
IEND\xaeB`\x82\
\x00\x00\x0c'\
\x89\
PNG\x0d\x0a\x1a\x0a\x00\x00\x00\x0dIHDR\x00\
\x00\x000\x00\x00\x000\x08\x06\x00\x00\x00W\x02\xf9\x87\
\x00\x00\x00\x04gAMA\x00\x00\xaf\xc87\x05\x8a\xe9\
\x00\x00\x00\x19tEXtSoftware\
\x00Adobe ImageRead\
yq\xc9e<\x00\x00\x0b\xb9IDATx\xda\xed\
\x9ailUu\x1a\xc6\xdf\xee\xfbB\xb9-\x16h\xb1\
U\xa9\xa5U\x06dq\xc0\x01\x15AY\x15pE'\
cp\xe2\x18\xcdd\xf80\x93\x99/f&\x99\x0f3\
\xc9L2\x93\xcc\x17'1f\x12\x0cj\x94-X\xf6\
\x22KQ\xd9\x97\x0e\xa5(\xfb\xda\xd2R\x0a]n\xdb\
\xbbt~\xcf\x7f\xee\xb9\xb9i0\xd3k\xd0\xc4\x0c7\
ys\xee9\xf7\x9c\xff\xffy\xde\xf7y\x97SH\xe8\
\xef\xef\xb7\x1f\xf2'\x11\xbbC\xe0\x0e\x81\xffg\x02\xc9\
\xb7\xba8g\xce\x9cA/@\x11\xf0l\x086.\x1c\
\x0eWa\x95|/\x0f\x87C9\xe1p\xbf\x0a\x85\x1f\
;\x8b\x1d\x8f\xd8\x01\xeei\xc2,\x14\x0a\xe9Yw\xf4\
\xce\xbd\xef\x03\x0b\xcc\xe9\xd3\xa7\x07A \xfe\xcfxh\
<\x17\x0a\x05\x97\x04\x02\x81\xd2\x84\x84D6N\xb0\x84\
\x84\x04KNN7}\xfa\xfaz\x8d\xdf\x1d\xb0`\xb0\
\xcf\x12\x13\x13[\xb9o\x15?}\xc4};\x00\x1a\xba\
\x0d\x11\x88\xfb3\x81\x8d\xdf\x06\xdc\x93\xa1P8-;\
;\xdf\xaa\xab\xab\xec\xee\xbb\xcb\xb0Q6th\x81\xa5\
\xa4\xa48O\xf6\xf6\xf6\xd9\xb5k\xd7\xec\xec\xd9sx\
\xf1\x94\x9d<\xd9\xe0kn\xbe\xf4z(\x14x=9\
9\xa5\x8e\xb5\xfe\x84\xad\xff\xbe\x08\xc8\xad\xbf\x0b\x06\x03\
\xbf\x0a\x85\xfa\xf3KJ*l\xca\x94\xa96i\xd2D\
\x80\x97Xvv\x06\x1eN \x0aa\xbc-9\x84=\
#\x12A\xeb\xec\xf4\xdb\x85\x0b\x97\xed\xf0\xe1C\xf6\xc5\
\x17u\xd6\xd8x\xf8\x91\xde^\xffZ\x88\xfc\x8bu\xdf\
\xc6\x9a\xe2\x01#}\xc6\x93\x03#\xb9\xff\x9d@\xa0o\
nn\xae\xcff\xcc\x98k\x0b\x16\xcc\xb1\x92\x12\x9f\xe9\
\x83\xde#\xa0C:\x0e\xf8\x1eV4\x945\x10\x94\xcc\
\x12\xad\xb5\xb5\xdd>\xfbl\xbb\xd5\xd4\xac\x84\xd4IK\
JJ\xae\xe7\x86\x9f\x05\x83\xc1C\x83\xc8\x81\xb8\x09\xdc\
\xc3\xbd\xab\x91\xcc\x03\x15\x15\xe3m\xe9\xd2\xa56a\xc2\
\x18\xef\xb7H\x02:\xaf\x7f#\x89@\xc0\xfb.pa\
\x01\x96\x01\xec\xbc}\xf4\xd1\x0a\xab\xab\xdb(\x82M\xc0\
\xfa)\xebm\xbd\x9dI\x5c\xcc\x86k\xd8\xb8z\xf2\xe4\
\x19\xf6\xe6\x9b\xbf\xb0\x91#}\xb1\xbf\x0b\xe0\xff \xe0\
\x11\xf4\xaa\x8c)\xa1\xf9\xdec#F\x0c\xb3\xd7^{\
\xddrs\xf3l\xe3\xc6\x95w\x05\x02=\x1f\x90\xe4O\
\xb1\xec\x81\xdb\xd1\x07\xb2\xf0\xc4{}}\x81\xea\x89\x13\
\xa7\xd9\xb2e\xbf\x8c\x82\xe7\x1a\xe1\xaf\xb5\x86\x86\xaf]\
\xc2\x12\xfao\x00\xefY\xd0\x9d\x03\xce\x9a\x9b[l\xd7\
\xae/\xec\xea\xd5V\xbby\xb3\xcb\xd2\xd2\x92\xed\xc5\x17\
\x97\xd8\xacY\x8b$E\x1f\xf7}H\x14J0\xf3\xec\
\xdb\x12\xf8\x0d\x9a\x7fJ\xb2y\xeb\xad7\xac\xa8(\xd7\
]\xf4\xfb{\xec\xddwW8`\xb5\xb5u\xb6{\xf7\
~\x91\x18\x00X\x16\x8ex_\xe4\x1cx\x97\xc4\x87\x0e\
\x1d\xb1\xd1\xa3Km\xef\xde}v\xe5J3$\xba\xdd\
\xb3O?\xbd\xd0\xa6M\x9bc\x94\xe4{\x89\xfa_\x06\
\x10\x88[B\xe3XhYn\xeePi\x9eP\xfb\xa2\
\xe0W\xacXk\xe5\xe5\xa3H\xe4)\xd6\xd4\xd4j\x9f\
|\xe2\xaa\xa0UUUXOO\xdf\xc0\x08\xe8\xe8\x92\
\xf7\xe2\xc5&\xc0\x1f\xb5\x85\x0bg\xda}\xf7\xddm\xc3\
\x86\xf9\xec\xd3O\xb7\xb3\xd6=\x96\x9f\x9fgYY\x99\
6\x7f\xfe\x22;u\xea8\xd6\xf0<\xd5i-\x0a\xf8\
\xe0[I\x88\x07\xff\x88\xe5QmH\xd8\xca(\xf8\xe5\
\xcbW!\xa3b{\xfc\xf1\x1f\xe3\xbd&6M\xb3W\
^Yh\x9f\x7f\xbe\x8f\xf2\xd8@\x03K\x1e\x08\xdey\
\xfe\xd2\xa5&;p\xe0 R\x99k\xa5\xa5\xc5\x9c_\
\xb6\xfb\xef/\xa7\x92\xcd\xa0\x9c6\xd2+\xda\xad\xbd\xbd\
\xc3|>\x9f\xcd\x9e\xbd\xd822\xb2\x12\x90\xdd\x1f\xc0\
\x90\x89\x0d\x9a\x80\x80\xcb\xc6\xaaI\x95\x96\xdeg\xcf<\
3/\xfa\xdb\xce\x9d{\x1d\xf8\x993\xa7\xa2\xe3\xab\xce\
\xab]]\xddT\x13#\x11_\xb0\xfa\xfa\xe3\x80\xac\xe7\
<)\x1a\x053\x07\x1er\xf5\xf6\xd2K\x0b\xac\xb0\xb0\
\xc0\xae_o\x17Q\xe5\x00$\xca\xb8>OM\x8e>\
\xd1\x85\x9c:l\xec\xd8q4\xc6\x09\x06\x86\xd1\xc8g\
\x0e\x16/\x81\xf0\x12\x1eJ\x1e?~2\xd2\x19\x1a\xfd\
m\xd4\xa8\x11\xc8\xe0\x0a\xb2i\xb1\x9c\x9cl]r`\
\xbb\xbb\xfd\x00J\xb4\xe7\x9e\x9b\x0d\x90\xb3$\xf6W\xf2\
\xba\xb3\xcb\x97\x9b\xed\xe8\xd1c\xb6h\xd1L+.\xf6\
\x01\xf0\xa6\x9eq\xe3Fff\x06Q\xed\x85\xf41\xd6\
\xcbs\xf9r\xe3F\x87+\xaf\x0f>8\xd1RS\xd3\
\x95?o\x80%)\x1e\x02y\x84nI^\x9e\x8f\xea\
\x90\x8fL\xdat\x99\xc4\x0a\x92x\xe5,<\xc6\xd6\xac\
\xa9ea\xa3\xf3:\x12\xf2\xa6\x22\x81\x9c\xd2\xed\xe5\x97\
\x17\xd8\x89\x13'\x19\x19\xce8\xa2G\x8e\xd4\x8b\x18\x0d\
\xaf\x18\x89\xdc\xd0\xbd\x02\xcf\xda\xa9<\x9fck\xd7\xd6\
\xda\xb9s\xcdD\xa6H\x95\x8a\xd1#\x80\x9c\xda4K\
!\xb5{\x94\xd0\x8fiH\x8c\x87\xc0C,4\xb2\xb4\
t4g)\x94\xbb\x83\x9agT\xde\x00\xe9'\xbcc\
l\xdc\xb8*{\xff\xfd5\x5c3<\x17%\x11\x8d\xc4\
\xab\xaf.\xa6\xda\x5c\xc2\xb3\x87\xed\x85\x17\xe6\x92\xac\x05\
x\xd6y\xde\xf4IOO\xe3\xb9\x5c\xd6X\x0b\xc9v\
\x22;J@#\xbd\x22HN4\x10\x19?r-\x17\
\xd9D\x08L\x89\x83@\xb8:11\xc9\x86\x0c)4\
$.\xc9P&\x0fE\xbb\xad<]QQ\x0e\x89\x07\
\xec\xe3\x8f7\x00\xba\x17Ofyr\xa2\x0a\xf5\x12\xfa\
$$3\x8bh\xcc\xb7\xbb\xee\x1a*m{\xb2\x01|\
:%7\x8d\xca\xb5\x89\x5c\xe8FV\xc5\xf2:\xc0]\
\x83#\xb7.B\xea4{\x05\xa8L>\x1c\xa2\xa10\
T=h\x02\x80\xacD\x83\xc8!W\xfa\x13%\xea\xf5\
Q\xe9T\x00\xf4;\xa0{(\x83\x9a<K%\x01\xbc\
\x17vz\xd6G\x89\xadj%9\x15\x14\xe4ZGG\
\xa7\xbb\xc6G\xb2\xa1\xbad\xda\xbau\xdb\x88P\x0b\xe4\
\x8a5\xe4E\xde\x0b\x12\x90N\x93\x9d?\x7f\x1c2\x22\
\xd4\xa7J\x04\xd9T\xedY\x16O\x04\xca\xfe\xab\xd1\x0c\
\x11p\x9e\xe7\x94Ye\xbf\xed\xdbw\x94;4m:\
9)'\xd0i\x09}\xe1S6\xecW\x1d\xd7\xef\xf2\
\xb6$!\xe9y\x9eg\xbd4\x07\xfe\xc3\x0fkH\xec\
6\x8a\xc3p\xdd\x13\x05\xdf\xd2r\xc9\xce\x9c\xa9\x97\x84\
4]\x89\x84\x88\xf3\x5c\xa6\xee)\x1c4\x01\x00\xe7x\
\x15D\xe0y\xdf\xf0\xae3\x02\x1f '\xf6 \x89n\
\xcf\xd3\x10\x18\x8e\x86K$\x09\xbc\xed\x07d\x9a\x00\x0b\
\xb8L\xf7)?\xdcz+Wn\xc6\xcb\x9dt\xf4\x22\
\x15\x05\xe5\x95\x00#\xd3ST\xafz\xae\xf5j+\x01\
\x96l<Y\xca\xa9\x19\x83\xee\xc4\xfd\xb8#\xa6\x9c\xea\
\xe8EAFUiP]W5\xa2r8\xc7\x00:\
]\xb3>\x00\xd4q\xe5\xf1 \xe6\x96\xf1@\x08,\x89\
\xdc)2\x00\xd4\x9a\xc6\xf9u\xc0\x9f\xb4\xb6\xb6&o\
@\x96\xc3\xb4\xaf\xf7Z\xe9\xed\x9f0h\x02l\xe4'\
\xb4\x92\x0f`R\xe5\x89\x98\xc5\x0c\x00I\x84\xbb\xd5\xb6\
m\xdb\x89\xf7G\xa0s\x1f\x0d\xa9\xcd\x9e}v\x16\x9a\
.P\x92\x0b\xb0\xee\x8f\x8d\xaa\xf4\xaf\xa4Fn5\x94\
\xe6\xcb\x10\xbe\xc6s\x17 \xdd'\xb2\x1ePo\xafh\
$\xf4;\xa7\xbdq\x8c\x12\xfd\xe7\xd0\x1f\xd5\xa4[\x1e\
\x89\x89\x84\x16\xf7f\xf9DG\xec\xf8\xf1\xaf\xd1\xedy\
\xc6\x81\xc7\xd4\xa4T\x81<\xcd\x93|\xc9X\x8a$$\
\xd3\xf4\x0a\x89\x14H\xcc\xe3\x953\x87<\xb8\xa0N\xab\
\xa8\x0e\x00\xafc?\xd7\x93$/\x0aF\x97@\xb5\xc6\
\xd3\x07\x1aa\x8d\x9e\xdb\xbdn\xea\x855rt\xbaU\
e\xa09\x8db\xb6\x99g\xc3\x87\x17\x0a\xbc\x80\x0a\xbc\
\x80+1%\x15@+'\xa2\x89M\x19Mu\xbd\xe1\
\x91G\x1e%\x9a\x19\xba&g\xc48)$\xc7I\x8a\
\x80\xef$\xcf\xba\x85\xea|\x1cI\xdc\x7f\x0c\xcf\xa0\xcb\
fm\xec%3\xe6\xbd\xe3:\xf04\xa7\xe1\xb6d\xc9\
<\x9aM\x11\xe0{b\xc1;\x9do\xd8P\xc7\x9b\xd6\
F*Q\xd0#\x11\x89D\x1fM,\x83\xf9g\xbeM\
\x9e\xfc\x13\xee\xcfT\xc5\xf1\x0a\x86\xf6\xe1Z:\x84S\
\xc0pUQ\x92\x84\x1a\xe2\x89\xc0~6k?w\xee\
+\xc9\x88M\x93\xb5\x80\xb7\x81\x12\x95\x128\x12\xf0\xf3\
\xd5a\xe5y\x81\x8b\x01\x9f\xc2\xa8\xb1\x9d\xc1o'\xbd\
c\x0fes\x03 Bx>\x96\x84\x22\x91\xcc\x14;\
\xdf\xa6O\x7f\x82\xe7\xb2T\x81<\xfds\x9e!GR\
,\xceF\xca\xaa\xed\x89\x87@3^_\xd9\xd2r\x85\
$\xbb\xe8\x00q.\xcf;Y\x94\x95\x95\xdb\xe2\xc5O\
\x0a\xbc\x80x\xa5\x92\xee\x9b\xe26]\xbf~'=c\
\x17\x9e\xef`\xf3nH|\xa9\x12K\xd2\xf6(\x91u\
\xaf7\xad\xd2\xfc\xd2\xb4\x16obs\x89J\x81\x22\xc1\
^)\xac\x95I\x97n\xa1\xb46\x8a\xb4^\xf2\x0f\xc6\
\xd1\x89\x9d\xce\x97\xe3\x91\xfe3g\x1a\x05^\xad_\xde\
\xd1\x11\x8fM\x96\xe6\xe5\x99\xa8l$\x19\x91\xdb\xb2e\
\x0foh\x9f\xa1\xddvo\x0bHv@h\x07\x1d{\
\x1bz\x0e\x8a\xa8\x17\x09\x91\x00x&\xf3\xff\xa3\xacY\
\xce\xb9\x22\x95\xc3z\xa9\x14\x87\x13T\xb4N\xdd\xfbO\
\x16\xea\x89\xa7\x91\xc9\xeaH\xa2\xbd\xa7N\x1dc.9\
\xcf\xa6\x19\xd2%r\xe9\xb0\xad[w3\x06\x5c\x15h\
@8\xf0\x0ePM\xcdnJ\xeb6\xc0_\xe7<\xda\
G\x94\x90D\xe3&\x92\xaaU$X#\xe0=\xa3#\
\xbd\xa0\x1b\xc9m\xc1\xdb\xffV\xd7\xa5\xa7\x0c!Z7\
\x18\xe8\x8e\x08N3\xeb|\x8cY\xbc\x04Bl\xfc{\
\xbf\xbf\xabo\xff\xfe\x1d\xaa\xc5,\x9e\xa5G\xf0\xccW\
l\xb8\x95\x06\xd4b\x90t\x1du\xd3\xa6/\x01\xb8\xdd\
\xd5v\xb3hM\xf7\x1a\xa1\xc0\xe2\xcd\xeb\xdc\xb3\xd5V\
\xad\xaaU\xd3\x93\x8c\x04\x9e\xee\xbc\x91\xa8\xad#:\x9d\
D\xa3PNad\xd9\xc5\xe8\xad\xb5\xec\xaf<\xdf\x16\
\x0f\x81\xd8?\xb0nb\xa8[\xae6\xdf\xd0p@\xb9\
\x80wr\x05F\xef\xab\xb6z\xf5\x16\xa2#P\x87\x90\
\xceV\xcan\xab~\x8b\x05\xcf:r\x86\xac_\x92\x11\
A\x22X\xe3*Tkk\x87\x1c\xc1\xf9:\xae_\xb7\
\xbc\xbc\xe1\xc8'\x9bH\x9c\xa0\xbf\x1c\x16\x94:\xec\xef\
q\xffe\xae\xaa*\xfa\xee @\xc3 \xb3\x8d\xfb\xc6\
L\x9d:\x9b\x09\xf4A$rS@\x94\xd4\xe8\xb6\x0c\
O\xb5j\x14\xb8E7\xbd\xd5\xd1uV\xc0\x162?\
\x8d\xe6\xc5\xe7 \x91\xe9\x10x\x06\xc1|\xa2z\xda6\
o^\x85\xcc\xfc\x1dl?\x0d;\x1cS\x5c\x06G\xa0\
\xb2\xb2r\xe0\xa5\xb1T\x87\xcd$p\xd1\xc3\x0f\xcf\xb4\
\xf2\xf2J\x12\xd3\x0f\x89v\x91Qi\xd5RX,x\
g\x03\xc8x\xe6\xfeJ\xad\xef\xaa6\xbcK\x14\xca\xf3\
\xaed\xee\xd8\xb1\x1eY\xb5\x05X\xecyl\x0df\xb7\
\x83\x806\x9b\x81\xe7V\xe0\xe5\xa2I\x93\x1eg\x8c\x1e\
\xab\xde \x02h\xf7\x06^\xed\x11\xb0X\xf9\xdc\xf2(\
i\x9a\xb91\x01\xd0\xb9H2_\xd2R\xc5\x01\xfc\x06\
\xf5\x1d\xcd<\xcb\xb0w0\xbb\x9d\x04\xb4\xf9DJ\xe7\
r\x8e\x15\xa5\xa5\xf7\xdaC\x0fM\xe7\xad\xcd\xa7\x06\xc4\
\xc6]T\x9an\xac3\xd2UC\xb1\xe0#\x9b\xab\xea\
\xa4\xab\xf3\xca\xf3\xca)\x8d+\xf4\x89:i^\xf7\xaa\
\xf6.\xc5Vc\xf6]\x10\x90\x95b\x7f\xa6\xbd\xbf\xc4\
\x1b\x1b9Q--\xeb\xf5S9 2\xb2X\x12\x98\
\xa9\x97\xa8\xa3k<\x10\x105)y]\xa5\x92\xef\xae\
\xdal\xc7~\xed\xfd=\xf4\xbb$\xe05\xbaW\x18\xc2\
~\x0b\xd0j\xde\xdc\x18-\xca\x98\x89\xcax\x87\x1d\x8a\
,\xb2%\x0bo\xd3\xc83A%+\xc9\xdeB\xa2\x9e\
55H5)>\x17\xb0\x7f`\x7f\xc3\x82\x98}_\
\x04t\xcc\xe2\xfa\x5c\x8e?'?\xa6\x13\x81T<\xac\
wX\xf4\x9d\x19}'\x80\xa8F\xe2\x88\xccz\xd4m\
C\x1a\x0fX\xf6=\xec\x13\xeei\xf1\xf6\xf9\xbe\x09\xe8\
\xbag?\xc2\x1e\xe6Z\x15\xc72\x8eEz\x0d\x8c\xfc\
#_\x1fK\x5c\xd5{\x06\x8f5j0\x8b\xfcC_\
\xaf\x07\xec\xdb\x12\xb8\xf3_\x0d\xee\x10\xb8C\xe0\x07\xfe\
\xf9\x0fN3D\x96\xd0AxF\x00\x00\x00\x00IE\
ND\xaeB`\x82\
\x00\x00\x05\xb5\
\x89\
PNG\x0d\x0a\x1a\x0a\x00\x00\x00\x0dIHDR\x00\
\x00\x00\x16\x00\x00\x00\x16\x08\x06\x00\x00\x00\xc4\xb4l;\
\x00\x00\x00\x09pHYs\x00\x00\x0b\x13\x00\x00\x0b\x13\
\x01\x00\x9a\x9c\x18\x00\x00\x00\x04gAMA\x00\x00\xb1\
\x8e|\xfbQ\x93\x00\x00\x00 cHRM\x00\x00z\
%\x00\x00\x80\x83\x00\x00\xf9\xff\x00\x00\x80\xe9\x00\x00u\
0\x00\x00\xea`\x00\x00:\x98\x00\x00\x17o\x92_\xc5\
F\x00\x00\x05+IDATx\xdab\xf8\xff\xff?\
\x03-0@\x00\x96\xc4 \x05\x80\x18\x84\x81\x01\xad,\
x.\xd5G,\x1e\xbc\x95\xfe\xc2\xff\xffe\xdb\xb2\x03\
\x09dr\xcb\xddaf\xe8\xbd#31\xe7\xc4\xa1\xaa\
\xf0#\xcc\xfc\xaa\xea\x22\xa2\xd8\xfb92\x22\xee9\xc6\
\xc0\xf6h\xadADn>\x01\x84b\xb0\x88\x88\x08\x83\
\x81\x81\x01\x83\x91\x91\x11H=\x9f\xb5\xb5uGgg\
\xe7\xcb\x0d\x1b6\xfc?p\xe0\xc0\xffC\x87\x0e\xfd_\
\xb3f\xcd\x7f\xa0\xd8\xff\x98\x98\x98g\xf2\xf2\xf2% \
\x85\xc2\xc2\xc2\x0cLLL(\x06\x03\x04\x10\xdc`\x90\
\xadBBB\x0c\x1a\x1a\x1a\x0c@\x0d\xd1\xdb\xb6m\xfb\
\xff\xfb\xf7\xef\xff\xd8\xc0\xfb\xf7\xef\xff\xef\xde\xbd\xfb\x7f\
ss\xf3\xff\xc8\xc8\xc8\xff\x9c\x9c\x9cf \x0b\x80\xbe\
\x82\x1b\x0c\x10@`\x83\xc1\xc1 &\xc6\x00\xf4*\x88\
\x1d|\xea\xd4\xa9\xff\xb8\xc0\xaf_\xbf\xfe\x7f\xfb\xf6\xed\
\xff\x9b7o\xfe\xaf\x5c\xb9\xf2\x7fMM\xcd\xff\xb0\xb0\
\xb0\xff@syA\xae\x86\x19\x0c\x10@p\x83\x05\x05\
\x05A\x96*\xce\x993\xe7\xff\x9f?\x7fp\x1a\x0c3\
\xf4\xd5\xabW\xff/\x5c\xb8\xf0\xbf\xad\xad\xed\x7fII\
\xc9\x7f\x19\x19\x99NX\x840222\x00\x04\x10\xd8\
`\x11`\x10p\x00m\x89\x8d\x8b;z\xfb\xce\x9d\xff\
\xf8\xc0\xe7/_\xfe\xbfx\xf1\xe2\xff\xd3\xa7O\xff\x1f\
?~\xfc\xff\xa4I\x93\xc0a\xee\xe3\xe3\xf3\x0dh\xa6\
\x00\xcc`\x80\x00\x02\x1b,\x0cr-#\xa3\xec\xcc%\
K\xfe\xff\x05\x0a\xfc\xc1c\xf0\xc7\x9f?\xff?{\xfe\
\xfc\xff\xdd\xbbw\xff\xcf\x9a5\xeb\xff\xbcy\xf3\xfeO\
\x9f>\xfd\x7f^^\xde\x7f11\xb1j\x98\xab\x01\x02\
\x08\x92\xe6\x80@\xcd\xca\xaa\xfc\xc4\xb5k\xff?\x00#\
\xe5La\xe1\xff\xf3\xd9\xd9\xff\xaf\xe6\xe6\xfe\xbf\x03\xd4\
p\x0f\x88\xef&%\xfd?\xe6\xef\xff\xff\xdc\x9e=\xff\
_\x00#o\xe9\xd2\xa5\xffg\xcc\x98\xf1\x7f\xc1\x82\x05\
\xffg\xcf\x9e\xfd\xbf\xae\xae\xee\xbf\xa5\xa5\xe55\x98\xb9\
\x00\x01\x0478;!\xe1\xe6+\x1b\x9b\xff\x1f\x95\x94\
\xfe\xbf\x96\x93\xfb\xff\x16\x88_\x88\x89\xfd\xbf\xc2\xc0\xf0\
\x7f\x13\x10\xf7\x03q\x85\xac\xec\xff\xc5\xcb\x97\xff_\xb6\
z5\xd8\xa5\x0b\x81\x86\x82\xe2\x04\xe4\xf2\xd6\xd6\xd6\xff\
\xe1\xe1\xe1 \xc3d@\x91\x08\x10@\x10\x83\xb9\xb9Y\
O\x02\x0d:\xc3\xc4\xf4\xff\x84\xa0\xe0\xff\xeb\xca\xca\xff\
\x8f\x00\x0dY\xa6\xa0\xf0\xbf\xc7\xd8\xf8\x7fc\x5c\xdc\xff\
\xce\x89\x13\xff\xcf\x06\xa6\xe7\xc5\xabV\xfd_\x01L\x0d\
\xcb\x81\x16\xcc\x9f?\x1f\xec\xea\xa9S\xa7\xfe\xef\xea\xea\
\xfa\x9f\x0b\xf4!//o\x06(\xf9\x02\x04\x10\xd8`\
q\x06\x06\x8d{\xbc\xbc\xffs\x816\xe6fd\xfc\xcf\
\x0c\x09\xf9\x9f\x01\x0c\x8a\xd2\xf6\xf6\xff]\xc0p\x9f\xb7\
u\xeb\xff\x95[\xb6\xfc_\xbfi\xd3\xff\xf5@\xc3W\
\xacX\xf1\x7f\xf1\xe2\xc5\xe0 \x982e\xca\xff\x09\x13\
&\x80#\xb0\xb2\xb2\xf2\xbf\x8a\x8a\xcaJP\x08\x00\x04\
\x10\xd8`Y\x06\x06\xed\xf3\xdc\xdc\xffs\x81\x12\xb3\x81\
\x19c\xf9\xce\x9d\xff7\x00\xc3z\x1d\x90\xbdn\xe3\xc6\
\xff\x1b\x81\x06\xae[\xbf\x1e\x9c\xeb@.]\x02\xb4\x0c\
\xe4ZP\xa4\x81\x0c\xed\xee\xee\xfe\xdf\x0etDmm\
\xed\x7f`qp\x15d.@\x00\x81\x0df\x03f\x9a\
\xbd\xc00\x14\xe3\xe3\x9b'\xac\xa4\xd4\xea\xed\xeb\xfb\xb0\
\xa7\xa7\xe7\xff\xda\xb5k\xff\x83\xb23(#,[\xb6\
\x0cl\xe0\xc2\x85\x0b\xc1\xe1\x0a2t\x220x@\x86\
\x82\xc2\xb7\xa1\xa1\x01l\xb0\xaf\xaf\xef/Pq\x00\x10\
@`\x83\xb9\x81\xacv\x06\x86c\xf6\x0c\x0c\x1d\xca\x90\
r\x02\x04\x02\xec\xec\xec\xae\x802\x00(\x05,Z\xb4\
\xe8\xff\xdc\xb9s\xc1\x11\x05\x0aS\x98KA\xf2\xf5\xf5\
\xf5\xff\xab\xab\xab\xffWUU\xfd\x0f\x08\x08\x00E\xa0\
$@\x00\x81\x0d6\x07\xb2\x8c\x81\x06\x0500l\x86\
\x99\xca\x0b\xc9\x89\x0c\xc2\x22\x22M\xb9\xc0\xe46y\xf2\
d\xb0+a\x86\x82\x22\x0b\xe6R\x98\xa1\x15\x15\x15\xff\
mll\x1e\x00\xb5q\x02\x04\x10<\xb9!\x03a \
6\x80\xb2\x15\x95\x95AE\xa2{TT\x148\x82\xfa\
\xfb\xfb\xe1\xde\x07\xb9\x14TV\x80\x0c-++\xfb\x9f\
\x04L\xeb\xc0\xf2\xa6\x16\xa4\x0f \x80\xc0\x06\xfb\x00\x19\
~\x0c\x0c\xbe\xbd@\x17'20L\x04rE4\xa0\
\x06kjk3\x08\x08\x80s\xaa\xaa\xb7\xb7\xf7'\x90\
\xeb\x1a\x1b\x1b\xe1\x86\x82\x5cYTT\xf4?((\xe8\
???\x7f\x1fP\x1d;H1@\x00\x81\x0d\xb6d\
`p\xff\x9f\x93\xf3\x1f\xa8\xf2\xff\x7f]\xdd\xff\xa7\x80\
\x11\x09L)\xbe0\x1f\x88\x03\x0b)\x0e\x0ep\xd9\xce\
 ++;!00\xf0\x7fZZ\xda\xff\xac\xac\xac\
\xff\xa9\xa9\xa9\xffMMM\x9f\x00\xa5\xfc\x91}\x0d\x10\
@`\x83\xe700\xf4\x01\xa3\xf4?0\xba\xff\x03S\
\xfc\x7f`\x0c\xfc\xcfg`x\x88\xac\x8e\x8f\x8f\x0f%\
\xb4\x80ep4\xb0\xfcnfgg\xcf\x06\xf2\xe5\xd1\
\x83\x13 \x80\xc0\x06\xcb10\xd8\xce\x05\xba\xf2\x88\xb0\
\xf0\xffC\xc0\x5c\xd7($\xf4\x93\x87\x81!\x1dY\x1d\
(8\xc0\xa5\x16\x14\x80*\x05iiiX0a\x00\
\x80\x00\x02\x1bl\x80\xe0j\x03\xb1\x1e<\x9c\xd0\x0c\x06\
\x97\x01P\x00\xaa\xc6\x80\xc1\x02\xb6\x00\x1b\x00\x080\x00\
i6_g\xcd\x5c\xcb\xcb\x00\x00\x00\x00IEND\
\xaeB`\x82\
\x00\x00\x063\
\x89\
PNG\x0d\x0a\x1a\x0a\x00\x00\x00\x0dIHDR\x00\
\x00\x00 \x00\x00\x00 \x08\x06\x00\x00\x00szz\xf4\
\x00\x00\x00\x06bKGD\x00\xff\x00\xff\x00\xff\xa0\xbd\
\xa7\x93\x00\x00\x00\x09pHYs\x00\x00\x0b\x10\x00\x00\
\x0b\x10\x01\xad#\xbdu\x00\x00\x00\x07tIME\x07\
\xd3\x09\x09\x140\x03u\x06\x85?\x00\x00\x05\xc0ID\
ATx\xda\xc5\x97Ml\x1b\xd7\x11\xc7\x7f\xbb\x5c~\
s\xad\x95\xe4\xc8r\x9c*R\x80&F\x9a\xdaT\x84\
\xd4i\x9b\x16\x16 \x07iQ$\x05\x9a\x22@\x0eY\
\x03\x86{\xe8\xc5\xe8\xb9($\xf4\xd2\xab\xdd\x1e{\xf1\
\xa2\x97\xa2HQ\xb4uZ\xc4h+\xa1\x89\x03;\x85\
b&vR5\x82-\xda\xaa\xf5AR!%\x92\xbb\
\xfcX\xbe\xd7\xc3\x92\x14)\x92&\x9bK\x1e0\xc4\xf2\
\xbd\x99\xf7\xff\xef\xbc\xd9\x99y\x8a\x94\x92/rh\x00\
\xa6i\x0el\xb0\xfa\x985\x09LJ\xc9\xe9\xc6\x9c\x90\
 \x04K\x02\x92\xcfl\x99\xc9A\xf7\xb2,\xcb#\xd0\
o\xdc\x99\xb0\x0c\xe0,`\x22\x88\xb7:\xad\x0e\x8e\x80\
y\x80\xdb\xe3VBH,)\xb8|2m\xe6\x06\xf2\
@\x1f\xf0\x05\xe0\x02`\xa8\x0aD\xc3\x10\xf4\xc3\x89G\
\xf3D\xc3A\x00\xa4(\xf3\xde]\x1d\xbb\x04\xc52\xf1\
r\x9580\x7f\xf3\xb0ui:c.|.\x02k\
\x8f[\x86\x90,\x02qM\x85X\x18\xbe{\xb2J|\
Je\xfa\x09\x1f\xa0\xb7h\x07\xf8\x09\xb0\x9e\x11|\xb8\
&x\xe7\xd6.\xd7\xd6F\x0d\xe12\xbf<j\xbd\x02\
\xcc\xce\xect\xf7\x86\xd6\x03<^\x077\xf4\x10\xcc>\
]\xe1\xfb\xa74Ft?\x00\x99=\xc1\xda\x86M\xc5\
\x15\x08\xa94\xed\x9e}Rg\xf6\x84\xca\xec\x89Q\xde\
\xfe\xc0\xe5\x8f7J|\xb2\x15\x8b\x0b\xc1\xda\x0d\xc3\x9a\
=\x953\x13}\x09\xb4\xbc\xb9\xf1\xc4a\x87\x1f|\xdd\
O|*\x00\xc0\xc6\x8e\xcb\xd6\x8e\x03\xc0\x8b3z\x07\
\xf1\xab\xcby\x00\x9e\x9a\xd0y\xe1i\x8d/?\x1a\xe1\
\xcd\xa5m\xfet\xfb\x88\x01,^\x1f\xb2\xa6\x9e\xdfm\
\xf7D\x07\x81\x06\xb8\x11\x85ssA\x8e\x0c\xab8U\
He+\x14\x8b\x0e\xdf\xf9\xdaP\xcf\xf3l\x90\xba\xba\
\x9cg\xe2\xa8\xce\xa1\xa8\xca\xebg\xc6\xa8\xc9\x14Wn\
\x8f\x19\xc0\x220\xddj\xa3v\x09\xb8\xb8\x1e\x82\xd7\x9e\
w\x89\x86T\x0a\x0ed\xf3\xa2/\xf8A\x22\xf77\xf3\
\x14\x1cpk\x0ag\x9e;\xcc\xf1q\x1b!\x89\xbfw\
\xc8Z\xe8J\xa0\xfe\xa9]P\x15xn\xaa\xc2\xe4\xb8\
\x86S\x05\xa7\x0aw\x1e\x14;\xc07\xb3pm\x05\xde\
Y\x81\xeb\xab\x90/\xb5\x93\xf8\xd6W\xf5\xa6}4\xac\
\xf2\xf2\xa9\x00~\x1f\x08\xc9\x85wu\xcb\xe8\xe6\x81\xb3\
\x80q(\x02'\xa64\xf2\x0eM\x19\x1fns\x14N\
\x05n&a\xb7\xbe\xfeY\x01\xfe\x9e\xa8P,\xb9M\
\x9dp\x00\xca\x95\xfd=\x8e\x8eh<\xfb\xa5<\x80!\
$g\xbb\x110U\x05\xa6'\xaa\x80\x8a]\xa2)A\
\x7f;\x81\x8f\xd7i[\xb7K\x9e\x07\xd6\xb7\x9d6=\
\xbf\xe6\xad\xadm\xd5\xf8\xd7\xaa\x8b\x1e\x0b\xa0\xa9 \x04\
f[\x10\xae>fM\x22\x88\x87C0\x14S)\x96\
\xdb\xddi\x87\x02\xcd\xe7\xb2\x0b\x9fnB\xd5m\xd7\xd9\
\xddIs\xfc\xf4\xb1\xb6\xb9\x7f|X%\x99V\xb0]\
\xad\x097\x12\x83\x8d,\xf1\xa5\x885\x09$\x1b+\x93\
Rzn\x0b\xf8:\x09\xdcI\xf9\xf8\xcbM\x18\x89\xc1\
\xeaF\xe7y\xbb\xf66\xaf|\xd3h\x9b\xfb\xf7\x7f\x05\
\x9fl\xfa;\x024\x16\x06\xb2 %\xfb\x04\x1a\x85%\
\xa4\xd5(\xd7|\x94k\x9d\x91\xfd\xf1z\x8fTZ\xd9\
\xe6G\xdf\x1b%\x1a\xda\xff\xa2\xed\xb2\xe4\xd7W\xab@\
\xb0C?\xe8\x07)Ax\x98KZkQ1\x225\
\x8ae\xdf\xc0\x951P\xbe\xc7\x8f_=\xd6\x01\xfe\x8b\
\xdfWX\xcf\x05\xbb\xda\x84\x03\x1e\x96\xd7\x06(^\x0c\
\x88zu\x13B\xa1\xe0\x0c\x06.K)~\xfeFw\
\xf0\x95\xad\xe0\xc3m[\xca\xa9G@x\x7f\xb2\xb6\x86\
\xcf\xdf\x1f\x5cA\xf2\xd2q\xd1\x06\x9e\xde\x93\xfc\xeaJ\
\x95O\xb7\x83\xa8Jo\xdb\x83\xf1\xd5\xd8aI\xc0|\
U(\x94\xab\x0fg\xee\xd5~\x85\xa7&\x22mk\xbf\
|\xab\xc6\xddL\x00\xad\xcf\x09\x96\xab\x80\x14\x00K\xe0\
\xab{\x00\x92\x8d\x04\xe3\xd6\xc0\xa7\xca\x16P\xa5yD\
\xa04\x7f\x15\xf6u\xeeg$ki\x0de\x80\xa3\xcb\
\x15\x00\xcf6\xd9LD\xcfl\x99I!I\xec\xd9\xa0\
*\x1ehC\xc0\x9b;(\x99\xc2\xfe\xab.\xdfU\xba\
\xeat\x93\xd4\x1e\x00\x89\xb9\xca\xb9d[5\x94\x02\xab\
,\x88\xdb%\x17#\xd6\xbfS\xfb\xdd\xfb16\xf2P\
,y5!0@s\xb7\x99uq\xbd\x04fu+\
\xc7\x97\x81\xf9\xf5\x1d\xd582\xdc\x7f3\xbb\xf0\x19F\
\xc0OH\xba\x8c\x0f\xe9d\xed\xfe\x0c\xfe\xb3\xa1\x002\
W\xc7j\xaf\x05'\xd3fNH.\x15+*\xd9\xdd\
\x02\xe1\x00=\xc5'\xf2\xfc\xec\x87~^\x9c\xd1y\xf9\
\x1b\xc3\xfc\xf4U\x0d#\xcaCm\xb62y\x9c\xb2\x04\
\xc4\xa5\xb9\xca\xb9\x5c\xd7~\xa0\xde@&>z\x10\xa3\
T\xcc\xe2\xd7\xe8.\x8a\xcb\xe3G\xf5\xb6\xe429F\
O\xfd\xbd\xdc\x0e\xd7\xef\x84\x01\x91\x98\xab\x9c_\xe8\xd9\
\x90\xd4\xc7\xac\x10\xe4\xfe\xb62L\xa5\x90&\xe8\xa7C\
\xc2\x910N\xe5\xc0\x91\x94\xe8\xaak\xef\xa5x\xeb\xd6\
\x10 r\xc0\xecA\xb0\x0e\x023;fNHf\xa5\
$w\xe5\xf6#dR\xa9\x0ew\xea\xb1\x10\xbf\xbd\xe6\
U\xc5{i\xf8\xc3\xfbPr;\xdd\xbe\xb9\xb9\xc9\x9b\
\xcb#M\xf0\xb9\xca\xf9\xdc@]\xf1\xa9\x9c\x99\xb8>\
dM\x09\xc9\xe2\xdb+c\xf1\xc3\xf7m\xce|\xa5\xc0\
\xe8\xe8XSg\xcf\x86\xbf~\xb0o\xd3\x92\x14\xc9\xa4\
\x1e\xf0\xe7\x8f\x86H\x17\x1e\x01D\xa2\x17\xf8C\xef\x05\
\xf5\xeeu\xfa]\xddZH\x15#\x17~s#b\x1c\
\xd3\xf3\xccL\xec26\x1c$\x14\x0c\x11\x8dyqP\
,\xe6q\x1c\x87\xadL\x89\x1b\xf7\x0c6\xf6\x8e\x00\xe4\
\xbc\x80;\xff\xf9.&\x8d\xf1B\xde\x5c\xf8g\xcc\xba\
\x08\x9c]\xdf\xd5\xcd\xf5[z\xbc^N[\x0aK\x0c\
d\xa4\x91\xe1\x12\xdew..\xf7z\xeb\xff\x8b\x00\xc0\
\xb7\x0bf\x0e\xb8\x08\x5c\x5c\x0c{\x97S\xe0t\xb3\xaa\
5s;\xc9F\x86\x1bt(_\xf4\xf5\xfc\x7f\x92\x93\
\xb2\xbamyC\x86\x00\x00\x00\x00IEND\xaeB\
`\x82\
\x00\x00\x08\x96\
\x89\
PNG\x0d\x0a\x1a\x0a\x00\x00\x00\x0dIHDR\x00\
\x00\x000\x00\x00\x000\x08\x06\x00\x00\x00W\x02\xf9\x87\
\x00\x00\x00\x06bKGD\x00\xff\x00\xff\x00\xff\xa0\xbd\
\xa7\x93\x00\x00\x08KIDATh\x81\xed\x99Yl\
\x5c\xd5\x1d\x87\xbf\xbb\xcc\xeaY<\xbb\x97\xc4K\xbc\x11\
'&\x09\x01\x15*\x14\xd4\x96P\xa9\x0b\x11\x09\xa8U\
\x91 /T\x95\xda\xbeT}\xaaZ5 *\xf1\x90\
\x87*@\xa1*\x05Jh\x1a\x22\x91\x92\x86\xe0B\xd2\
4$a\xb1\xe38\xb6c;\xc1\x8eg\xbc;3\xe3\
u<\xcb\x9d\x99\xbb\xf4\xc1\xa45Y\x88\x1dL\xcd\x83\
?\xe9<\xcd=g\xbe\xdf=w\xce\xcc\xff?\xb0\xc2\
\x0a+\xac\xb0\xc2\x17@Xn\x81\x9b\xb2\x0b\x91 \x15\
8\x88\xf2\x18\xa9\xab_\x16\x97\xc3i\xc1\xbcH\x0d!\
>\x10LB\x1f\x09\x22<\xce\xba\xab/\x91\x96\xc3\xeb\
\xa6\x18\x08\x04\xf9\x19\x08\x07\x03E\xc1\xca\xfa\xda:\xd2\
\x8aR\xa0\x8c*\xe5\xb4p\x04\xc8^\xb9T^F\xcd\
\xeb\xf3\xbcm\xb5\xf0\xac\xfa\x8a\xc5j\xfaVy\xd5*\
\xbeS\xbd\x86\x98\xa2pI\x17\x11\xf2\x92\xd5@\x0b\x01\
3W.\xffJ\x05\x90\xf6X\x1f\x13T\xfdY\x7fI\
\xd0\xb5\xb1\xae\x8c\x9d\x95\x95\x1c\x8bFy\xbf;\xcc\xec\
\xe5d\xc68f\x9c\x02\x94\xf9s\xbe\x12\x01l{l\
\xabTU|\xc5$\x99\xee_][\xc4\xb6\xbaJ\xb6\
\x95\x96\xb2op\x90\xf7:\xc3D{\xc73\xfa_\xb5\
\x17\xe9\xd7O\x00\xa3\xf3\xe7.{\x00\xebn\xf7\x8f\xf5\
\x1c\xbb}\xa5.\xe7\xda\xba\x12vV\x95S\xe32s\
pp\x84w:\xc3D{&\xb2\xfa\x81\xfc\xcbz\xbb\
z\x18\xf8\x08P\xe7\xcf_\xb6\x00\xce\xddN\xbf\xaa\x99\
\xfe(I\xd2\xf6\xe2:\x1f[\xd7\xae\xe6\xc12\x1by\
q\x98\xc6Q\x0fou\x86\xb9\xdc=\xa1\xaa\x87s\xaf\
i-\xf9C\xc0\x87@\xee\xeau\x96%\x80\xfd\x99\xd0\
6-\xaf\xbf\xe4\x0a\xd8\xfcU\xeb\x82<ZSF\xd0\
\xdb\xc74YzFk8\xd0\xd6\xc7X\xc7\xa4\xaa\x1e\
\xc9\xbe\xa6\x9dV\xfe\x0e\x9cf\xde\xc93\x9f\xeb\x07\xd8\
Ua\xb5\xca\xd9\x90\xf2\xeb\xb1\x81%5\xdfUbw\
H\xfanQ\x10\x7fR\xb4\xd6/\xdcS[\xc4\xf6J\
;1\xf3\x09\x14\xdc\x0c\x8c\xaeg_{?\xa3\x1d\x93\
F\xfe\xb4\xf2V\xfet\xfa-\xe0$\x90\xb9\xd1\x92\xd7\
|\x13\x17>]\x5c\xaek\xe2IA\x14\xca\xf4\xa4\xfe\
\xb11\xaamK\xee\x8d\xc6\xbe\xa8\xbb\xf3\xa9\xd2{\x04\
C\xd8k-4W\x957x\xf9\xc1m\xa5T\x06\xe2\
\x8c\xc9-\x14\xe8Ab\x977\xf1\xfa\xf9a\x86Z\xc7\
\xc96%\x0fg\x0eM\xfd\x058\xc6\xbc#\xf3z\x5c\
\xb3\x03\x86j~\xc2\x19\xb4\x96\x15\xd7\xbb\x189?s\
wJM5Y\xb7\xb8\xbf\xa9\x9c\x9c\x89\xdc\x92\xf9\x9e\
j\x8b{2\xf7\xa4\x80\xf0K\xef\x1a\xa7\xd4P\xef\xe5\
\xe1*\x0f\x82\xf3\x13\xe2\xe2(6\xddG2\xbe\x99\xbf\
u\x8e0rv\x9a\x5c\xab\xf2^\xe6\xd0\xd4>\xe0\xf8\
\xcd\xe4\xaf\x1b@\xccJ&Q\x17Y\xefu\xe1\xddl\
\xa5K\x8bW$u\xf98\xb0\xe8\x10\x85\xbf\xa9\xdc \
D\xf5\xd7\xcd.\xeb\xfa\xe2\xf5n\xb6\xd6\xf8\xb9\xbbL\
'e\xb9@\x96\x04f\xddM&\xb6\x91W\xce\x8f1\
|f\x86\x5cG\xe6\xfd\xf4\x9b\xf1\xd7\x80\x7f\x01S\x0b\
y\x8fk~J8\xbe^8\x94O\xf3S\xd5+\x0b\
\x8f\xd7\x173a\x17\x99I\xa9\x85\x86\xcd\xb4\xc3p\xcb\
\x87\xb5\xbe\xf4\xe4MW\xdd\xb5\xce\xec\xbb\xd7\xf3;\x11\
\xf1UO\x95\xa3\xe8\xf6;\x03\xecl\x08\xb1\xa6x\x96\
\xac9\x8a\x86\x82\xa0Y\x98\x8d5\xf0j{\x9c\xa1\xe6\
i\xb2\x9d\xc9S\xc9\x03c\x7ff\xee\xb1Y\xf0#{\
M\x80\xf4\x07\xd3\x13\xf6;\xfc[tI\xaa\xf4\x15Y\
\xf8\xf6j?c&\x83DRw!\xcb;d\x93\xf0\
vn0=q\xa3\x05\x03\xbfZ\xb7\xd1\x96\xd3\xdf\xb5\
\x14\x98\x1e*\xd9\xe4\x11\xbf\xbb!\xc8\x835.\xac\xee\
iT)\x85N\x0eC\x17H\xc6kx\xbd}\x9a\xe1\
3\x09\xb2\x17S\xcd\x89\xfd\xc3\x7f\x02\xde\x03./T\
\xfe\xba\x01\x00\x0a\xee\x0a\x0cj\x0a;3\x1e\x91\xfb\xcb\
\xaa\xd9\xe8\xf72 '\x99M\xea.\xddnyDt\
\xca\x8d\xb9H2\xfe\x99I\x8f<\x22\x05\xbf'\xfeV\
4\x84\xbd\xee2[Q\xcd\xe6B~\xb8\xceG\xc3j\
\x13\xa2-\x8d&(\xe8d\xd1u\x9d\xd9h%\xfb\xce\
'\x19jN\x90\xb9\x98n\x9d\xd9\xd7\xff\x02sw~\
d1\xf27\x0c\x90n\x1e\xef\xb7o\x0c\xee\xd0LR\
\xc8\xe1\xcbp_\xc9\x03\xacr\xa6\x19\x92R$S8\
\x0c\x93i\x87\xe8\x92\xfe\x1b\xc2\xff\x8b\x0d\xb5N\xf7\xc4\
\x11\x93U~4\xb0\xc1)n\xd9X\xc8\xf6\xb5^\x8a\
\xfd2\x82\x9cCcN^\xd35fb%\xbc\xd1\x91\
f\xe0\xa3$\xe9K\xe9\xce\xa9\xfd\xfd\x7f\xc00\x8e\x02\
\x83\x8b\x95\xbfa\x00\x80\x82\x0d\xa1\x84\x96\x93\xb6\xe7\xfc\
\x02\xf5\x01\x99:\xcf\xd7\x08\x16L1$eH\xa5\x05\
\x07\xa2\xf5a\xc1ii\xf4=T\xfd#I\x10\xdft\
\xac\xb2\x94\x97\xdf\xe1`[\x83\x9b{\xd7\xf8q:D\
4!\x8b\x86\x82F\x16U\xcf3\x19\xf5q\xa0]\xa1\
\xbfIA\x89dz\xa6\x0e\xf4>g\xe4\xf5c\xc0\xad\
\x9dp\x9f\x17 Uu_\xb7S\x9az\x22o\x11\x9d\
\x85\x81$\xb5\xde\x0a\x8a\xec\xab\xf0\x17L3,*d\
R\x82C\xb4\xdav\x9a\xac\xf2\xf7=\xeb\xac\xf2\x9d\x9b\
\xecl\xaf\xf7q[\x89\x0f\xd9\xac\xa31O\xde\xc81\
\x11sq\xb0=\xcf`S\x0ee@\x19\x1e?\xd8\xfb\
\xbc\x9eV\x8f\x01=\xb7*\xff\xb9\x01\xe8\xee6\x9c\xeb\
\x8bDC\x95\xb6\xaa~\x81\xea\x80\x80\xcb\xea\xc2o\xf7\
\xe3\xb3'\x18\x11sdU\xd1\x14l\xb0\xf0\xc0\xedv\
\xb6\xd6\x95\x12\xf28\xd0\xc5\xdcU\xf2YbQ;\x87\
\xda5\x06ZT\xd2aed\xfc\xcd\x0b\xbf\xd7f\xb3\
\x8d\xc0\x05\xc0\xf8r\x02\x00\xeeoT\x9c#!\xfc\x5c\
\xb1\x89\x96P(E\xb9'\x00\xa2\x86\xb7\xc0\x85\xcb\x96\
Dv\xeb\xdc_\xe7`sE\x09v\xab4O\xfcS\
y\x14\xe2q\x99w:\x04\x22M*\xa9K\xd9\xcb\xf1\
C]{\xd4\x84\xf2O\xa0\xfb\x8b\xca\xdf4@\xe2\xe3\
a\xd5u\xdb\xaa\x10\xba\xe9n\xd5\xab\xb3& a\xb3\
\xc8 h\xf8\x9dNjC\x05\x94z\x5c\x88\x92:\xf7\
!\x9d'\xae\x91%\x1a\x138\xd2*\x13>\xa3\x93\xee\
U\xc7\xe3\xeft>\x9b\x9fJ\x1f\x05:\x96B\x1e\x16\
P\xd4\xeb\x92\xfdi5.d#\xfdp!:L\x8e\
\x14yR\x18B\x1a\xb3YC\x152\xa8\xa4\xc9\x93F\
%\x83J\x06\x8d,\xc3Q\x9d\xc6s\x12\x91V\x83L\
\x8f>\x1d\x7f\xb7\xeb\x85\xdcD\xf2(p\x0e\xd0\x97B\
\x1e\x16P\xd4\xcf\xb6G2\x85ue\xf5\x82aj\xd0\
\xbdy*\x82`1\x1b\xe8|\xf6Y\xff\xdfP\x18\x89\
\xea\x1co3\x139+\xa2\x5c\xd0g\xa3\xc7\xcf\xbf\xa8\
\x5c\x9ej\x04\xce\x00\xdaR\xc9\xc3\x02\xdb*\x82l{\
R\x1d\x95\x8c\xc8\x80D_,N\xfe\xd3]\x98\x1bW\
\xee\xfe\xdc\x18\x89\xab\xfc\xbb\xcdB\xf8\xac\x89L\x97\x94\
\x89\x9f\xeaz)3:\xd1\x084qU5\xb5\x14,\
\xa8\xad2\xddqi\xc2S[\xbdE\x10\xe5J\xbd0\
OYq\x1e\xd9\x94\x9f\xb7\x0bscl\x5c\xe7D\xab\
\x83p\xab\x05\xa5K\xcc\xc6>:\xff\xd2l\xff\xd8\x95\
j*\xbf\xd4\xf2\xb0\x88\xc6\x96\xa0\x0aOi\x03&\x06\
\x86M\xf4GS\x9f\xd9\x05\x954#\xe3yN\xb5\x16\
\x10>g%\xd7a\xca\xc5\x9a\xbb^ND\x86\xdff\
\xae\x8e\xbd\xa6\x14\x5c*\x16\xdc\xd8\x9a\xbcxi\xc0W\
U\xb7\x03Y\x0a\x19\x859\xcaJR\x88r\x16\x8d\x1c\
\xd1I\xf8\xb0\xc5\xc3\xa56'\xf9v\x8b\x1a=\xd7\xb9\
w\xba7\xfc\x0f\xe0\x04W\xb5A\x96\x9aE\xb5\x16\x05\
\x95g\xb4\x88\x95\xa1!\x1b\x03Q\x8d<)\xa2S*\
\x1f\x9eu\xd1\xd7\xee$\xdfj\xd7\xc7;>yc\xf2\
\x93\xde+\xf27,\x05\x97\x8aE\x05\xb8\xb8y\xd3~\
c\x96\xc1t\xd8NO\xd8JtJ\xa3\xe9\xac\x8fp\
\x9b\x17\xad\xa5\xc0\x98\xbc\xd0s0\xd6\xddy\x909\xf9\
k\x1a\xb1_\x06\x8b\xeb\x8d\x9e8a\x04\xca\xd7\xcab\
\xd6\xfa@\xce\xaf3\x990\x13i\x0b\xa15;\x99\xe8\
\x0d\xbf=\xda\xd1\xf2\x06s\xd5\xd4\xf4\x97b{\x1d\x16\
\xdd\x9d\x0e\xe6\x1c\xcf\x19S\xf2T\xb2\xcf\xc5@G\x08\
\xbd\xd9\xcdL\xdf\xd0\xd1\x91\xf6\x8f\xf7\xb3\x88Rp\xa9\
Xtw\xba\xbf\xbfM\xf5\x97T\xe7\xa4\x89\xc2\xadD\
\xec$\x86\x86OF\xce\x1d\xdf\xcb\x9c|t\xe9\x15?\
\x9f[\xfe\x83\xc3\x13(\xbb7\x97\xcf\xde\x95\x9a\x8e\x0e\
0wT\x8e-\x9d\xd6\x0a+\xac\xb0\xc2\x0a\xff'\xfe\
\x03rH\xe3\xb0\x1d\x11B\x9d\x00\x00\x00\x00IEN\
D\xaeB`\x82\
\x00\x00\x02K\
\x89\
PNG\x0d\x0a\x1a\x0a\x00\x00\x00\x0dIHDR\x00\
\x00\x00\x18\x00\x00\x00\x18\x08\x06\x00\x00\x00\xe0w=\xf8\
\x00\x00\x00\x09pHYs\x00\x00\x01\x7f\x00\x00\x01\x7f\
\x01\x1f\x03\xad\x0a\x00\x00\x00\x19tEXtSof\
tware\x00www.inksca\
pe.org\x9b\xee<\x1a\x00\x00\x01\xd8ID\
ATH\x89\x9d\xd4\xcd\x8bMa\x1c\x07\xf0\xcf\x8ck\
F!/\xd7\xcb\x8c\xd1\x98$\xc9JM)\xd9h\x90\
\x05e\x16\x966\x16l\xe4e\xa3F\x92bA\xa1\x98\
\x85\x95\x12\x7f\x81\x12a!\xc5F\xca\x82\x85\x8dLI\
\x94\xac\xbcdt\x8dk\xf1<w\x9c\xce}\xce\xb9\xf7\
\xcc\xb7N\x9d~/\xdf\xef\xf7\xfc\x9e\xdfs\xa8\x86[\
\xb8\x5c\xa5\xa1VQ`\x04\x8b\xaa4\xf4V\x14\xa8\x8c\
\xbc\xc08\x8e\xcd\x91\xab\x07g\xb1\xa3L`\x04\x938\
3\x07\xf2I\x9c\xc7@\xa7\xe2\x8bh\xe2t\x22w\x1f\
\xb7\x13\xf1K\xb1g\xa2[G\xd7c\xc3\x89\x5c\xbc\x8e\
%]\x1a\xaacm\x91@\x0fn\xe0\x87\xf2E\xa8\xe3\
\x0f\xceeb\xa3\xc2:\x1f-\xe9\x9b\x15\xa9\xc7\xf7\xbd\
\xf8\x84\xbf\x98\xc1\x14\xb6\xc5\xdc\x8ahb;\x1e\xc5|\
\x13\xaf;\x09\xb40\x1e\x89\x9b\xb9g\x06cX\x8f!\
\xecL\xd4\xac\xeb\xe6\xa2\xdd\x8c_\x93E\x13\xaf\x84\xf1\
\xbc\x8f\xb1\xbeD\xefh\x0dG\xa2\x8b,\xbe\x0b\x9b\xb1\
\xd8\xff1A\x03\x8f\x85\xbb2\x95\xebi$\x04\x86k\
\xd8\x8fM\xb9\xc47\x5cC\x7fF\xf0\x0eN\xe1W\x82\
\x08\x06\x13\xb1\xfeDl\x16}X\x83\xe3eE\x19\x1c\
\xd6~\x06\x87R\x85K\x85\x91\xad\xea\x92\xb8\x85{\x09\
\x81\xdd\xd9\x82\x81\xe8xaEb\xc2\x88\x1b9\xf2i\
\xf1\xcf;\x84\xcd\xd2[\xd0\x0dz\xf1P\xbb\xfb\x07\xd9\
\xa2\xe588G\x81\x0b\x09\xf2&v\xe5\x0b'pR\
\xfb\xce\x17a\x1e\xae\x16\x90?I5\xcc\xc7\x0ba\xcf\
\xb7v \x1f\xc3\xcb\x02\xf2/\x18n\x15\xe6\xdd\xae\xc6\
sl\xc0\x1ba3\xde\xe2\xb7\xf0\xcf\xd9\x88}1\x9f\
\xc2\xcf\x98\x7fZ\xe6n%\x9e\x15\xb8+{>`K\
\x19q\x165\xe1\x82}\xed\x82x\x1aW\xb0,E\xd4\
\xe9@\x17\xe0\x00\xf6\x08\xe72\x18\xc5?\xe2\x9d0\xc2\
\xbb\xf8\x5cD\xf0\x0f\xc7B\x87\x0b\x18Gv\xeb\x00\x00\
\x00\x00IEND\xaeB`\x82\
\x00\x00\x0e5\
\x89\
PNG\x0d\x0a\x1a\x0a\x00\x00\x00\x0dIHDR\x00\
\x00\x000\x00\x00\x000\x08\x06\x00\x00\x00W\x02\xf9\x87\
\x00\x00\x00\x04gAMA\x00\x00\xb1\x8f\x0b\xfca\x05\
\x00\x00\x00 cHRM\x00\x00z&\x00\x00\x80\x84\
\x00\x00\xfa\x00\x00\x00\x80\xe8\x00\x00u0\x00\x00\xea`\
\x00\x00:\x98\x00\x00\x17p\x9c\xbaQ<\x00\x00\x00\x06\
bKGD\x00\xff\x00\xff\x00\xff\xa0\xbd\xa7\x93\x00\x00\
\x00\x07tIME\x07\xe1\x0a\x0d\x0f+\x18\xc7V\x80\
\xf9\x00\x00\x0d9IDATh\xde\xc5Z{xT\
\xd5\xb5\xff\xad\xbd\xcf\xcc\x99\xcc\xe4\x01\x12 \x0f\x0a!\
\x10Zy\xa3 \x05Ky\x84\x14\x10>\xe4\xa5U\xf4\
\x16\xea\x15B\x91T|\xf5\xbb\xe5\xbb\xdc\xebGQ\x1e\
\x1f\xcaE\x81\xe2\xb5\x80\x82\xa0H\xa1H#\x85\x0b\x0a\
R\xaa(\x04\x81\x12\x081\x10\x9e\x81\xbc3y\xcd\x9c\
9\xe7\xecu\xff\x98\x09\x86\x90LH\xe4\xfb\xba\xfeY\
\xf3\x9d\xb3g\xad\xdfz\xec\xbd\xd7\xda\xfb\xd0\xe8\xd1#\
\x04n'\x02\xc0!\xae\x00\x88F8\x03\xa0\x03\x07\x0e\
\xd9B\x88\x87\x99\xf9\x1df\xeeED`f\x84\xe1\xd5\
\x00\xde\x88\x8f\x8f[2t\xe8CfE\x85\xb7Uz\
C\x1c\x00X\xd4\xfb\xb3\x08\xf1\xfa\xbfe\xe8\xfd\x1d\xdc\
\xe1p\xa0W\xaf\xfbuf\x9e\x0d\xa0\x17\x11\x05\x05\x85\
\xe7\x91\x00\xd2\x8b\x8a\x8a\x7f2}\xfac\xad\xd2\x1b\xe2\
u\xe3D}\x03\xea\xf3\xa6<\xc3u\x1e\x89\x8c\xf4\xd0\
\x95+W=D\xb8\x1f-\xa3X\x80\xbbO\x99\xf2\xb4\
j\x8d\xde\x86\xcf\xeb\x0c\xe00\x0a\x1b\x15\xf2\xe4\x93\xd3\
l\xd3\xb4\xeecF\x87\x16\x1a\xa0)\xc5\x9d\x99\xb9\xb9\
q\xcd\x82\x07@\xf5\xc3\xd7\x22!\x93'O\x83eY\
\xb1\x00\xda\xb6\xd0\x00\x00\xe8\xb2j\xd52\x11\xe6}s\
\xe0oE\xa8nb\xdcF\x9d;w\xe2\xf4\xf4\x7f\xb7\
\x9e\x7f\xfe7*%\xa5\x9bjL\x08\x91\x8b\x99\xb9\x13\
\x00wK\xd13s\x975k\xdeu:\x1c\xda\x1d\xef\
\x22\x22\x5c\x9c\x9a:\x82\xd7\xaf\x7f\xc7JK\x1b\xc5\xba\
\xeel8\x81\xeb\x13\xd1\xe8\xd1#d\xdd\x0bfF\xd7\
\xae]\xf8\x83\x0f>\x8e\xb3,\xf3afTFFz\
\xb2~\xf9\xcb\xa9%\x1d;\xb6\xa7\xac\xac\x93d\x18\x06\
\x0d\x1a\xf4\x80Z\xbat\xa5\x12B\xfc\x8e\x99\x97\xb5\x22\
\x02Y\x1e\x8fg\x5cUUU\xf1\x981\xa9\x9aR\x8a\
;v\xec\x80\x193\x9eR\xb3f\xcds\x15\x14\xdc\xe8\
\xa1\x14\xf7!\xa2\x8b\xbd{\xdf\x7f<11\xde6\x8c\
@cY\xa2h\xf4\xe8\x11\xb7f}JJ7\xde\xb0\
\xe1\x83\x0e\xa6ind\xe6_\x00\xf0\x038)\x04\xed\
\x12Bf&%u\xbe\x90\x9b\x9bgx<\x9e\x04\xbf\
\xdf?\x9d\x99\x9f\x03\x90\xd4\x0a\x03\x0c\x22\xfcEJm\
u\xa7N\x89_O\x980Fm\xd8\xb0\xb9\x9da\x18\
?\xb7m5\x15\xc0H\x00\x1d\x01\x94\x08A\xcf\x9d9\
\xf3\xf5\x9f32^\x91\x8d\xc8\xe1\xba\x08@\x08A\xb1\
\xb1\xed\xd4G\x1f\xed\xf8=3\xff\xa1A\xb8\x18@\x01\
\x11\xf6\x11\xd1\x09\xa5\xf8\x09\x00CC\xa1\xfd!TH\
D\x1b\x00\xd4\x00<\x91\x19\xfd\x00\xe8\xb7\xe7\x08\x8e;\
\x1c\xce\xc9\x19\x19\xb3\x0bN\x9e\xfcg}}\x5cg\x00\
\x01\x90\xfb\xf7\x1f\xb4u\xdd\xd9\xcf4\xadO\x00t\x0e\
\xa3\xb4.'\xef\x15\xd5\xcd\xc1&\x17\x12\x22\xfa\xaf\x89\
\x13\xc7-\xf1\xf9|d\xdb\xea6,\x02\x80\xf0x\xdc\
\x9c\x92\xd2M7M\xeb\xb9f\xc0\xe3\x1e\x83\xaf\x03N\
\xe1\xde3\xf3\xb3\x9f~\xba\xaf\xcfo\x7f;\xc7n`\
8\x09f\xe6]\xbb>R\xf9\xf9\x97\x86\x03\x98v\x8f\
\xc1\xdd+\xeab\xdbj\xde\xacY\xcf;].\xfd\x16\
x\x00,\xfa\xf5\xeb\x03\x8f'.\x86\x19\xf3\x01\xb4\xf9\
W#m\x8a\x98yZQQ\xf1\xa8\xcc\xcc}\x16\xea\
-\xab\xf2\xab\xaf\xbea\xa5\xd4\xaf\x98y\x1e\xbe\xaf5\
~\x08Y\x00\xbc\x00\xca\x01\xf8B\x9er\xdc\x03\xb9.\
f\x8em\xdb\xb6\xcd\x9ea\xc3\x86\xf8\xca\xcb+$\x00\
\xa5i\x9a\x96b\xdb\xf6\xdc{\xa0\xe4&\x11}JD\
\x9f\x09!\xbe\x13\x82\xaa\x98\xa1)\xa5\x12\x94R\x83\x00\
~\x94\x19\x03~\xa0\x9eQ^o\xe5\xb4>}z\xfd\
\xe9\xe2\xc5K\x8a\x99\x89\x88h9\x80\x97\xd0\xfa\xc9i\
\x02\xf8\xc4\xe1\xd0\x96\xf7\xed\xdb\xfb\xe4\xb1c'\xcc%\
K^%\x22\xa2\xc8H\x0f\x12\x12\xe29''\x97^\
{mE\xaca\x18O)\xa5^\x02\x90\xd8Z\x0b\x88\
pB\xd7\xf5\xf1O>9\xad\xf8\xca\x95kLD\xb4\
\x07\xc0\xb8V\xca\x0b\x10\xd1\xaa\xa8\xa8\xc8\xd7\xd7\xacy\
\xc3\xbbe\xcb6i\x9aVc\xe3\xb8c\xc7\x0e\xa8\xac\
\xac\xe2\xbf\xfdm\x7f\xaam\xdbk\x00\xa4\xb4Rg\xa1\
\xd3\xe9\x1c\xed\xf7\xfb\xb3\xd3\xd2F\x0aA\x84\x9d\x00*\
Z)lSLL\xf4\x1f\x1e\x7f|r\xe5{\xefm\
i\x12<\x00*,,\x82a\x18\xc24\xcd\xfdR\xca\
\x97\x00\x94\xb4.\x02\xf4ED\x84\xeb\xca\xd4\xa9\x13%\
\x00\x16QQ\xd1\x9b\x84\xa0\x0c\x00\x97[(+\xdb\xe9\
t,\xdb\xbd\xfb\xa3\xea\xfc\xfc\xcbM\xa5\xdfmU\xa5\
R\x8a\x1fy$M\xeb\xd9\xf3\xc7{\x88\xe8O-\xd4\
g\x10\xd1\xbbN\xa7\xe3\xc5i\xd3\x1e\xad\xa9\xac\xac\x0a\
\xee\x03c\xc7\xa6Z\xf3\xe6\xa5o\x95RN\x07p\xa4\
\x05\x9ex\xdf\xef7.,Z\xb4\xac\xa9\x95\xab\xd1\x92\
\xd84-NO\xff5K)7\xb5\xc0i%B\x88\
\x05QQ\x91/dd\xa4\xdf\xc8\xcf\xbf\x5c\xb7\xf9\xb1\
(--\xc3\xb9s\xe7\xc5\xda\xb5o|\xa5\xeb\xfa\xd3\
D\xd8\x08 \xd0\x8c\xc0\x22!\xc4\xfe\x9c\x9c\xe3h\xa2\
1\x09[\xcfgf\xee\xa3\xe4\xe4\xa4\x0bDw\xe5\xb0\
l)\xe53\xbdz\xfddUj\xeap\xff\x89\x13\xa7\
E]\x9b\x0a\x80drr\x92`f\xca\xce\xce\x11\x93\
&\x8d\xf7\x9e:u\xe6p `\x0eE\xf8*\xf3l\
TT\xe4\x9a\x82\x82\x9b\x81\xda\xda\xda\x86e@\xb3\xcd\
\x88R\x8a\x8e\x1d;a\x12\x89.\x00\xc6\x84\xd1\xe3\x93\
R\xce\xb1,\xeb\xaf\x03\x06\xf4\x93>\x9f\xbf\x1e\xf6\xa0\
\xae:\x05AS\xb3sDD\x84\xcbODf8\x97\
\x10\xa10::\xda\xe7\xf5V\xb6\xc8\xf3w\xca\xa1\xeb\
\x00\xec0\xaa\x98\x99\xab\x99\x99,\xab\xd1\x05\x824\xd4\
\xdf\x96\xa5`\x87\xc3A\xcc\x1c\xae\xb8\x023 \xa5\xe0\
\x06\xe3Z\x04>D\x06\xbe\xafnk\x01T\x85\x9ei\
\x00\xa2\x00\x94J)\xcb\x9ah\xd9\xb9~\x04\x08\x00\xf7\
\xe9\xd3\x8b\xcb\xcb+\x1cD\xa4!<\xb5\xab\xa8\xf0F\
\xc4\xc4Ds=a-\x02?w\xee\xb3\xc2\xe5r\x1d\
#\xa2EB\x88\xf9R\x8aGt\xdd9\xca\xe9t\x0e\
\xd7u}\xa4\x94\xf2\x17\x0e\x87cj\xb7nI\xe7\xc6\
\x8eMkl\xa1 \x84\x94\x09!\x04\xafZ\xb5\x5c\xad\
X\xf1v\xa2\xdfo\xbc\xc9\xccC\x9b1\xa0kMM\
m\xc2\x84\x09c\xb9\x95\x9eGnn\x9e\xf8\xd9\xcf~\
zS)\xb5x\xc1\x82\x97\xdfJLL8.\x84(\
\x15B\x10\x11j\xdb\xb6\x8d97s\xe6\xd3'\xcf\x9e\
=oJ)\x1b\x0bA\xb07\x7f\xf1\xc5\xe7\xa8}\xfb\
\xf6\xb4p\xe1\xe2\xc1J\xa9e\xcc<\x0c\xcd\x13\x0b!\
\xe6\xdb\xb6\xfd\xd6\xe8\xd1#\xb4\x96\x82\x17B\xa0w\xef\
\x9e\xf6\x96-\x1f{JKK\x07(\xc5\x8f0\xf3 \
\x22tbF\x04\x82\x05a\x11\x11\x9d$\xa2=\x1e\x8f\
\xfb\xef\x19\x19\xe9\x95YY\xdf\x92e\xd9$\x84\xe0\xf8\
\xf88\xd8\xb6\xcd\x14\x1b\xdbN/++\x7f,\xd4F\
&\xdd\x05\xf8:\xcar\xbb#&gf~|\xed\xb5\
\xd7Vhw\x0b\xde\xe9t\xc2\xe7\xf3\xa9#G\x8e\x0e\
\xb2,\xeb\x05\x04\xcb\x98h\x04's%\x82s\xc1\x01\
 \x06\xc1\xf6\xd2O\x84\xcf\x85\x90K\x1f}t\xc2\x97\
JY\xb8v\xad@\x9e9s\xae\xad\xae;\xab\xa5\xcf\
\xe7\xff5\x80\x95\x00\xe2Z\x00\x1e\x00\xe2-\xcb\xc2\x91\
#G\x0f\x0f\x1e<\xd0,--\x93\xcd\x81w\xb9t\
\x9c;\x97K\xa7Og\xff\x9bm\xdb\xeb\x10\xec\xab\x8b\
\x89h\xb3\x10b\xb9\xa6i+5M\xfe\xaf\x94r3\
\x80=\x00\xae\x02\xe8\x04\xe0\xa7\xcc<&''\xb7x\
\xc6\x8c\xe9\xa7\xb6n\xdd>\xc0\xb2\xcc\x0f\xfd~#^\
\x12\xd1\x22\x00}[\x08\x1e!\xa0\xfd+*\xbc\x81\xcb\
\x97\xaf\x9ex\xec\xb1I\xc6\xd5\xab\xd7ES'nR\
J\x94\x97W\xf0\xd9\xb3\xe7\x9fQJ\xbd\x19\xf2\xf0\x16\
\xa7\xd3\x91\xf1\xe0\x83\x036]\xb9r\xf5\xace\xd5\x14\
\x0d\x1e<\xb0\xe2\xf1\xc7\xa7\x94\xcc\x99\xf3\xecE\xaf\xd7\
{\xe8\xd2\xa5+{\x99\xd9\x03`\x08\x80Q\x9f\x7f\xfe\
E>\x80\xfb\x989\x03\x80MD\xb4\x0c\xc0\xcbh}\
9\xed'\xc2&\x87\xc3\xb9r\xfc\xf8\xb1\xb9;v\xec\
\xe2\xf9\xf3\xe7\x123\xa3\xb4\xb4\x8c\x8a\x8bK\xa0\x94\xa2\
\xfd\xfb\x0fZ\x0e\x87c\x8cm\xdb\x9b\x01D\x13\xd1\x92\
\xb6m\xdb\xbc\xf9\xfa\xeb\xff]\xbds\xe7ni\xdbw\
n\x07D\xc4O<1\x95\xe7\xcf\xff\x0fwMM\xed\
\x7f2\xf3\xcb\x00.\x11a\x173^\x00\xf0w\xd24\
\xd9\xdd\xb6\xd5v\x00\xfd[i\x00B\xa9s\x81\x88v\
\x09A\x07\xa4\x94\xf9RJ\x1f\x80@\xdf\xbe\xbd\xcb\x86\
\x0c\x19d\xaf_\xbf9\xb6\xaa\xaaz;\x80\x9f\x13\xe1\
\xad\xb8\xb8\xb8\xdfO\x9a4\xde\x9f\x9b\x9b\xd7\x9c\xe3\xb8\
S\xa7\x04l\xdf\xfe\x89\xc7\xe7\xf3\xade\xe6\xa7\x00\x94\
\x01\xb8\x0f\xc0\x17\x14\x0a\xef,\xa5\xd4j\x00\xce\x1f`\
D\x1d\xf9B\x0a\xfcD(\x91R\x9bm\x9a\xe6i!\
\xc4Lf^\x0f\xe0\x94\xcb\xa5O\xda\xbd{\xdb\xd5e\
\xcbV\x86ma\x85\x10\xfc\xa3\x1f%\x2299Y-\
X\xf0*;\x1cZ/\xdbV\x7f\x05\xd054\xe4\x0b\
\xb1}\xfb\xfb\xe4r\xe9\x7f&\xc2\xc1{\x00\x1e\x00\x22\
\x10\xec\xb8\xba1\xa3'\x80\x98\xae]\xbb8\x01L\x09\
b\xa2\x8d>\x9f\xff\xca\xdd\x80\xaf\xa8\xf0\xca\xad[\xb7\
wX\xbcxY7\x97K\xef\xeap8\xfc\x00\x0e\xdf\
6\xee\x9dw6\x8a\xea\xea\x9a\x0a\x22\xf1?\x086\xe3\
\xf7\x92\xaei\x9a\xfc\xee\xc6\x8d\xc2$f~\x00\xc0\x0d\
!\xc4g\xeb\xd7\xafn6m\xe6\xcf\x9f\xcb'N\x9c\
\xeao\x18\xc6^\xbf\xdf8\x14\x08\x98\x87\xfd~\xe3 \
\x80\x89\xf5\xc7\x09\x00<q\xe28\x11\x1f\xdf\xf1\x10\x11\
}|\x8f\x0d(\x88\x8f\x8f\xf3\x9a\xa6\xd9\x09@{\x00\
\xf9\xd1\xd1\xd1\x05{\xf7\x1e\x08Wk1\x00\x1a7n\
\xaa\x12\x82\x88\xf9\xb6+%\x00\xa8\x06p\x05\xc1\xc9|\
D\x00 \x9f\xcfO;v|`\x08!\xd6\xa0\xf9&\
C\xe1.\x89\x88\xbcs\xe6<c\x10!\x16\x80\x93\x88\
\x0a\xdb\xb4\x89\xf1UUU7{\x1f1f\xcc(\xad\
G\x8f\x94,\xb7\xdb=\xd6\xe9t\x0cw\xb9\xf4\xe1N\
\xa7s\x84\xae\xeb#t\xdd9R\xd7\xf5\x11\x11\x11\xee\
%u;\xa8\x5c\xb8p\xb1HO\x9fy\xe6\x8f\x7f\xdc\
\xf0n\xd3\x87\xbb\xb4\x17\xc0\x09f\x9e\x8e\xe0\xba\x1c6\
\x15\x98\x19\xdf}w\x81\x98\x83F33I\xd9d\xea\
7h?Y\xc5\xc7w\xa4\xd4\xd4\xe17\x1d\x0e\x0d\xba\
\xeeB \x10\x80\x10\x02B\x10\xaa\xabkp\xf3f!\
n\x95\xd3J)JH\x88Wnw\xc4\xc6\x9a\x9a\xda\
\xe1\x00F\x03\xf0\x13\xd1\xb7\x00v9\x1c\xda\x9e\x1e=\
\xba\xe7\x9e>\x9dm\xba\xdd\x11\xbb\x0c#\xf043\xff\
\x06a\xca\x0f\x22\x8a\xd9\xb7\xef3\x8d\x88*\x10\xec\xf2\
\xda\x17\x15\x15\xbb\xfa\xf6\xedU]Q\xe1m\xb6\x14g\
f\xce\xce>\x17\xae\xdf\xe6\xfa\xf7\x03\x0c@\xa4\xa4t\
\xb7\xdf\x7f\x7fK'\xc30\x86\x10\x09\xaf\xcb\xa5\x1f\x9b\
=\xfb\x99\xf2\xb2\xb2R\x14\x16\x16\x0b\xd34\x11\x19\xe9\
\xe1]\xbb>\xb5\xef\xe2\x82\xe3\x9c\xc7\xe3\x1ee\x9af\
d `\x1e\x02 5MK\xfd\xf0\xc3\xf59\xeb\xd6\
m\x10\xe1\xc0\xa3\x99\xb2$DJ&''\xd5\xc5\x94\
\x00pYY\x99LKK\xf5\x1e=z,\xdb\xb6k\
/\xb4kw\x9f\x91\x9f\x7f\x89*+\xab\x84R\xc1\xf4\
\x0f\x04L\xbax\xf1\x92\x92R\xc41\xf3\x940\xa9\xe4\
\xb2m{_\x97.\x9d\xcf\x96\x97W\x0c\x03\xf0 \xc0\
\xb9\xdb\xb6\xed<\x9a\x9c\x9c\xd4\xf0\xde\xb7\xa5\xe0o]\
\xf2\xa9\x86Brr\xce\x8b\xb4\xb4\x91\xe2\xcb/\xbf\x96\
%%\xa5\x8d\x1e\x7f3+\x02\xe8:\x80\x9a0J\xa2\
\x98yT^\xdeEC\x08\xb1\x13\x80R\x8ag\xb8\xdd\
\x11\x9d\x17.\xfc\x9d\x8d\xef\xbb\xc1V\x81Gh\x19m\
\x95\x90m\xdb\xde\x83\xc3\xa1\x15\xa3\x99C1f\x9e\xe4\
r\xe9\x89n\xb7;\x13\xc1M\xe8\x01\xbf\xdf\xff\xd2\x8c\
\x19s\x22\xfa\xf7\xefc3s\xab\xc1#t*Q7\
\x07Z$$?\xff\xb2\xb8p\xe1\x92\xb2,s\x0a\xc2\
\x9fuvPJ\x15\x19\x86\xb1_\xd3\xb4\x02f\x1e\x03\
\xe0\xe1\xca\xca*u\xfe|^\xd6\xd2\xa5\xaf\xfa\x8f\x1f\
\xffVp\xb0\x8cm\x09x\x81\xd0\x1ch\x98\x8bw%\
\xc4\xb6-\x96R\xdaEE\xc5C\x01\xf4\x0b3\x9e\x00\
t\xd7u\xfd\xff\xd6\xad[\xf9Mf\xe6>/3\x8f\
\x04\x90\xea\xf3\xf9:\xef\xd8\xf1\xc9\x05\xb7\xdbS\xf4\x8f\
\x7f\x1cU\x97/\xe7q\x5c\x5c\x1cJJJ`\xdb\xf6\
]\x1d\xd7\xd4o\x07[\xe4\x01\xd3\xb4\xc4\xea\xd5\xcb\x03\
ii\x93\xde6M+\x1e\xc1\xc3\xda;n\xd2\x11\xfc\
L\xe2\x063\xdb\x9a\xa6Qbb\xc2\xc6\xeb\xd7\x0b\x0c\
\xa5\xd4\x22\x00\xbf\x0a\x04\xcc\x91\xa7N\xfd3S\xd3\xb4\
\x03R\x8a\x8bB\x08oTTT\xd1C\x0f=h\x18\
\x86\x11\x0e\xbc\x00`S\xe8k\x15B\xd3\x11\xe0F\x80\
\xdd\x12\x12\x1b\xdb\xce\xde\xb7\xef\xb3\xe8\xdaZ_[\x22\
\xa2\xe0W)\xa1?2\x98\x88\x84\x10T5p\xe0\x80\
r]\xd7\x95\x94\x92\xbc\xdeJ\x95\x95\xf5\xed@\xd3\xb4\
\xe6#\xd8R\xb6\xc1\xf7\x17#>\x22z;=}\xe6\
\x8a\xbc\xbc\xfc\xfa\xa9\xd5\x10\xbc\x02\x82\xe7/\xf5?q\
\xa9\xcf\xeb\xff\xb1\xe1\x18\xbb\x8e\x97\x94\x94\xd2\xa4I\x13\
\xbc}\xfa\xf4\xf4\xba\xddn\xd4\xd6\xd6\xc2\xe9t\xc24\
-\x08!\xe0ph8x\xf00UVV\xc1\xb6m\
\xb2,KEFzh\xed\xda7\xbfy\xe5\x95\x85\xb3\
\xbc\xde\xca!\xcc<\x15\xc00\x00I\x00\xb7cFL\
\xff\xfe}9//_5\xa5\xb7\xee\xf9\xff\x03x\x8c\
_\x99w/\x9ew\x00\x00\x00%tEXtda\
te:create\x002017-1\
0-13T23:43:03+08\
:00'\xbfw\xe8\x00\x00\x00%tEXtd\
ate:modify\x002017-\
10-13T23:42:50+0\
8:00\xc0(\xb0\x93\x00\x00\x00\x00IEND\
\xaeB`\x82\
\x00\x00\x04\xf0\
\x89\
PNG\x0d\x0a\x1a\x0a\x00\x00\x00\x0dIHDR\x00\
\x00\x00\x14\x00\x00\x00\x14\x08\x03\x00\x00\x00\xbaW\xed?\
\x00\x00\x03\x00PLTE\x09\x16(\x09\x16(\x09\x14\
%\x09\x15'\x09\x14%\x08\x13#\x07\x11 \x07\x0f\x1c\
\x06\x0d\x18\x04\x0a\x13\x03\x07\x0d\x02\x04\x07\x00\x00\x00\x00\
\x00\x00\x00\x00\x00\x00\x00\x00\x00\x00\x00\x00\x00\x00\x00\x00\
\x00\x00\x00\x00\x00\x00\x00\x00\x00\x00\x00\x00\x00\x00\x00\x00\
\x00\x00\x00\x00\x00\x00\x00\x00\x00\x00\x00\x00\x00\x00\x00\x00\
\x00\x00\x00\x00\x00\x00\x00\x00\x00\x00\x00\x00\x00\x00\x00\x00\
\x00\x01\x01\x01\x02\x02\x02\x03\x03\x03\x06\x06\x06\x0a\x0a\x0a\
\x10\x10\x10\x17\x17\x17!!!(((,,,-\
--...///00011122\
2333444555666777\
888999:::;;;<<<=\
==>>>???@@@AAABB\
BCCCDDDEEEFFFGGG\
HHHIIIJJJKKKLLLM\
MMNNNOOOPPPQQQRR\
RSSSTTTUUUVVVWWW\
XXXYYYZZZ[[[\x5c\x5c\x5c]\
]]^^^___```aaabb\
bcccdddeeefffggg\
hhhiiijjjkkklllm\
mmnnnooopppqqqrr\
rsssuuuwwwyyxz{z\
|}|\x7f\x7f~\x81\x82\x7f\x84\x85\x81\x84\x85\x82\x85\
\x86\x83\x86\x87\x83\x86\x88\x84\x87\x88\x84\x87\x89\x84\x87\x89\
\x85\x87\x89\x85\x88\x89\x85\x83\x86\x85\x7f\x84\x85|\x82\x85\
z\x81\x85v\x81\x8bv\x82\x8ew\x84\x90y\x85\x90}\
\x87\x8e\x83\x89\x8c\x85\x8b\x8c\x89\x8c\x8c\x8a\x8d\x8b\x8c\x8d\
\x8a\x8e\x8f\x8d\x90\x91\x8f\x92\x92\x91\x94\x94\x93\x95\x95\x95\
\x97\x97\x97\x99\x99\x99\x9a\x9a\x9a\x9b\x9b\x9b\x9c\x9c\x9c\x9d\
\x9d\x9d\x9e\x9e\x9e\x9f\x9f\x9f\xa0\xa0\xa0\xa1\xa1\xa1\xa2\xa2\
\xa2\xa3\xa3\xa3\xa4\xa4\xa4\xa5\xa5\xa5\xa7\xa7\xa6\xa8\xa8\xa8\
\xa9\xaa\xa9\xaa\xab\xaa\xab\xac\xab\xac\xad\xac\xad\xad\xad\xae\
\xae\xad\xae\xaf\xae\xaf\xb0\xaf\xb0\xb0\xaf\xb1\xb1\xb0\xb1\xb2\
\xb1\xb2\xb3\xb2\xb3\xb4\xb3\xb4\xb5\xb4\xb6\xb6\xb6\xb7\xb7\xb7\
\xb8\xb8\xb8\xb9\xb9\xb9\xba\xba\xba\xbb\xbb\xbb\xbc\xbc\xbc\xbd\
\xbe\xbd\xbe\xbf\xbe\xbf\xc0\xbf\xc0\xc0\xc0\xc1\xc1\xc1\xc2\xc2\
\xc1\xc3\xc3\xc2\xc4\xc4\xc3\xc6\xc6\xc6\xc9\xc9\xc9\xcd\xcd\xcd\
\xcf\xcf\xcf\xd1\xd1\xd1\xd3\xd3\xd3\xd5\xd5\xd4\xd6\xd6\xd5\xd8\
\xd8\xd8\xda\xda\xda\xdc\xdc\xdc\xde\xde\xdd\xdf\xdf\xdf\xe0\xe0\
\xe0\xe2\xe2\xe2\xe3\xe3\xe3\xe5\xe5\xe4\xe6\xe6\xe6\xe8\xe8\xe7\
\xe9\xe9\xe9\xeb\xeb\xea\xeb\xeb\xeb\xec\xec\xec\xec\xec\xec\xee\
\xee\xed\xef\xef\xef\xf1\xf1\xf1\xef\xef\xef\xef\xef\xee\xef\xef\
\xee\xef\xef\xef\xf0\xf0\xf0\xf0\xf0\xf0\xf1\xf1\xf1\xf2\xf2\xf2\
\xf3\xf3\xf3\xf4\xf4\xf4\xf5\xf5\xf5\xf6\xf6\xf6\xf7\xf7\xf6\xf7\
\xf7\xf7\xf8\xf8\xf8\xf9\xf9\xf9\xfa\xfa\xfa\xfb\xfb\xfb\xfc\xfc\
\xfb\xfc\xfc\xfc\xfd\xfd\xfd\xfe\xfe\xfe\xfe\xfe\xfe\xfe\xfe\xfe\
\xfe\xfe\xfe\xfe\xfe\xfe\xff\xff\xff\xff\xff\xff\xff\xff\xff\xff\
\xff\xff\xff\xff\xff\xff\xff\xff~\xee)\x02\x00\x00\x01\x00\
tRNS\xd1\xd2\xd3\xc8\xb9\xa9\x93x]C,\x17\
\x03\x01\x01\x00\x00\x00\x00\x00\x00\x00\x00\x00\x00\x00\x00\x00\
\x00\x00\x00\x00\x00\x00\x00\x01\x02\x03\x06\x0a\x10\x17!(\
,-./0123456789:;\
<=>?@ABCDEFGHIJK\
LMNOPQRSTUVWXYZ[\
\x5c]^_`abcdefghijk\
lmnopqrsqonmmhhb\
o|\x8a\x95\x9e\xa6\xae\xb6\xbf\xcd\xd2\xd7\xdb\xe1\xe7\xea\
\xeb\xeb\xe8\xe6\xdc\xd1\xbe\xac\xa1\x9c\x96\x97\x98\x99\x9a\x9b\
\x9c\x9d\x9e\x9f\xa0\xa1\xa2\xa3\xa2\xa2\xa1\xa1\xa1\xa3\xa2\xa2\
\xa2\xa3\xa3\xa4\xa5\xa6\xa8\xaa\xad\xb0\xb3\xb7\xb8\xb9\xba\xbb\
\xc0\xc5\xc8\xcb\xcd\xce\xcf\xce\xce\xcf\xd3\xd6\xdc\xe0\xe4\xe8\
\xea\xee\xf1\xf3\xf5\xf6\xf7\xf8\xf9\xfa\xfa\xfb\xfb\xfb\xfc\xfc\
\xfc\xfd\xfd\xfd\xfd\xfa\xf6\xf3\xef\xeb\xe7\xe0\xd8\xd0\xc8\xbf\
\xb6\xae\xa5\x9c\x92\x88}rhfdcb[UQ\
MJFH\xa6\xfd\x00m\x00\x00\x00\x9fIDAT\
\x18\xd3\xb5\xd01\x0e\x82@\x10\x85a\xe0\x12\x1evT\
T\xa0\xd9\x1d\xf3\xe2\x11\xd4\xc4\xd6X\xd3\x10\x0b;\x02\
\xd1B\xa9\xc6SP\x8e\xee\x021\x9a\xd8\xf2\x17S|\
\xc9n&\x13L\xfe\x14\x8c\x874\xf4\x85D\xb3\x0c@\
\x1a\x0f\xea\x91\xa6@\xc1\xc6\xf0\x1e+\xea\xd1=\xc2\xae\
b\x91\xd0\xf2\x15\xa9\xd7\x80(\xc6\xf6&F$\xb2\xa6\
\xa9\xb1\xa4\x0eS<EL\x189|H\x839\xf9?\
O\x09D\xd8\xbaXJ\xe0\xa0\x1e5\xcfPVXs\
q?c\x91\xab\xf6+\xe9q\x83\xae\xe4\xe2\xe8\xb3\xbc\
\xaa\xb6\xed\xcbM\x1d\xf9J\xbf\xbd\x01\x0c\x0epr\x00\
u\x19\xc2\x00\x00\x00\x00IEND\xaeB`\x82\
\x00\x00\x04D\
\x89\
PNG\x0d\x0a\x1a\x0a\x00\x00\x00\x0dIHDR\x00\
\x00\x00\x18\x00\x00\x00\x18\x08\x06\x00\x00\x00\xe0w=\xf8\
\x00\x00\x00\x06bKGD\x00\xff\x00\xff\x00\xff\xa0\xbd\
\xa7\x93\x00\x00\x00\x09pHYs\x00\x00\x0b\x12\x00\x00\
\x0b\x12\x01\xd2\xdd~\xfc\x00\x00\x00\x07tIME\x07\
\xd3\x0a\x17\x0a\x12\x16^\xb7\xf3\xf2\x00\x00\x00\x1dtE\
XtComment\x00Create\
d with The GIMP\xef\
d%n\x00\x00\x03\xa8IDATx\xda\xad\x96_\
h\x1cU\x18\xc5\x7fwv6\x9b4\xe9\xdan\xda\xb2\
*\x98'1U\xfaf\xdbm\x82B^5E\xf0)\
F\x10\x82\xe0\x83\xa2\x82\xb5\x11\x04\x8b\xcf\xea\x8b\x0f\xe2\
\x9f`|\x08Ajq[\xcd\xa3\x88m\xd3\xc4\x9a6\
i5\x14*\xad\x94\xe2\x96M(IH\xc8\xee\xce\xec\
\xcc\xbd\x9f\x0f3;\xfbg\x92\xda\xa2\x1f\x5cf\x19f\
\xce9\xdf\xf9\xee=\xb3\xf0?\xd4\xd0\xd0\x90u?\xcf\
\xbd\x04\xc8\x03\xac2\xb0\x91N\xa7\xa5\xb7\xb7WFF\
Fn\x00\xed\x80\xda\x8e@\x16\x17\x17\xa5\x5c.\xcb\xbf\
\x95\xeb\xba\xe2\xba\x8e\xb8\xae#\xc5bQ\x0a\x85\x82\xcc\
\xcf\xcfKOOO\x01\xd8\x03l\xd9\xd1}\x81\xd7I\
\x1cY[[\x95\xd3\xa7\xf3\xb2\xbc\xbc,\x22\x22SS\
S\x92\xcb\xe54\x90\xae\x91\xd8\x8d\x0c\x1d\x1d\x1d\x00L\
OO\xc7\xd9EPJ!\x22\x88\x08Z\xfb8\x8eK\
\xa9T\x22\x95J\x01000\x80\xe38\xd6\xf0\xf0\xf0\
\xc7\x9e\xe7\xbd\x13\xda\xd8\x88\x11/c\x8ch\xad\xc5\xf7\
\xbd\xe8\xeay\x9e\xb8\xae#\x1b\x1b\x1b2>>\xbe\xdd\
\x8cF\x80\xa4j!\x88:\xa8)\x151\x04\xb7%\x9c\
_p\x1f\xc0\xf75KKE\xb2\xfb\xf6\xf1\xdb\xa59\
N\x9c\xf8\x10\xaf\xd8O\xe5J\x86\xf4sS\x00\x9d1\
\x82V\xe0\xe0*M\x16!\x82\xb2,\xaa\xae\xcb\xca\xea\
*\x9e\xeb\xf0\xf8\x13\xfb\xf1\xef>\x837\x97\xe2\xb5\xb1\
\xa2L\x9c\xb9\xa6\x80\xbdv\xab\xd7\xc6h\xce\x9f\x9f\x8e\
\x94\x06\x80 \x08\x0a\x85\x84\x0e\x18-\x18\xa31\xc6\xf0\
\xfc\xe0Q\xfc\xe5~\xbc\xb9v\x8e\x7f\xb7F\x08\xfe>\
\xd0\x1e\xeb\xc0\xf3\xaa\x0d\xc0!\x09\x82\x18AY\x0a1\
u\x8bD\x84\x9d\xe9\x87\xa8\x16\xfa\xa8.\xec\xe0\xcd\xc9\
M\xbe9y\xb1\x86\xf72pn\x8b\x0e\x0c\x17\xa6/\
DJ\x03\xc0x\x07\xbe\xaf\x19\x1c<\x8a{\xeb\x08\xee\
\xa5v^\x9fXe\x22\xbf\xc0\xdbo\xbc\xca\xa7\x9f}\
\x0d\xb0\x0e8q\x02\xad9\xd2\x97CL\xa8\xb2\xc1\xaa\
h\x9b\x1a\xc3\xae\xdd\xdd\xb87s\x94\xaf\xed\xe1\xbdS\
w\x98\xc8/0\xf6\xe5\xe7\xdc\xbeu\xbd\x06\xb5\x06\xb8\
[w03\x13\xf8\x1c\xdaa\x85\xc0J\xa9\xc8s\xe7\
\xfaa*\xf3)F\xcf\xfc\xcd\xd8\xb7W\x19\x1d=F\
\xa6;Ci=S\x83\xaa\x00\xda\xde\xeaH\xf7\xf7\xf5\
!\x08\xc6\x98&\x02\x80]\xbb\xbb)\xffq\x88\xd2\xe5\
\x14o\xe5\xd7\x99\xcc_e\xec\xab/\xc8d2<\x9c\
\xcd\xb2\xber'\xd2\x1a;\xc9\x00\xbe\xf6\x99\x99\x99\xad\
\xcd=\x1ct0P\xcf\xf3\x00\xb8}\xf3Y>\xfa\xf1\
'&\xf3\xbfs\xfc\xddc\x14\x97\x96\x10\x84\x03\x07\x9e\
B\xb5D]\x8c@kM\xee\xf0\xa1Hqm\xb7x\
^\x95G\x1e}\x8c\x17\x06\xf6\xb2\xff\xc5O\x00\xf8\xfe\
\xd4I\xbavv\x91\xcdfI\xa5\xdaPJa)\xeb\
\xde\x04FkfggC`\xa2\xf3\xe0\xba.\x00?\
\xfcr\x97sg\x7fFY\x8a\xae\xceNl;I[\
[\x92D\x22\x81R\xf1\xa4\x8e[\xe4{\x1c<\xf8t\
\x93z1\x06_\xfb\xfcu\xe3O\x94\x05\x95\x8aC2\
i\x07\xf3\xb1\xac\xe8\xcch\xad1FoOP\xadV\
\xd1Z\x87\xf6\x04\xfb\x1e\x15\xcc\xc5\x18\x836>\xc67\
$\x936\x89D\xa2\x1e\x1bJE\xef58\x1b'\xd8\
\xdc\xdcDk\x1dx\xa3hR\xa8\x94B)\x85m\xdb\
\xc1\xef\xb0\xbb\xda\xdc\x1a\xb3\xab\xb1\x9a&R(\x14@\
\x0c\x22\x06c\xea\xabQ\xa9\xa5\x14\xad2\x838!\xcc\
&\xd9\xbe\x83\x8b\xbf\x9eeG\x9b\x0a\x22A$\x8ah\
#&\x0cj\x1a\x94\xab\xc8\xef\x1a\xa8\x11\xc3\xe5\x85+\
\xd4\xf7xs\xbd\xf2\x80\x1f\xfd{\xad\x0f\x80'[\xd3\
\xd4\x06\xba\xc3\x95\xfc\x8f\xffd<`\x05X\xf9\x07\xbb\
x\x04\xf0X\x0dL\x09\x00\x00\x00\x00IEND\xae\
B`\x82\
\x00\x00\x02\xfd\
\x89\
PNG\x0d\x0a\x1a\x0a\x00\x00\x00\x0dIHDR\x00\
\x00\x00\x16\x00\x00\x00\x16\x08\x06\x00\x00\x00\xc4\xb4l;\
\x00\x00\x00\x04sBIT\x08\x08\x08\x08|\x08d\x88\
\x00\x00\x00\x09pHYs\x00\x00\x0d\xd7\x00\x00\x0d\xd7\
\x01B(\x9bx\x00\x00\x00\x19tEXtSof\
tware\x00www.inksca\
pe.org\x9b\xee<\x1a\x00\x00\x02zID\
AT8\x8d\xd5\x95KHUA\x1c\xc6\x7fs<^\
nG\xc3gVT\x84IP\x9bZH\xad\xdcDH\
\x19)-\xad6\xb9hU\xd1&j\x11\x81\x1b\x17\x9a\
\xe8\xa2'D\xedj\x13\x14\x14$Z\xbb\x5c\xb9\x90j\
Q\x1aYT\xa2]\xef\xfb\xdes\xee\xe3\xdcs\xe6\xdf\
B\xf2Qr\xcd..\xfa``\x1e\xdf|\xf3\xcd\x7f\
f\xfe\xa3D\x84\xf5\x80\xb1.\xaa\x80\xf9\xab\xd2\xd4\xd6\
\xdb\x82\xa9\x86\xb5\xd6\xd6\xb2\x95\x0d#\x83'G\xa6\x86\
\xae\x8c\xaeEX\x89\x08Mm\xbd-\xc1\x8a\xf2\xa1\xcb\
g\x8fUn\xdfZ\xb3\x8c0=\x1b\xa7\xef\xde\x0b;\
\xe7\x14\xda\xd6\x22>/\xdc\xde\xe7\x5c;\xdfn\x05-\
\x8b\xd9Xv\x19ak\xed\x06r\x99\x0c\x83\xf7\x87\xdd\
\x94\x93\x0b\x14\x133\x94\xf2\xcc\xf2\xb2\x9e\xc9\xa7\x97\xba\
M\x00\xad\xb5UQa\xf1\xfe[\xe2\x0fr\xca\xc9\xd3\
P\x1d\xe4\xea\x85\x13\x01\xa5TQ\x97\xb9\xbckv\x0f\
>\xb9\x0at/\xc48\x96\xca\xa0gF\xf1\x92\xdf\xd1\
Z\x10\xd1h=_\x92Z3\xa95\xbe\xbf\xd8\xa7\xb5\
\xbf\xacm\xd5\xedd\xff\xa1Sh\x11\x13\x96\x1c^8\
\x9e\xc5\x0e}\xa2\xbfo\x80\xd5\x9c\xfd\x0e\xad}N\x9e\
\xee$\x1c_\x0c\xe3\x82\xf0\x5c\xcc&ggPJ\xe1\
\xba.\x22\xc2\xfc\x1d\x17\xbe\xfdHp\xe5\xc6K\xdeL\
\xcc\x14\x91of\xec\xd1\x08\x86a\xd0\xd4\xde\xd7\xb5 \
<\x1b\xb5\x0986\x00\xbf\x0c\x8b\xc0\xc3\xa1\xb7\xdcz\
<FGk3]\x9d\x87Ym/\xe1X\x9a\x9e\x9b\
\xcf\xee\xa8]\xc7{\xbb\x80\x07Z\xeb\x15\x89\xfb\xf6\xee\
\xa0\xa3\xf5\x00b\x98\x84Syt\x91\x97\x1a0\x0d\xaa\
\x83\x8a\xebw\x9f\x87L\xe0\xf6\xb9\xae\xa3l\xae\xafZ\
\x91\xecz\x9ap*O\xd6\xcd\xae8\xbe\x14\xe5@$\
\xe1`\x18\xc6\xb4i\x9ae\xb3n\xc1o\xfc2g\x93\
/\xac\xec\xfao!b\x10\x89\xdb\x88\xc8g\x13\x98\x08\
E\xd2\x8d\xb5\x0dux~i\x09Ik\x88\xc6\xd3\x14\
\x0a\xde\x84Y(x\xe3\xa1H\xa2\xadfS-\x9e_\
\x9ac_k\x22\xd1\x14\x22\xf2\xd5\x10\x91\x0f\xa1p\xd2\
\xd5\xa2\xd0BI\xc5\x17\x88'\xec<\xf0\xdd\x00&\xa3\
\xd1D\x01J\xcf\xcb\x22B2\x9d&\xfeqd\xa3\x09\
L\xdav6\xe88Y\xaa*\xadU'\x17C\xda\xce\
\x90\xcd\xba\xe5\xce\xf4x@\x89\x08[\x0e\x9e\xe9\xb7\x1a\
\xf6\x5c\x14Y|\x89\xff\x02\xa5\xc4KN\xbd~\x15\x9b\
\x18\x1aP\x22\x82R\xaa\x1e\xd8\x0dDK\xb2\x0c\xdb\x00\
\x05\xbcS\xff\xdd\x9f\xf7\x13w[k\x82I.\xb3\xc2\
\x00\x00\x00\x00IEND\xaeB`\x82\
\x00\x00z\x93\
\x89\
PNG\x0d\x0a\x1a\x0a\x00\x00\x00\x0dIHDR\x00\
\x00\x01\x00\x00\x00\x01\x00\x08\x06\x00\x00\x00\x5cr\xa8f\
\x00\x00\x00\x04gAMA\x00\x00\xb1\x8f\x0b\xfca\x05\
\x00\x00\x00 cHRM\x00\x00z&\x00\x00\x80\x84\
\x00\x00\xfa\x00\x00\x00\x80\xe8\x00\x00u0\x00\x00\xea`\
\x00\x00:\x98\x00\x00\x17p\x9c\xbaQ<\x00\x00\x00\x09\
pHYs\x00\x00\x0b\x13\x00\x00\x0b\x13\x01\x00\x9a\x9c\
\x18\x00\x00@\x00IDATx\x01\xec\xbdg\x90$\
Iv&\xe6!Sg\x96\x16\xadu\xcf\xf4\xc8U\xb3\
jvV\x00\xbb\xc0\x018\x80\x00\x81#p\x863\x10\
vv$\x8f?H\xf0\xf7\x99\xd1\xc8\xff\xa4\x91?\x8e\
$\x8cf4\xa3\x1d\xcd\x08\x9c\xf1@\x10\xb7\x10\xe4j\
,v1\xbb\x98\xd53\xdb\xd3\xd33\xadU\xe9\xaa\xd4\
\x19\x9a\xdf\xe7\x91\x91\x95U\x95\x11Y]]\xd5U\xd5\
\x15^\xe5\x19\xc2\xf5\x0b\x7f\xcf\x9f?\x7f\xfe\x5c\x11O\
\xe0\x82 P\x91\xbc\x04\x7f\x09\xfe3\xf0'\xe0_\x83\
\x9f\x81\xcfw\xaf\x0a\xae\xa9K!p\x18!\xe0\xa0\xd2\
K\xf0\xf3\xf0\x0b\xf0\xdf\x83\xffN\xf7\xf9\x1a\xae\x8e\xa2\
(\x01\xae\x87\xd6\xe9\x8f[s =\x11\xba\x08O\xa4\
\xbf\x02\x7f\x0c\xfe<\xfc)\xf82\xfcqx\x86\x1b\xf0\
)\xf2\x03\x08\xa9;\xb4\x10\xe0\x00\xc7\xbe\xcc~\xcc\x81\
.\x03\x7f\x16~\x0d\xfe6\xfc\xbb\xc0\x87\x07\xb8\x1eZ\
b\xf0X\x08\x8a\xc6jhl\x01\x9eH\xff\xcb\xf0\xbf\
\x0e\x1f!?nS\x97B\xe0H@\xc0B+\xc9\x15\
\xfc5\xfc\x8f\xe0\xff\x12\x9eD\x81\x1c\x81\x8b\xeb\xa1q\
\xdb\x22\x00}\xa3>\x91\xfd_\xc1\x9f\x84\xbf\x00Ob\
@.\xe2\xb19\x09\xa4I]\x0a\x81\xc3\x0a\x01\xb2\xfd\
\x1e|\x0b\x9e\x88\xff\x1e\xfc\xff\x01\x7f\x1d\x9e\x04\xc1=\
,S\x83\xa1\x88\x0b\xe4g\x1c\xb2\xfa\xa7\xe1\xff1\xfc\
\xc7\xe0+\xf0#\xf0=\x17\x00$\xf0\x81\xe3\x07\xcd\x86\
\xe5\x05\xae\x1f\x08_\xf0?u)\x04\x0e+\x04\x14\xa1\
\x01\x93\xf3\xa6P\x0dU\xd12\xba\xca)\x00\xa7\x05\x1c\
8\x89\x17\x9c\xf2\xe6\xe0\xb3\xf06\xfc\xdd\xee\xf3;\xc0\
\x9b*\x92R\x86p\xa0]\x22\x01@#\xa29\x10\x91\
\xfeU\xf8\x7f\xb1\xb95\x92\x14\x02\xd9= \xbf\xe7\x05\
~\xc3\xf6\x9b\xf3\x0d\xc7o9A\x00\x12\xe92<u\
)\x04\x0e'\x04\x02\xc5PUu&\xafiYC3\
\xca\xd9\xc0\x00B\xa8*\xd0_\xc3\x8f\x12\xf2\xcf\x94u\
M\xc1\xff*|\x15~\x19~\x05\xde\xed\x12\x81\x03\x8d\
\x02\xb1S\x80.\xf2\x93\xd5\xffg\xf0\x7f\x08?\x0e\xcf\
\x91\xbf\xe70\xca[5\xcb\xf7\xae/v\xbc\xdbkN\
\xbe\xe1x\x1a\x9f=\x10\x84\xb0\xd5\x07\xba\xed\xbdv\xa4\
7)\x046C \xea\xb9@s\xa1\x02\xd3\x0dM\x15\
yC\xd1\xce\x8d\x19\xcd\xb1\xac&\x9e\x9f\xcc\x09S\x13\
Y\x84E\x1c\x01\xb3 \xc7[\x83\xff\xdf\xe0\xdf\x81\xff\
s\xf8:8\x81\x03\xcb\x09\x0f\xe4\x00\x80\xfc$\x0c\xa4\
j\xa7\xe0_\x84\x9f\x86\xe7|_:\xe2\xb7\x0d.\x7f\
\xb1\xe5\x8a\x95\x96\xab\xce5\xdc`\xa9\xed)\x1d'\x10\
M\xd7\xd7b\xa9J\x94AzM!ph \x80\xce\
\x8e\xb9\xad\x0a\x1c\xb6\x5cM,\xd4=\xd5\xf6\x94\xa0h\
:\xcaD^\xf3r\xba\x12dtE\x07\x92\xb3E$\
\x06\x9c\x1a?\xc7\x07\xb8\x1f\xc2\xdfD\xfa\xf6A%\x02\
[p\xb5;\xf2s^\xf3;\xf0\x1f\x82\xff/\xe0{\
\x0es\xfc\xa0\xed\xf8\xee\xfd\xaa]\xfb\xce\x9dVe\xb9\
\xe5\xe9\xe0\xf6{\xe1\xe9M\x0a\x81g\x19\x02\xec\xea\x9c\
\x02duM\xbc<c\xd6O\x96\x0dqn4\x937\
5E\x93s\x83\xf5\xc6s:\xf0\xc7\xf0\x14\x0e\xde\x05\
\x01\xa8\xaf\x07\x1d\x9c\xbb\x0d\x04\xa0;\xf2\x93\xed'\x05\
\xfb\x1f\xe1\xb9\xdc\xd7c\xfb\x81\xfb\xe2\xfb\xf7[\xd6b\
\xd3U\xde[\xb6t\xcb\xf5U_2\x0b\x88\x95\xba\x14\
\x02G\x05\x02\xc0\x1a\x22\x8e\xae\xaa~\xc9P\x82\x0b\x13\
\xa6\xfb\xeaL\xd6\x18\xcd\xea\x0a\x04\x85\x11N\x91\xed'\
\xd2\xff\xd7\xf0\xe4\x04\xe8\xed\x83\xc6\x09l\x9e\x02\xf0\x99\
H\xff2<\xd9\xfe\x1e\xf2;\x90\xf2\xadu\x5c\x1fl\
\xbf\xb2\xdcv\x95\x96\xedsj\x04\x97\x8e\xfe\x84B\xea\
\x8e\x10\x04\xd0\xe5\xd9\xeb-\xc7S\x95@\x09\x160 \
.\xb5\x80  \x0bS\x05U\xe9\x92\x00N\x07\x88?\
\xcf\xc3s\x85\xe0\xe7\xf0\xd4\x118P\xf2\x80\x88Zq\
\x9e\xc3{V\xf8?\x87\xff\x97\xf0\xb3\xf0\x1a\xbc\xe0\xc8\
\xbf\xdcr\xfd\xef\xdcmZ\xd7\x96\xac,\xe6\xff]\x01\
(C\xf7\xc9\x1dB\xbas\x08\xab\xbcO\x1f\xf7\xf0\x14\
\xcbo\xea\x01\xa5/N\x98\xf6dA\x0f>\x7f\xa6h\
\x9aX\x22\xe8\xf1\x01B4\x11\xe5.\xfco\xc2?\x00\
\x07\xd0\xc0\xf5\xc0\xb8~\x0e\x80k\x9c\xff\x04\xfe\x0d\xf8\
\x1e\xf2C\xa2\x1f\xdc^\xb3\xeb\x0f\xab\xb6zm\xc1*\
\xd8]\x9e?\xed\xcc\x07\xe6\x1b\xa6\x15yj\x10\x18\xdc\
\xeb\xb1@ n\xad\xd8\xe6|\xdd\x09\xa6\x0aZ\xed<\
d\x02\x05C\xd3\x0cM\xae\x10\xe4\xbb\xf8\xf4\x9f\xe2\xfa\
U\x0c\xb4\xdf\x06\x11 Q8\x10\xae\x9f\x00\x90e\xb9\
\x08O\xe9\xbf\x1c\xf9QY\xe1x>\xd8~_Y\xee\
\xf8\x0aG~9\xf9\xd9\xe5\xaaC\xd9\x02\xf3)hT\
\x98\xba\xadao\x05\x00\x1ap)\x81t\x14W\x03\xc1\
=Ne\x97\x8bN\xb3K!\xf0\x18\x10\x18L\x00\x98\
\x01\xb9\x80\x0c:kN\xd7\xd4>\x1d\x01\x06\xb1\xef\x9a\
\xf0\xdc;\xf3>\xfcU\xe0U\x07D\xc0\xc3\xfd\xbe;\
I\x00\xba\xec?9\x00\xea\xf7\x93\x08HG\xfd\x1e\xe0\
~\xe3\x07\xf7\xebe\xac\xef\x03\x0d\xe3\x01\x10\xa5y\xdc\
+\x05\x09\xa5\x8c\x1a\x8cdT\xff\xe2Dfm\xa2\xa0\
\xdb\xe5\x8c\xe6g\x00E\xc8S\xcc\xa2\xa9rY%\xb3\
\xffs\x8e\xc7mY\x1a\xff\x08B\x80\xc8^\x1a\xd0n\
r\x01\xbf\x04O\x19\x00W\x07\xbe\x0c\x9ck\x1d\x04\x22\
\x10q\x00\xe7Q)j\xfaQ\xd9\x87\x9aM\x98\xf7C\
\xa3\x01H\xff\xe3\x87m\xa3\x05\x85F\x97\xa2\x8b]\xc0\
\x7f\x22rNS\x83\xb1\x82f\xcf\x96\x0c\xeb\xechF\
\xcf\x9b\xaa\x91Q\x15\xa3\x98\xd1GB\x0e@\x91\x1c\x00\
\x00D\x80\x92\x03H]\x0a\x81\xc3\x0e\x01r\xd5\xaf\xc3\
s\x80\xfd\xe7\xf0\x1f\x80\x08\x5c\xc7\xf5\xcb\xf0K\xf0k\
\xe8\xee\xc4\xb2\xa7\xea\x22\x02@\xb6\x9f\xd2J\xea4s\
*@\xbd~\x17\xeb\xfd\xe2~\xdd\xd1l\xcfSH\x10\
v\xea\x88\xbfL\x0e\x16)\xc8\xeaj0]4\xfc\x19\
\xf8Y\xac\xa1\x9e\x1d\xd5\xa5\x96\x15\xa7\x01p`\x95R\
l' R\xf7\xccA\x80\x1d\x9b\x03,\xfd\x05\xf8\xe3\
\xf0\xb4\x9bA\x8e\xe0&\xfc]\x10\x84\xbb\xb8>U\x1b\
\x03z\x97\xfd?\x8d\x82?\x01O\x02@\x17X\x9e\xdf\
\x5c\xb3<\xf5\xe6r\xbb\xb4\x1b#0\x94$\x82\xf1\xbc\
\xea\x9c\xa9d\x9c7\xce\x95<HJ1\xe8\xcb\xcd\x14\
a\x89\xe9o\x0a\x81\xa3\x03\x01\xca\x04.w\xfd\x97p\
\xa5\x8e\xc0\xdf\xc1\xffk\xf8\x05\xf8\xa7\xb6\x89(\xe2\x00\
H\x89\xa8\xf2\xcb\x8aA\xa0\x11\x88\xb9\x9aC\x85\x1f\xb0\
-\x18\xbb\x9f`\xf4\xd7\xe4\xa8\xaf\x04\x1f?VlN\
\x97\x0cs\xaa\xa8\xe7\x80\xfc\x5cs\x94\x9c\x06\xcb\x8b\x1c\
\x88\x91o\xbbA\xc7rE\xbb\xe1\xfa\xae\x0d-\xcc\x8e\
} d%Q\x15\xd3k\x0a\x81mB \xa0~\xb0\
\x1a\xca\xb3\x14\xb5\x94\xd5F1\x90R\xb6\xbd\x99\xc5%\
\xce\xbd\x04\x7f\x02\x9e\x0ax\x7f\x01<\xf8\x1b\x5c\x97\xe1\
=L\x0b\x9e\x00\xfb\x90\xc3\x10G\x02@O!\x05\x85\
m]\xf6?\x105(<c[\xef\xe6\xca\x22\xca\xf6\
\x9cL\x88\x9f\xa2\xa1\xf9\x10\xe4\x05\xc7*\xa6?Y\xd0\
D\x05s\x80\xfe\x1c\xd0:\x1fJF\x0a\xb7\x0fc\x89\
Qt\xec\xc0\x07\xd2{\xab\x8e\xef9\x9e\xf0[\xa0\x02\
\xa9K!p\xd8 \xc0\x05@,f\xe9\x18\xd0<t\
y\x15[\x03\xb1\xd2\x85%-xSW\xa8EG]\
\x01\xa2\x09\xf1\x81\xdb\x8a)<$.\xde\x82\xbf\x06\xdf\
\xe9z\x1a\x1f\xd93\xc7\x02Iy&\xe1Y\x09\xe9|\
lt\xbc\xbdjMr\xb3\xcfN\xd1\x8f\xd3\x06 \x7f\
\xf0K\x17K\x8dc%\xd3\xaf\xe4\xf4\x11\xbcb\x83#\
\x07B'\x02\x10\x9a\xfa\x9dUK\xdc\xaa:\xe2\x83%\
\xab\xdcvE\x11\xaa\x074\xc3\x94\xba\x14\x02\xcf\x04\x04\
\x88C\xe8\xeb\x02+\x5c\xee\x89\xb2\xe6\xbc2\x95\xab\x8f\
\xe6\xb5<\xb8\x83<\x08A4 \x127(\x17\xf8/\
\xe1\xff\x10\xfe?\x83\x7f\x0fH\xf26h\xc5\x9e\xb1\xc1\
$\x00d\xff{\x08\xc7\xcaR\xe0\xd7\xc4\xf0\xdb\x86\xe8\
\xbf\x1fc\x11\xb4-\x07J\x17\xe4\xa0#\xfd\xc6\x99R\
\x1d\xc8\x9f+R5\xaa\x0f\xf91\xda\x07\xf3M\xc7y\
Ps\x9d\xebKV\xa1\x0eN\x83\x02G\x94\x07a\xe3\
NJ\xdcV\xb5\xd2H)\x04\xf6\x05\x02\xb2G\xe3\x07\
\xfd\x5c\xbb\xb1\xecj\x0fk\xae>\x96\xd3\x02h\x0e:\
\x9f8Q\x90\xbb\x09\x813\x5c%`T\x12\x04\xe2\xe3\
\x7f\x05\xffc\xf8\xff\x06D`\xcf\xa6\x03$\x00\x14\xfc\
\xf1\xba\xc1A\xe9G8\x5c\xfb#\xe9z\x0c\xc7\x16\x98\
 \x00\x05]\x85\x94\xdf\xf4\x0b@~]S\xa2\xfc\x03\
jL7,_,7\xfd\xe0\x11&\xfa\x0f\xaa\x0ev\
\x13\x86\xea\xc6}4\xe21JL\xa3\xa6\x108\xf8\x10\
 ^p\xaa\x8bqU4l\xcf\x80\x9c\xcb\xc5\xf4\xc0\
]\x1d\xf7\x82JV\xf3\xf3\xa6B\xa57\x12\x01:^\
)\x0f\xe04\xe0$<W\x0avi!\x1e9\xf5\xb9\
\x081\xfb^\x85\x1c\xc0\x1a\x16\xffk\x1d\xef\xb1\xa7\x00\
\x94\xf6\xbf0\x93k\x91\xed\x9f.\xe8#P\x87d\xdb\
\xe9\x02\x176\x04\xd6\xda\x9e\xf7\xff\xddjdW\x9an\
\xa6jy\x19r\x1b\xa9K!p\xa4 \x00\x8c\xa8\xdb\
\x9e\x0e\x03:\xfa\x9f]\xab\x89\x17&2\x9d\x97'3\
\xed\x89\x92\x81\xadD\x12\xf9\x893\x9c\x92\x7f\x04\xfe\x7f\
\x80\xff\xe7\xf0\xf7\xe1[\xf0\xbb\xea\x06\x12\x00\x96\xe0\x83\
\xde\xd0\xf7\xd0wH\xb1\x8cG\x9dh\xccs\x14XK\
\xc9a\x9d_`\xe4gC\xc0\xc1\x040\xa6\x10\xd8\xef\
-Y\xda\xd5%\xdb\x84-\x01\x01\xbb\x024#\xb6\xa3\
)\xc6\x90\xaa\xa4\xc1)\x04\x0e4\x04\x88\x14t\x1c\xfb\
\xea\x1dW\xbc\xb3\xe8\x9b\x0fj\xb6\xfe\x85\xb3\xa5\x0e\x96\
\xca\x8d\x9c\xa1\x82\x1f\x90\xb8C\xe1\xfc\x0b\xf0\xbf\x0b\xff\
s\xe0\xd1\x97\xf1\x9a;\x0bw\xcd\xc5\x12\x80\xc7-\x81\
\x8d\xd2\x80\xce#`gJ\xa6\xa6\x81\xf5\xefe\x11@\
\x87\x18l\x8f\xbf\x84e\xc5\xb9\xba\xa5\xc2\x8e\x80\x0c\x8b\
\x00\xd1\x8b\x98\xde\xa4\x108J\x10\xe0\xd4\x17\xed\xad[\
\xbe\xda\xc1\xf6\xfa\xe5\x8e\xe7\xe7\xa1\x12\x9f5\x04%a\
D\x0f\xca\x03h\x89\x8bJz\x5c\x0d\xa0\xde\xce\xae*\
\x0a\xc5\x12\x00\x08\xe8Q^\xf8\x8b\x9b\xa1\x0e\x94)\xc8\
\x1a\x8a\xff\x8b\xe7G\x97Gs\xda(\x12H\x95b\x8e\
\xf4M\xdb\x17\x7f{\xa7\x11<\xaa\xbb\x01\xd4\x8b\x87\xe6\
\x95FH!p\x94  9d\xa0\xfa\xb7n\xd6J\
\x1f9Vp?z,geM%\xd3%\x02\xd4\x13\
\xf8\xc7\xf0\xb4\xcf\xf1\x7f\xc2?\x84\xdf\xb5U\x01R\x98\
\xc1\x8e\xc2?)\x00\x0c\x09A\xc8\xb0\x0c\xbeW@(\
J\x90\xfc\x8d\xe5u\xb5\x9cU\x0b\x98\x0a\xc8\xe1\x1f\xc9\
\x83j\xc7\xeb\xc0Jpg\xae\xee\x1a\xb0\x18\xac\x91\xae\
0\x97\xd4\xa5\x10H!\x10B@\xe2\x03~\x80\x1f\xca\
\xfd\x9a\xad\xbc\xbbl\x89\x0e\xeci\xf7\xc9\xc7r\x88\xc9\
\xa5\xfaO\xc0\x17@0\xd6\xd9\xeb0\x8b\x1d\xff\xc6p\
\x00\x11\x8a\xe2\x1a\xdd&\x15\x01R\x05\xe4\xf7&1\xef\
\x87\xd2\xc3\xba\xf1Pp8\x8fj\xb6=\xdfp\xbd\xd5\
\xb6\x97\xc3\xf2\x9f\x9c\xd9\x90\xb7\xd93\x87\xcc\x09\x1d\xce\
\xa0\xa0\x7f\x01J\xc9\x06@\x9b*4x\xb2g\xc5\xa6\
\x19\xa7\x10xR\x08p\xbc\x85\x90\xdc\xbd\xb5j\xb9g\
GL\x13\xfd\x97\x16\x89\x89.\x1c\xa8\xb9\x87\xe0\x8b\xf0\
o\xc1\x93\x03\xd8\x15\x9b\x021\x04\x80c:\xe7'\xc3\
7\xe2\xb3v\x90\xf5\x05W\xa6\x0a+\xa7GLV\x8c\
z\x05\x92\x7f\xb0\x1d\xdf\xfe\xc9\x9cU\x04U\x03&r\
;1B\xf6\xd2!\x7fn\x1d\xc4.C\xaf\x94\xd1\x5c\
\x08\x22W\xf1\xe8P\x0c\x99\x8a\x1b\xf7\x12\xf0i\xde\xbb\
\x01\x01\xe2\x1c\x11\x0f\xf6F\x15\xa8\xd1\x08\x15\xca\x83x\
\xc3ezb\x0e7\xec\xfdG\xf0\x7f\x0d\xff>\xba\xf4\
\xbb\xa0\x0dO<\x9f\x8e!\x00\xcc7$\x01\xf2\x82\xa7\
8\x17\xe2\xb4\xa2\x943j\x1ej\xbe\xb2BD7\xaa\
\xf6\xc2T\xb8\xdd\xb0\x5c\xd3\x86\x82O$\xd5\x88\xcbg\
'\xef\xa9]\x84eF1\x963\xbc\xf1\xbc\xd6\xc1\xb6\
b\xbfh\xa8%\xac\xab*\x98\x91\xe8\xa8\x0f\xb8\x91\xc0\
\x97\xe4H\x018S.`'`N\xd3<E\x08\x80\
G\x86\x95\xc1@\xc9\x18\x1aV\x02zK\x82\xac\x01\x19\
[r\xd7\xff\x14\x9e\x1b\x86n\x83\x08|\x80\xeb#x\
^y\x1e\xc1c\x1fI\x16C\x00\x90\xd56\x1d9\x14\
\xea8\xc3.r!\xcbsSBG\x85\x1fH\xfdm\
\xa7\x83\xd3\x82\xa0\x07\xad\xb1\xf6\x92\xc2E1\x9e\xe0J\
\xa2\x03\xee\x08\xdb\x8b\xd5\xa0\x98\xd1\x82Se\xc3\x7fn\
:\xd3\xc2\x81\x0d~9\xa3S\xa7:\xaa\x08\xefS\x97\
B\xe0Y\x81\x00\xd1\xe8w\xe0\xb9\x14H\xed\xc0o\xc0\
\xbf\x0d\xcf\xdd\x83w\xe1\x9b \x0a\xb46\xb4mT\x8b\
%\x00\xccaX.\xc0}a\x02\xe9\x8f\x973\xd8\xe0\
\x10\xe1\x9c\x1c\xfd\xd5\x96\xe3\xab\xef,v\xc6\xdb\x8e\xd7\
SvF\x96O\xech{=\x8f2O\x963\xdeG\
\x8f\xe7[\xd8]\x08\xb9\x83R\xc24d\x22\xe4F\x9e\
\xb8\x884\x83\x14\x02\x07\x1d\x02\x5c\x19\xe0T\x9b\xc4\xe0\
\xb7\xe0\xff\x15\xfc_\xc1_\x83\xff\xd7 \x02<\x97\xd0\
\xc5\xfdP\x17K\x00$\xfa\x93\x97\x1f\xe2\x0c5\xf0\xa7\
\xf2z\xdbT\xe5!\x89\x92\x0ap\xf1\x10\xa6\x04\x05\xb4\
\xfd\x14h\xff\x0d\xc9a{\xc1Dn\xd0\x98\xe0\xfc\xb8\
i\x8d\x00\xe3O\x8fd\x0c\x18`4\xf3:\xf8$\xce\
\x05\x06L\xf2Qr\x80\xad\xcd\x16u\x8e\xe0yN!\
f\x22\xe9f\x83\xedA<\x8d\xb5\xdf\x10\xa0\xfe\x0cz\
6\xce\x1aP\x8a\xb8\x12\xb7dG\xef\xd6\x8b\xf7$\x04\
\x91\xfb\x10n\x8e\xc1S\x0e\xf7\xff\x82\x08\xdc\xc7u~\
\x187\x10O\x00\x88\xb7\xf4\xfdE\xe2q\xa3SpZ\
\xa2\xeaN\x16\xcc\x06T\xfeY\x19I\x00\x80l\xf2t\
\xe0j\xc7U\x88y\x9c&\x0ce'6f\xdc{\x92\
\xc5\xe3\x07\x83~\x00C\x02\xde\x95\xa9\x5cg\x02\xaaR\
\xc7\xca\x06m\x18\xd2K\x17\xd1*\xec3\xc2\xa4\x9fb\
\x7f@\xc2\x17>\x94\x8e,\xcf\x136v\x15\xb7\xa5j\
#\xe7\x0e\xa9K!p( \x00\xdc\x81$\xbe\x9cU\
p<)\x91H`\xbf\x80$\x0ar\x0a\x8c\x17\x12=\
\xbaM\xa1\x81\x91\x0b\xf049\xb6\x0aO|\xac\x03\x1d\
h{\x90\xe80\xd0\xc5\x12\x00\x8e\xe2\xfcKra\xe9\
\x81\x0fa$N<\x09\x0f<@\x0a\xbf\xed\x06\xcb5\
\xdb\xa7\x0d\xe1i\xa2\x7fR\x1eC\xc3\x90\xba\x0c\xe1\xe2\
t\xc1\xf0\xbex\xbe\xdc\xaad\xd5RW\xc5\xb8?)\
\x08\x0e\xcd\x08\x04\xee\x9d\xaa\xdd\xba\xbd\xea\x8e\xd5m\xdf\
\x98k8\x1a\x08\x02\xe4\x00\x5cSUPO$I\x05\
\x81\xfdpK\xef\x0f2\x04\x80\xb8\x1c\xd8 \xea\xd2\xb9\
$\x085\x1bqf\xc4hTr0\xa0;\x9as\xb1\
\x81\xa8\x0c\xf9\x1bq8\xc21\xca\x08\xb8Z\xf0\xdf\xc2\
\xcf\xc3\xff\xf7\xf0\x7f\x8dL\x16@\x04\xa4\x80\x1e\xcf\x1b\
\x5c,\x01\x90\x92s\x96\x1ee\xbd!\xd9\xfa\x03\x0d\x1c\
\x8c\xe1\xd8T\x0a\x02#\x87Q\xdf\x07\xe2u\xd7\xe0\xf1\
6\x99\x8eD\xc9\xb6\x5c9\xdf/`\x8e\xf1\xcat\x16\
\x87.\x18\xc1xA\xc7\x11l\xeb\xac\x10\x0b\xc1aE\
0[\xeeY\x0f\xea\x8e\xda\xb4\x03c\xb1\xe5\xe4\xabm\
\xa8V\xa2tl\xbfd\xd1\xdd\x9a\xc9\xa3\xce\xb7\x94\x91\
\xbeH!pp!\x10\x22\x0e\x7fU\x98\x04hb!\
\x0b\x02u3[\xc7iDu_\x87M\x01u\x1c\xdb\
\x8a\xcf\x8d\x9a\x1e\xa6\xc1D~\x22!\xaf\xd4\x19\xe0>\
\x82\xdf\x86\xe7N\xc2\xeb \x02WA\x048=\xd8\xe0\
\xe2\x09@\x14-\x01y9\xa2\x82()c\xd8\x00\x04\
\xed\xbfu\x0a\xc04\x91\x8f\xf2y\xcc+33\xf0\x83\
\xf3\xd6\xbcWf\x0a6\x96\xf6T \xff\xba\xdd\x02\xe4\
\x0f\xadb\x7f\xcd\x0e\xdc\xf7\x96;\xd6\xbb\x0bv\x09\xdb\
\x8cu\x980\xc9\xaeWd(\xfdz\xccZ\xa5\xd1S\
\x08<}\x08\xb0?s,\x86\x9dN1W\xf7\xe5\xb4\
\xf7\xd6\x8a#&\xf3\xba8^1\xfc\xe9\xa2\xee\xe6\xb0\
\x1e\xce\xc1\x11\xa3]\xd4\xfd\xa9=\xf8\x8f\xe0\xdf\x87\xe7\
j\xd8\x0d\x10\x01\xae\x10l\xe0\x04\xe2\x09\x00K\x84'\
\x1e\xc7\xb9n\x188}\x0d\xb6\xc3\xb6\xce3\xb0\x00\x9f\
\x98>._\xb6\xc00T\x7f\x1c\xda\x85\x9f9W\x22\
\xdb\x0f\xe3B\xbd\xa9\x04\xe5\x0bA\xcb\xf6\x9c\xef\xdem\
\x9b\x0f\xebN\x06\x96\x8b\x0c\xc7\xf7A\x1f\xd7[\x1f\x97\
w\xfa>\x85\xc0\xb3\x00\x01b\xc3\x0av\x12\xd6\x1dW\
}X\xb33\xaf\x9d\xcc\xd71M\xf6\x8f\x97\x8d\x0a\x82\
\x22\x22\xc0\xa6\xfe\x01\xfc/\xc0_\x87\xbf\x09\x22\xb0A\
0\x18O\x00\x10{\xa8#\x05\x90T\x80Dew\x84\
kl\x18yvX\x11\xf2G2z\x00\x0e\x00TM\
\xae$\xcaF\x01\xf9)c\x08`UEY\x82\xfd0\
\xd8\x14\xc0V\xe3\xf4\xa0\xd2\xa1\xdf*\x8d\xf0\xccA\x00\
\xf2u\x01\xd3\x9d8\xb4\xd7S\x1e\xd6]\xd5\x05\x83\x8f\
\xdd\xb8\xe0\x06h\x83\xa7G\x04*h8\xf5\x04^\x81\
\xef\xc0S\x7f\x80\xcf\xd2%\x10\x80\x1evGqc\xae\
\x92\x02\x0c\x0e\x93\x5c\xc4\xe0\xa0\xb8\xb7$#0\x9a\x18\
<?\x91\x81*\xaf\xa9\xc0l\x12\xd9\x17\xe9\xc8\x90\x80\
\xea\xb9\x8f\x80\xfc\xdf\xb8\xd54\x9b\xb0\x18\x1c\xae2D\
1\xd2k\x0a\x81\xa3\x05\x01\x8c\xe8\x82\x16\xb5~\xf4\xa0\
U\x84\x22\x9e\x8fU\xf1\xea\xc5\x89l\xa1`J\x22\x10\
\x8d\xca\xdc\x9dK]\x81\xff\x15\xfe>\xd2,F+\x03\
\xb1\x04 \xc2\xdd\x8d\x8c\xfd&d\x974\x02?\x8c<\
\xc0\xc9\xe0\x01\xef\x93^\x19\x10&\xe0\xb0 \xf1\xa1c\
y\xad\xc2\xc3\xd6B'5\x0b\xc9\xf6\x7f\xedF\xd3\xc4\
\x86\x09\xa5\xdeg\xad(\xa6\xf8\xa4b\xd2\xb0\x14\x02\xcf\
\x1c\x04\xc8\x09\x7f\xfdf\xa3\xd2v\xbd\xd6l\xc9\xec\x9c\
\x191K\x10\x0e\x12\x87(\x18\xa4\xe2\xd0\xa7\xe0\xe7\xe0\
\xff\x0d<\xb9\x81d\xbe]\x12\x81.~\xc7\xdd3\x93\
\x81n0M\x18\x185z\xc9\x9a\x82}\xf1\x81\xf8^\
NWTh\x17J\x02 Y\x1d\xa8\xf1,7\xc1\xf2\
\x13\xf9aD\x14b\x80\x1dJ\x18\xa2\xd2\xd2k\x0a\x81\
g\x0b\x02\xc4Q\x18\xd7U\x97p\xa0'\x0f\xf4\xe5\xc1\
\xbe\xe4\x10\xba\x8eD\x80K\x84\xd4\x130\xf1^r\x07\
\x09\x1c\x00\x10\x8c\x89\xa31\xb8\x9bK\xff\x85Y\xf7\xb2\
\xef\x0f\x88\xee\x99>1B\x141,\x06\xa3\xbf?[\
\xd2\xed\xe7\xa7r\xb6\xa9\x91\xf5\x0f\x09\x00\x1a\x22V\xdb\
\x8e\xf2\xa3\xb9\x96\xb2\xdc\xb4\x15\x18\x10\x96\x8a\x10\xeb\xa9\
\xd3\xbb\x14\x02)\x04$\x04\x80\xafW\x17\xda\x85\xfbU\
+\xb849Q3\x02Q\x04\x1fM\xe4\xa7\xbb\x02\xcf\
U\x84\xff\x09\x9er\x80v4G\xc0\xfd\xee\xb9pl\
^\xc7|\xde\x0d\xf3\x14#\x1a\xbaP\xb0\x95\xd7x~\
\xcc\xccGR\x7f\x900\xbf\xe1\x04\xcd\xb9\xa6\xdf\xf9\xd9\
\x5c;C\x05\xe7T\x99o\xf7\xbeU\x9a\xd3\xb3\x07\x01\
\xca\x04\xea\xf8\xf9\xd6\x07Uc\xa5\xedJn\xb9\xdbJ\
j\x07\x92\x0b\xf8u\xf8\xe7\xf9.\x96\x03`\xe0\xb6\x87\
\xef0\xf2\x86_\xc9\xa2\xa3\x22\xe4\x22z\x0bx\x1bb\
l|\xe0T\x05g\x09p\x0a\xa0\x98\x06\x08\x16\x9eI\
4x\xee\xfajW\xda\xcf\x86Q7\x80\xefS\x97B\
 \x85@\x0c\x04\x80s\xc4\x9b\xe5\xb6\xa7b\x91LN\
\x04\xa0DC.\x80\xfc<\x89\xc09\xf8\xab\xf0\xf1\x04\
\x80\x88+\xa7\x00\x8c\x15\xe3$\x87\xcf\x9fX\x87\xb0\xc4\
\xf00!\x19}\xec\xdf\x17\xb3\x90\xfa\x973@q5\
\xe4X\x98\x14\xbb\x0a\x95w\xe6[\xc6R\xcb\x09w\x15\
n#\xbf\xd8\xea\xa4\x01)\x04\x8e\x08\x04\xb0\x09O\x81\
\xf5\xed,T\xf2\x1b\xb0\xd6\xe5kAP\x86\xe4\x9f\xad\
\xa7\x82\xd0\x17\xe0y\xea\xd0\xd7\x138\x00\x22v\x12r\
#X\xba\xf88\xdb\xce\x01\x83\xbd\xaa\xa9\xde\x89\x91L\
m4\xaf\xd3\x02\x0a\xd5\x18\x03J0 \xd4po\xaf\
\xd9F\xad\xe3\xcb\x93\x15\xc32\xd3\xdf\x14\x02)\x04\x86\
B\x00\xf8\x8e\xd3\xbdq\xde\xa6#^\x9e)\x06X\x22\
$\x05 \xce\x93\x038\x05?\x13K\x00\xe2\xd1\x1a\xc9\
\xfa\x5c\x84\xe4\x89\xf1\x13\x03C\xbe\x84\x0c?,\xf8\xd8\
Pi\x8c\xea\x04\x02 <\x10\x00\xbbe\xf9\x06t\xfe\
\x15n\x04H]\x0a\x81\x14\x02\xdb\x87\xc0r\xcbU9\
m\xc6z\x008k\x89?\xfc\xa1e!\xea\xd7\x8cD\
\xc8\xb6%\xc7mM\x01\x90\x8a\x02\xbfX'\xd9\xf5\x84\
\xf0nB\x12&2\xfd\xd8T\xe4\xc1\xd8\x87L\x00\xe4\
\xc7Q\xe1>O\x12\xaa\xa1\xee9\xb0/\xe0b\x86\xe7\
\x15[\x974 \x85\xc0\x11\x84\xc0\x5c\xc3\xcd\xe3\x082\
i$\x80\xd8\xd37\x84r_M<\x07\xd0\x83U\x12\
\xce1,!|\xf3j@/\xcf\xbe\x9bnrn&\
\xd2s\xba:\xd1\xdd\xd5$\xe5\x0f8.<X\x96\xe7\
\x83\xfb ^\x09\x05\xf5\xe5\x97\xde\xa6\x10H!\xb0\x0e\
\x81\x0e\x0e#lqt\xdd\x8a><g\xe0\x95\xc1\x1c\
\x80\x8c\xcc\x9f\xad\xa9\xd6\xb3\xde\xbd;\xca&\xa4\xc7\x1a\
eD\xa1X2\xcd\x88\xe3\x84\xf2\x90%xJu\xd9\
\xbdV\xa59\xa5\x10\xd8\x7f\x08\xd0 \x17\x0d\xf4\xc2\xd3\
H\x17Dm\xa1$\x105\xa3\xac-a\x0a\x00\x84\xe3\
n\xbe$E\x81\x90<$\x10\x09\xb2\xec\xdba\xdba\
1|3~\xe3$U\xbde\xfb:\x0e\x15\xc9\xb1\xe6\
\xf2\x94\x84^\xdd\xf7\x1f\xb0i\x0dR\x08\x1c\x16\x08x\
^\xe0\xe1\xa0\xdf\x07\xaa\xaaU\xf2\xaa\xc2\xdd\x82=7\
\x98\x03@p$\x03\xa0Q\xb28\x17\xe2\xf7 \x02\x00\
\x84\x05FGy\xc4\xa5_\x7f\xbf\x95P0oR/\
\x1c)\xd8\xa3\x0d\x89\xf2\x86\xf5\xcc\xd2\xbb\x14\x02)\x04\
\xba\x10 v&\xe1M,\x01\x90C\xb2\x1c\xbd\x93(\
\xc0\x93\xc3\x99\x15\x8cu(\x9f\x0aE\xdb\xe2\x22b3\
I\x03R\x08\xa4\x10\x88\x83@<\x01\x08I\x07\xd2%\
\xa0\xa8\x8c\x13\x8e\xf6a\xbc\x04b\x11W\x83a\xef\xa3\
2d5\xf6 \xffa\xe5\xa7\xe1)\x04\x0e;\x04\xe4\
@>\xb8\x111\x04@b\x1dR\x90y\x88G\xba(\
\xd6\x96\xac\x19@\xba@\xe2\x91Px7\x86\x1c\xe5\xb7\
\xb2)Q\xeea\x08\x9fB\x22#o\xd2\x9f\x14\x02)\
\x04\xb6\x0d\x81\x10{\x06E\x1fH\x00\xd6\xa3\xaf\xdf\x0d\
J<\xec]\x8f{\x8f\xa7!\x89Y\xb0\xf4\xad\x84!\
1I\x1a\x98B \x85\xc0&\x08$a\xf1@\x02\xc0\
\xf4\xdb\x11\xe0\x85\x19\x83G\xc0\xcdF\x1c\x0fQ7\x1c\
\xb1\x93\x8a\x8fj\x1a\xc5\x8f\x9e7]\x87\x04o\x8a\x9d\
>\xa6\x10H!\xd0\x0f\x81\x04\x14\x8c%\x00=\xe4M\
\x5c\x06@)\x09\x99K\x0e\xa0\xbf\x22\x09\xf7q\xd9\x84\
\xef\xa3\xd0\x8dd&!\xbb4(\x85@\x0a\x01@\x80\
\x98\x13a\xcf \x80\xc4\x13\x00\xa4\x0a\x13\xc6'O\x0e\
\x87\x10@\xce\xff{\x19\x0d*?,\xa37W\x18\x14\
%\x9c\x04\x0c\xd3I\x18\x942}\x97B\xe0\xa8C \
\xc2\xde8\xad\x9eX\x02\x10\xcd\xbd\xc3]\xf9\x83\xc1\xb8\
nxtp\xb8$\x00\x92\x08\xc4\x84G\xafc\x09\x00\
\xaaO%\xa0\x88\x8eE\xad\x89\xd2\xa5\xd7\x14\x02)\x04\
\x86C \x01\x07c\x09\x00\x91W\xca\x01\x12\xb4\xefB\
\x22\xf1dX\xc9\xd4\xc3r`9\xe1_:\x05\x18\xfe\
\xb5\xd3\x18)\x04\xb6\x0f\x81x\x02\xc0<\x12(\x87,\
\x22\x1a\x9c\x07\x95\x07\xac\x96H\xcb<\x86\xe0m\x84\xde\
1\xd9\xf4\xbd\x1eF*\xfa\xa2\xa6\xb7)\x04R\x08\xc8\
\xc1\x95\xf8\x15\xe7b\x09@\xb4\x0a\x10\x9f\x94\xf4\x01\x13\
\x84\x01\x11\xf8\x8a\xb2\xc3\x1eb\x0f\x88\x13UH\x06u\
\xb9\x8d\xe8]\xef*3bf\xf0$6C\x08I/\
]z\x93B \x85\xc0\xb6 \x10O\x00\xba\xc9I\x08\
\xe2\x1cCx\xda`\x84\xa7\x1b\xe2E\xc9x}R\xc4\
e\x1d\xf8\xff\xa4\xf9l\xa8`\xfa\x90B \x85@,\
\x01\x90C;\x11/A\x06\xd0C\xfd\x01{\xf5\x89\xf7\
t\xbc>\x11\xde\xf6\x13\xa0\xfe{\x99{\xfa\x93B \
\x85@\x12\x04\x88\x7fI\x83x<\x01\xe8\xe5\x1a\xa1r\
\xefE\xdf\x8d\xcc\xbe\xefy\xfdV\x22=\x10\x16'\x9c\
K\x22\xb0\x1e\xb2\xf1\x8e9\xf0\xe0\x8fx\xdc\x8e\xca\xe0\
\xf5\x89H\xc9\xc6\x82\xd3\xa7\x14\x02G\x06\x02\xc4\x9d\xc1\
n\x08\x01\x88O\x18f\x17\x1f.C\xf0\xc3\xeb\x00\x06\
acm\x88\xfd\x91\xdf\x18\xd2}b.\x8c\x93\x12\x80\
\x81\xe0I_\xa6\x10H\x82\x00\xd1'\xc6\xc5\x12\x80u\
\x01^<\xd2E\x82\xc2\x98\xbc\xf1\xba\x8b\xb8\xf1\x11\xba\
!\xf15\x94\xf5 \xee3\xcaPJ2\xb4\xa04B\
\x0a\x81#\x08\x81x\xfc\x8a'\x00\xc08\xee\xc5\x0f\x0d\
\x89\x0e\x86\x19W\x01B\xfe~0\x91\xe8\x11\x91\xc1\xc9\
\xe5\xdb\xa8j\xc3'\x0aQ\xcc\x84\xcc\xd2\xa0\x14\x02)\
\x04\x06@ \x1ewb\x09\x80\xcc%>]X\xc8\xb0\
\xf0\x01U\xd9\xee+f\x1d\x11\x05\xc9il7a\x1a\
/\x85@\x0a\x81mC \x81\x00\x84(\x98\x9cSR\
\x1c\x84\xc9y=\x17\xf0\x93]\xc8ID\xe8\xbe1\xae\
\xcc\x02\xafX\x12\x05\x8a\xa9K!\x90B`\xfb\x10\x90\
\x18*\x91\x88\xf8\xb85],\x01\x08\xe7\xf7\xeb\xa3\xf0\
\xd6\xa4\xc4o m\x84\xa1\xfd\x11d\xa9\xa1\x92P@\
\x83\x9f\x83g\x082\x85\xac\x93\x8c?\xd8\xf4H\xaf\xee\
\xa0#\xa9\x0c\xb0\x1f\xc8\xe9}\x0a\x81\xe1\x10\xe8\xa2V\
l\xc4X\x02\x10\xa6\x90\xe8\x19\x9bx I\xe9\xc5\x8e\
\xd2F\xd7^@\xef&\x0a\x09\xc7\xfe\xc1\x1c@/\xf2\
 \xf2\xb5\x1e\x98\xde\xa5\x10H!\xb0\x03\x08\xc4\x13\x80\
\xee\xd0;x\x5c\x0eK\x22\xca&\xa1\xed\xf0\xf0\x889\
H\xce%$4$\x17\x09\xac\xc4\x0e\x1a\x9f&I!\
p\xd4!\x90L\x008\xeaF\xc3\xf4 H\xf5V\x01\
\x06\x05\xe2]@\xbe=)\x83n:F\xd9\x1cO\xbe\
c8\x88C\x8f\x18u\xe3\xa7\x97\x14\x02)\x04\xb6\x05\
\x81\x10\xb5\xe2q0\x9e\x00l+\xfb\xe4H=\x0e \
a\xf2.\xab\xd6C\xf6M\xf9E\xf5\x8e\xae\x9b\x82\xd3\
\xc7\x14\x02)\x04\x9e\x0c\x02\xb1\x04\xa0\x87\xbc\x09\xf9\x87\
q\x12\xa4\xfc=\xec\x8e\xcf\x84Q|y\x06Q\x12\x96\
3,)<>\xff4$\x85@\x0a\x81x\xdc\x89'\
\x00HC\xce[I\xd2\xbe\xeb\xb2\xe6\xf1\x00\x8e/x\
k\x9a\xc1q%\x91\xe9\xd6%%\x02[\xa1\x96\xbeI\
!0\x14\x02\xc0\xd3\xc1\xd8%D\x0c\x01\x08\xa3\xcbe\
\xbe\x84\xdc\xe5\xdc<!|=(\xae\xf8(F\x14\x1e\
]\xf9\x9e\xf7\xf0$2\xd1=_\x1ff\xc7\xe6\xa0\xfe\
8\xa0Q\xe8\xf0\xbc\xd2I:\x8a\xab\x8bc\xd0<~\
,DJ\xdc\x84)S\xa5?)\x04\xb6\x07\x81x\xf4\
\x8f%\x00\xc8X\xf6Jv\xd7\x04\xc9{/\xce\xe0\x8a\
H\x02\xc28\x09N\x86&\xc5\x09# \x07\xdc$\xc8\
\x12\x12\x8a8PA\x84f\x16g\xa1\x97s\x86(e\
t\x80\x19g\xb7c;\xa4\x83\x99T\xad\xe3\x88\xb6\xed\
\x09\x9b\xc2S\xce\xac\x12@\x7f\xa0\x1a\x95V\xe6`C\
 \x01\x05c8\x00\xe2?G\xa2$\xda\xc16wG\
\xb0M\xcd\x0f-\x90\xd2\x8eo\x98\xc7\xa6\xe0\x0d\x8f\xac\
\x9b\xf4\xb1D@\xe6\x22\xf3:l\xf8\xa0k\x8a\x98(\
\x98^1\xab{\x17\xc6K\xedJ\xd6P\x81\xf4F\xc6\
P@\x03T\xc9\x05\x10\x18l?m\x9fz@|\x17\
'\xb9:n\xe0\xcc5\xda\x9dj\xc7Un-7\x0a\
\x8buKw\x11\x89\x84\xe2\xb0\xc1\x80\xedK\xdd\xfeA\
@\xf6-\xd9\xc3\x06\xd7!\x96\x00\x0c\x8e\xfe\x18o\x89\
\xd0\x91\xdf!?\xcb\xca\xd3\xd3\xc9\xac\xc2\xdb\x83\xfb\xdb\
\xc5N\xb2\xf6\xc0}Q\xca\x9a\xfeD!\x13TrF\
pz,\xe7\x8d\xe72\x18\xf9u?b\xfd\x075\x04\
\xed\x0c\x5c\xdf\x0f2\x19\xd5]i\xdaZ\xa3\xe3\x04 \
\x08A\xc7\xf5E\xd3q\x05\x8eM\x97\x86\x9aSB0\
\x00z\x00\x0a\xe1\x923\xb5@A\x9f\xb3\x1dOqA\
4\xd9w\x8e\xaa\xeb5\xbdw\xb3\x11\x12\xb1\x04\x80\xe3\
.\xd1/&\x9d\xcc\x85\xa1\xc91\x18-)\x07\x99M\
b\x9c\x1e'B\xcc8\x04\xbd^E\xc7;1\x92s\
\x80\xf8\xde/]\x9e\xb2F\xf2F\x01\xef2h$\xfd\
P\x87\xe4\xba\xa1\xa9\xfa\xd9\xd1|\x0e^|\xf8X9\
X\xedx\xad\x85z[\xfc\xc3\xdd5\xf1\xf6\xa3\xb5<\
\x89@\x12\x11\x19Z\xc83\x18\x81H\xce\xeea\xea\x9a\
\xf8\xb5+\xb36\xe0\x1e|\xfb\x83E\xf3\xf6JSm\
s~uD\xdd0,\x8e%\x00=x%\x91O\x86\
\x0d\x0a\x0fKE\x10\x90\x96\xf7\xc3\x5c\x92I Y\x06\
2\x90\xf9l'\xb3a\x85\xed~8\xab\x981t?\
g\xa8\xc1K\xc7\xcb\xce\x0bS%m4g\xe8\x18\xf9\
!\xebS\xb4')QQU\xa5\x9cU\xb29\xa3@\
N\xc2\x9b)\x9a\x9d\x85\x86\xad\xbc\xf3\xa8\x96u<O\
\xc2w\x87\x0c\xd6\x93T\xeb\xc0\xa5\x05\x83$\xb2\xba\x1a\
|\xee\xfcD\x13\xdc\x96Y25\xf5\x0b\x97&\x9b_\
\xbb\x16d\xe6\xea\x96\xba\xd6\xb6!p\x01\x918\x04\x83\
\xc8\xae\x03\x972%\x89@[\xf1g0\x01\x90\xf1\xf0\
\xb35\xfe\xc6\xba1\xbc\xdf\xf7\x85\xf6\xbfN\xda\xc5\xd7\
\x1f\xaf/y\xefv8\x87\xd1\x8b\xfa\xd4oXw:\
\x0a\xf3\x0b@~\xb2\xf7\xc7\xcb\xd9`\xb6\x9c\x95\x02>\
\x04\xf4\xc1\x97d\xc2Cs(\xe7\xb7ThI\x82K\
\xe5\x87\x89z$\xafXsU\x0c\xc4\xa3\x87\xa4P\x86\
)\x0a\xa8\x88\xa6\xabZ\x90\xd5\xb3~u\xd4\xf1\x0dM\
Q\xef\xach\xa2n\xf9\x9c\x12\xb0\x0aG\xd8\x85=\xc4\
PU?kh\xc1\xf1\x91\x8c\x0f\xe4Wp\xaf\x1e+\
\xe7\xfc\x91\x9c\xe17!X\xadv\xec\xa1\xdd\xf9(\x02\
\xb1\xaf\x83nl~(\x00D\x07M \x99R\xd8\xc7\
~\x1d\x07\xdanXR\x17\x0dS\x93S\x18\x1c+B\
\x0f\xd6np\x8c\x8d\xf5~\x9aO\xac2\x04}\x01\x84\
{\xeeg/Lv\x8eU\xb2\x98\xeb\x17\xca[\xd9s\
\xb4.\xb0-\x11\xcc\xb5|\xf7\x96\x15\xd8WKA\xb0\
\x8a)A\xc3\xe0Vh\xceWE\x00|\xd7&lE\
9\xd3V\xf5\x8b\x1d\xd58[\x10\x8a\x89\xef\xa3\xe5\xba\
mB4\xc5\xbc8Y0\x8fU2\xc1d)o}\
\xeb\xfa\xbc9W\xb3\x14\xca\x06\x12>\xd3\xd3\x04\xc9S\
/\x8bbQ\xac\x9e\x8a\x17g\x8b-\x10^\xff\xd4X\
1\x971@/\xc1ze\xb1\xd8\xf2\xa1\x93c\xed\xd9\
\x91\x8e\xdbz\xcf\xd5j\x8e\xab\xda.\x09\xefS\xaf\xe6\
\xbe\x15\x18\xe2W|\xf1[\x09@7\x85$\x00\x94:\
'\x00\x8b\xc0\x8f\xc1\xdbn\x89\xc3\x8a\x8f\xafX\x14\xc2\
\x1cd!\xb2\xa0\x84\xcaD\x09\x9e\xd2\x95\xd5\xc9\x9a\xba\
?\x86\xb9\xe6+\xc7\xcb\xfe\xa5\xa9bn$o\xf6$\
\xfb!\xb9\xf2\x1c\xcfy\xcf\x11\xc1|\xe0w\xbe\x06D\
\xaej\x81_/\xf8~\xcb\xc0\xaa?@K\xa3\xeaR\
\xa6'\xaf\x8a\xab\x1b\xbe\xf2}\xcd\xb3syU\x9bT\
\x14u:P\x8dOw\x14\xfdU\x1d\xb8\xcf\x93\xd84\
8Q\xcc\xa8\xca\xb91\xcdl\x9f\x1d\xf7n-\xb7\xc4\
\x9b\xb7\x96${\xfb\x94\x9a~`\x8a\x89\x08\xf0DI\
w^:6j\x1c\x1f\xc9\x89\x82\x09\xe4_Gq\xe5\
\xe4h.3\x92\xd7\xc5\x83\x95\xa6\xf6\xa0\xda\x16\xf3u\
\x0bK\xae\xec\xb9G\xc8%\xa0\xe1V\x02\xd0\x07\x97\x84\
t2\x96D\xce\xbe\xf8[n\x87F\xe8\xa6\x90\xc8\x8d\
\xc8[\xe2\xf3E\xbf\xdfR\xc2S\x7f\x11V1\xec>\
Y]\x11\xe5\x8c&fK9Q\x84\xf4)\xd3\x1b\xfa\
\x81\xd8\x01\xe7\xe75,\xf2\xdf\x83v\xcf\xdd\xc0\xf3\xae\
\xaaJ\xd0R\x83\xc0A\x9d\xc3\xf4\x9b\x9b\x8bgL\x0d\
\xe0\xe1\xfc`\xd9S\xb4\x15_\xd1\x8e\x07\x81wB(\
jY\xa8Z\x01Q@\x170\xe7\xc8\x83\xcd\x9d*e\
\x82\xa6\xe5\x0a\xac.\x06\x1c\xd9h\xc2\xed\xa8t\xec\x08\
v\x06\xa6F\xe3y\xd3\x1f\x03\xe6\x973r\xe0\xdf\x00\
\x02\xc8\x054\x11\xe8b\xb2hJ=\x8b\xe5\x06\x08\x00\
c\xc8>GH\x1f\x0d\xc7E\xf9A.\x96\x00pf\
\x15\xfe\x0dJ\x16\xbdc\xa6\x833f\x0c\x99^\x0a \
6|\x93(\xb1\xbc\x869tK\xda\x1c\x0d\x81\x92\x13\
\xc1\xc7\xe2_BQ\x1b\xf2\xdc\xeb\x07\x8e\xd9\x98\x87\x8b\
S\xa39\xf5\xdcDQ\x5c\x99-k=\xdcG\xe1\x81\
_\xf3\x03oY\xb8\xd6\xbf\x13\xbe\xf3V^\x04k\x92\
U\x92m\xd8V\xe5\x10\xd3\xafk\xc2oh\xae\xf3\xbf\
\x1bZ\xe6gv\xa0]\xf4\x95\xec\xef9\x8ab\x14\xe5\
\xbc\x0c\xfc\x03\xe5\x0d9]\xf5,\xd7k}\xf7\xc6b\
q\xad\xe5\x80A\xd8\x0c\xc4m\x15x\xb8\x22u\xbb\x9c\
\xd4\xb3\x00b\xff\xc2\xa5Yq\xbc\x92\xd1 \x84\x95\xc4\
ssc \x0f\x10o\x9c\x1f\x17\xf9\x8c\x1e4 4\
y\xb0\xdaRI,\x8f\x8cC[\x07\x02\x06\x00\x88%\
\x00\x12\xd9\x08\xa3\xa4\xbd\x00\xbdH1\xa0\xdc\x06\x90Y\
\x04\xa3\xc9\xa8\x03\xbeI\xf8J\xc6beb\x0azz\
\xafII5 _\xc1\xd4\xbd\xb3\xe3\x05\xf7\xccx\x81\
*\xbd\xdd%>6\xa4\xe9\x07\xeeO@\x00\xee\x07\x81\
\xfb\xae&\xbc\xba*\x94\x90\xd5\xdf~\xfd\xd9\xce\xa8\xcd\
\x10\x1d\xb87A\x0c:\x8a\xa7L\x07z\xe6\x0dKp\
v+T\x13TGC\xa7V(t\x9c,e\xa8K\
\x14\xd4-\x07|\xc9\xd0s\x9b\x9f\x1e\xc0\xf6\xa0$\x8a\
N\xa9\x14un\xb2h\x9f\x1b\xcb\x07S%S\x01C\
D'K\xf3|\x08E\x00\x0bU%\x89Pd\xdf7\
\xb0<\x88)\x82\xfb\xd2l\xd9\xad\xb6\xecL\x8b:\x02\
\x9e/{\xf7\xfe\xf7\xaa=\x00R7\xcb\xa8\x17\x11f\
\x83\xdc@\x02\xc0Da\x07d\x97J\x02\x0f\xb3\x0dc\
\xcb$\x9b~$b3J\x22\x11a\xa2\xa8\x9a\x9b2\
\xe8>2\x94\xd9\x90?\xdew\x87Faq/\x18\x81\
\x86\xdf\xb9\x89\x92\x8d9&\x01\x04\x02@Xa\xba\xef\
\xcfy\x81\xfd}\xdf\xf7nb\x16p\xd7\x08iV\x1c\
\xfdMnM\xd8Z\xcc\x22\xbcG\x9a\xe2\xd7\xc9\xf9\x07\
\x9e~\xdeQ\xd4\x09t\xeeQf\xad\x99\xaa\xaa\xcd\x94\
\xb3\xeal9\x87\xf5\x00\xc5\x87\xb4\x1b]}\xc8gK\
.v`h\xd8\x0bX\x01\xa8)\xf9\x9e\xf0\xec\xb6\x12\
\xf8\xb0\xf7&)\xf7\xc0$\xeb/\x81\x98\xaanx\xaa\
n*\xaaN\xfa\x84Y:Bw\xfa5\x99\x16\x1c\x98\
\x7fq\xb2\xe4\x5c\x9c*b\xf5\xc5\xc8\x84\xf5c\x9e\x81\
\xdf\xb0W=\xc7w\x82\xa2QQ2z\x1et\x01\x90\
\x03\x1d \x8c2\x9a\xe2\xbc\xb7P\xd5\x17\xeb\x81V\xf5\
<\x99l\xa7\xf5Xo\xe0\xc1\xbd\x8b\xfaP\x5c\x0d\x07\
\x12\x80\x10*L\x0ap&@'\xeep\xd0\xf5\xc2\xc2\
<\xd6\x9f\xe3\xee\x12\xe2E:\x02\xdb\x22$q\xf9\xef\
\xce{\xc2\x22\x07\xc1\xdfx\xc1\xf4_\x9a\xad\xf8\x95,\
z\x17\xe9\x12\x5c\xe0\xb7\xdd\xc0\xaf\xfa^\xe7+m\xcf\
y\xab(\x82%\xe0!!\xb93\xe4\xdfXc\xe2Y\
S\xf1\xec\x9f\x98B\xfc\x89\xa6h\x97\x84\xab\xff\xae0\
 J\xe4T\x04\x0b\x03\xe2\xf2T\xd1\x83\x9aqpm\
n\x0d\xb2\x02\xf4\xf7D\xc2\xbd1\xf7m=\xc9\xa6\xa8\
\xa2\xbd\xf0h\xa5\xb5\xf8@Y\xf8\xd9w\xb2Vm%\
\x17\xb8\x8e\x0a\xa1Dl\x16\x10~\x08\x0d\xb2\xcd\xf2\xf9\
\x17\x96\xcb\xa7\x9e7\xcb\xa7.e\xf4\x5c)'\xa7C\
I\x9d+&G\x0a\xf0\xb8\xea\xf2\xd2\xb1J\xe3\xb9\xe9\
b\x16\x9c\x0f(J\xc8\xc9\x12\xf9\xdbN\xa3\xf6\xb7\x0f\
\xfe$W\xb5\x17\xb5\x8f\xcc\xfc\xa3\xe6\xe9\xe2K\xb9\xbc\
^\xa2\x5c\x90\x0aV\x99\xd1|\xd6|\xfd\xfcT\xf3\xed\
\x07k\xc6\xbbs5\xa3e\xb9\x1a{_\x97y\x88)\
\xf5\x90\xbfN\x80\xf3@\x02 \xd1\x11\x898\xffN\x86\
\x8c\x8c\x19\x0b\x9dp\xfe\x1e\x1b\xbc\x1e\xc0l\xe2\x1c\xeb\
!\xff\x80d\xbb\xdd\xa9\xe3\xca\x1c\xf8\x9e\xb5\x90\xca&\
~9k\xf8g\xc6\x8b\x0e\x96\x9b\x80\x82\xc05Y\xff\
:\xd4O\x17!\xb0\xfbIF\x01\xb2\x86\xef\x885\xbb\
\xe5X\x088\x8c\xe0\x1e\x00ab\xd1\xf0\x03\xb0\xb9'\
\xc0\xf8f%j\x96\xa1\xff\x0aY@0\x967\xbd\xa6\
\xedj\xe1\xbe\x81\xdd,\x1fD\x05\x7f\x18\xf5\x83\xc0w\
\x85ou\xe0[\xe4\x08\x00\x81x\x02 \xc0- ~\
\xe0\xdb\x16\xd3\x05\x120!p\xd0\x96\xc7\x81M\x08\xff\
rVw'\x8aFp\x11|\x7f%o\xea\x19]\xef\
\x12`!l\xdfR\xae\xad|/\xb3\xdcy\xa85\xed\
5\xf5\xfa\xf2\xf7\xb2%\x1d\x9cR\xee\xb8\x9f\xd5 D\
\x05\x15\xc0tM\x99\xad\xe42P\xb3VW[\xb6z\
w\xa5%\xa7\x13\xcf\xb4L \x01\xce\x03\x09@\xef\xb3\
\xc8\x84\xf1\xa9i\xf17\xfe#F\xe9\xe4\xd0\xdd\xcbr\
\xf3\x0dcm\x10\xf4\xf5E\x90a2\xbc\xfb\xb3\x9b\xfd\
\xb9\xaf\x9c\xed\xde\xb2\x9eYS\x09\xcaY\xcd?=\x9a\
\xf7\xc0\x93\xcbFJB\xe9\xaf\x81W\x7f\x84\xf9\xfa{\
Y`\x04\xb2d\xbf\xdc\xed\x0a\x03\xde\xde\x02\xf250\
\xca\xbf\x0b\xcc\x1a\xd5 \x0f@1\x8a\x82\x81Ps<\
SL\x153\xee\xbd5Ou0\xbf\xdduy \xda\
\x1fn\xf4\x8a\xbe\xedv!\xb7\x1e\x8f\xbdANQ\xe4\
\xab\xc7\xcb\x87p&\x81\x9b)\xe7\x14\xe8[d \x87\
\xe1\x9a\x9f\xcc\xc9\x03Qj\xdb\x0d\xe5\xfa\xda\x9b\x99\xaa\
\xb5\xa8Z^K\xdc\xae\xff,s\xaa\xfc\x82\xad\xa9f\
0\x95\x83Z\x05\xf4\xb2(\xac\x05\xe3`\xae\x96-\xb1\
\xda\xc8\x8a\x87\xb5\x8e\xc0\xee+\xd9\x07w\xfbk\xad\xb7\
z\xff\xeeB\x1c\x8a\x87s\x02\x01\x88\x12E\xd7A\x8d\
\x08\xb3\x07\x0a\x0f\x08\x048\xa3\xd7\xf1T\xa2\x9b\x0e\x11\
\xb7\xc4abv\x17^#\xdf\x8d\xbeO\x17v\x1e,\
+\x1b#9\x13\xf2f)\xf8C#1\xaa\x89\xba\xe7\
9?p\x85{\x03\x15\xf5 \x0f Xw\xbb;\x85\
\xf9\x05\xfe\xaa\x86\xa1\x14\xf4\xe5\x07\x8a+^RTm\
\x5cN\x05*9\x13\x93\x7f\xd5\x03g\xd2\x99\xafw*\
-\xdb\xed\xca\x1fv\x13X\xd1w\xe05\x22\xec\xdbm\
g\x7f\xda\xfe\xfb\xe1\xf5c\xd7\x00\x8d\x13&\xa4\xf9\x9f\
\xbf8-\xa6\xca9\xee\xb2\x04\xf7\xb3\xcey\xfc|\xf5\
\xdbb\xb1uW,\xb4\xee\xa8n\x009)\xaae\xb9\
-\xf1\xd3\xc5o\x04wjW\x83\xcf\x1e\xff'~\xc1\
\x1cS2\x1agmB\x5c\x9c,\x8a\x13\x10\x9e.4\
;\xfe\x5c\xad\xa3\xac\xb5\xec\xed6dx\x85\x0f\x5c\x8c\
\x08\xde[+\x16K\x00\x08t\xb2E]\x02\xbb5%\
\xde\x84LY\x88\x9e[#\x84\xa1Q\x9c\xad\xe1}o\
X\x18}\x8c\x8bB\xe4H\x1b\x13g\xaf_\xb3C\x01\
\xc1\x82\xd1\x9c\xe9\x95\xb2\x06;\x0b\x072T\xdb\x03W\
\xdbP}\x08\xfc\x02\xff\x16!\x86\xb7{\xd5\x97\x98/\
a\xe5\x00\xack\xae*\x96mU\x19\xc7\xcbR\x16\xdf\
I70\x1b\x07q\xf2q/\x97\xb9\x12@\xca\xaa?\
\x96\xe37\xa0\x106\xfa\x16\x8f\x95\x98\x919}\x93\x9e\
\xf7a\xea\xed~Ol\x86\xa4\x9eEpy\xaal\xcf\
\x8c\xe4\x94\x0a\xd80NG\xe8\x1c\xdf\x0e\xea\xf6\x92\xb3\
\xd0\xbe\xa3-u\xee)\x8e\x0f5k\x10\xa70T\x15\
u{Y\x83\x22\x86\xff\xb0q\xd3\x9a*\xb8\xfaX\xf6\
8\xb8\x06h\x0f@n\x9155\xf1\xca\xf1\xb1\x8e\xa9\
\xad\xe9\x1d\xc7\xd3\xdb\xb6\xab\xb2jaZ\x99\xfd\xb3\xf1\
\x83\x01\x83_n\xd0\xd7\x8b%\x00\xe1W\x028\x12\xe6\
\xdd\x04V\xf7[\x0e\x06\x14{`b\x84n)\xc3\xa2\
\xc9|\x10\x89X\xb8\x0f\x8e\xc5\xb3d\xa8\xe3A\xedW\
w+\xd8\xd0\x8fGI\x00\xa8\xcd\xe7CB/\xdc\x07\
j\x80)@\xf8z\x0f\xeb\x89Q\x8f\x13/\xc5\xaby\
\x9a\xb9h)\xca\x04:|\x89\x82\x00\xe0\xbf\xc0Z7\
6\x0a\x80\x10\xb0\xce\xbb\xee\xf8\x9d\x22\xff\x98\x99\xb3:\
Dx\xe9\x87u\x8aMycu#\xe0\xb2\xeb\xab'\
\xc6:\x93\x85\x0c\xe4\xb0\xbd\xc9\x0d\xb6N[\x1eF}\
k\xa9u7\xb3b=R\xbd\x00BI\xf9\xb5\xf0\x8b\
\xfe\xd2rk\xba\x13X\xfe\xfd\xfa\xd56\x14*\xb0O\
`\xc2\xd4U\xc8\x0d\x10\xa6\xebz\xf0\xf2\xf1Q\x1b\x88\
\x1f\xccU;\xaa\x05\x02 \xb7V\xec\xe1\xe7\xdb\xd4\xb4\
=\x7f\x94pO(e \x01\xd8\xf8\xb1\x12RG\xbd\
aS\x14\xa6\x0f\x99\xf7\xc1T\xa7?zX\xc1A\xb4\
)\x8c\x15\xe5\xc0x\xb2\xf7\xf5'~J\xf7\xb2l \
?\xa6\x00\x0e\x96\x9c\xea\xa5\x9c\x5ci\xe3\xda?\x16\xf8\
=O\x15U\xcb\x13ky!\xa0\xbc\xb3\xbd]\xbf;\
\xaf9\xc4\x7f\x98\x87\xab\x9e_\xcd)\xdem\x8c\xfcE\
\xa1h\xa7%q\xa44\x1e\xd4\xc0$\x9c|R}\xee\
/\xd8-\x07 @\x82\x87\x1fdH\xff\x98.\xfc\x8e\
\xdd_\x12\x02f\xc2\xfe\x93\xe0d0\x90\xf1\xc3\xc7F\
\x1b\xc70\xf2_\x98,B\xe9Q\x85Nt\xe8l\xaf\
\xd3\x5cl\xdd\x0f~\xb4\xf0\x95\xccb\xeb\x8e\x81y?\
p>\x0a\x0d\xe3p?\x16\xe4\x03\xea;\xab\x7f[\x82\
5\x05;\xab\x97;'J\x17!\x1f\x91\xc2C\x15\x84\
\xa5|q\xba\xec\xe0\xdbv\xbe\xfd\xc1\x5cv\xad\xcd\xfd\
\x02\x1ei\xe93\xe3\x928\xad\x81\x04\x80-\x8f>\x8d\
\xfcP;\x01E\x94\x01\x97\xf1v\x0aM\xe6\xc1^ \
\xf3\x92?;\xa9\xc9\xae\xa4\xc1\x90\x11@\xe6\x17`\xd9\
\xcdCg\xe9\xb6\x88\x93q\x17\x22\xee\xb6\x85+\xa4q\
\x01\x08\xc0N\x1b\xbb\xb1\x9a,\x818\xdc\xe9\x04\xde\x9d\
{\x8a\xd7h\xfa\xca\xe2\xb2\xc0B:\xc6C\xcc\xfeU\
\xa5\xa5h\xe6uL\x83!\x89W\x1b\x929\xe2\xe85\
\xdfp\xc5\xda\x83\x15a\xb5l\xd1p:\xa8\xf5\xc6|\
w\xfc\x84\x0a\x91\xc0X+\x0by\xab\xbe\xa2\xf8\x8e\xa5\
C\x161\xbc\xb1l\x88\xef\xabvm\xb9\xd0|pC\
\xf3\xad\xb6\xae\x19\xb9\x90\xb1$\xf8\x12\x5cT\xf5\x87\xab\
cf+o(\xde\xdd\x82\x14\xfa\xb1P\x8e\xf2-w\
\xcdX\xb5\xe6\xc5\x07k7\xb4\x96S\x87*47E\
\x0d\xae\x92\xeb;j#\x7fU\x7fXr\x94\xa9\xec5\
\xb5\x90-(y\x08\x06_~\xf9e\xb5\x84\xcdC\xe7\
'\xcb\xe2\x83\xc5\x9a\x1a\xf8-e\x05K\x97\x84%8\
\xad\x84\xda=\x1bA1\x04\x80\x0d\xef\xfa\xedL\x01b\
\xe1\x14\x1b\xb0\x15z\x89\xa3AT\x9f\xc1\x1fwkf\
{\xf3\x86}\x8b\xb8\xbf\x8e\xff\xa0\xad>\xf6\xa2\x05\x96\
M\x89\x09;_b3\x1e\xa3Z\x94o\x81v\x06\xcd\
\x8ep~\xfe\x9eg\xcd\xcd\x0b\xed\xdd\xf7\x02luA\
\xc7\x84f\xa1\xa6v\xb0\x12p\x039\xce\xa3\xb3\xde\x92\
\x04\x80?\xbe\x96\xc16a\x17\x020W\xd4\xaa\xd5\xc7\
(q\x1bQ\xd1~\xd7j\x15\x02\xc7\x11^\xa7\x1dv\
\x11\x02%\xc9\xa1!\xf8z\x8a]])zX:l\
-=D\xbd\xb9z\xba\x0d\x07`\x82\xdc\x89\xdb\x0b#\
\x19l\xef\x17\x1f\x80\xaf\xa4\x12R\x88\xfe\x8ah\xfa\xab\
\x19\x1b\xd2\xfe\x96]\x07\xb1d\xdc\xa4\xfe\x16\x88y\xfd\
\x86~M\xbf\xaf\x17\xd5\x9f\x89JqTL\x8cO\x89\
\xb3g\xcf\x8a\x91\x91\x11\xadX\xcei'F\xf2\x82{\
+\xaa\x96#|\x1a\x188\x02.\x86\x00\xe0\xa3\xf6p\
.\x01\xa8\xec\xed\x1c\xe1c\x5c8\xe7# \xe3;\x89\
,\x86C\xdd\xa6\x8f'\xdf#e\x98\x07Y\xdad\x81\
dL\x15v\xe5\xb5\xac\x1d\x86\x9c\x0c\x14\xed\xa7`\xe7\
\x0b\xbb\xfe\xe4\xfc\x7fW2\x8f\xc9DB\x0c\xa0\xf3\x5c\
\xc5[X\x0a\xec{\x0f\x85\xfe\xde\x07\x01\xe6\xad\x80\xa6\
\x0c\xf4p%\x82\xd7\x00\xa3\xb9\xf5\x5c\x80p\xfc$!\
\xdc\x80,\xf1\x9fg=\xcdv\xeed\x99$p2s\
\x5c\xf9]\xb7\x9f\xb9oCo\xc0\xc1F\x9cF\x15\xbd\
\x81\x99m3-\xa2\xde^~(\xdb,\xdb\xcd\xf2\xbb\
.Z\x92\x0c\xeb\x12\xbd\x1d|e2rNX\x1b\x00\
\x11\xa9\x8a\x91\xca\x88h6\xda\xa2\xddn\x8bR\xa9$\
\xf2\x10+|\xf6\xfc\x84\xc8\xe9J\xd0\xc6~\x81\xb9Z\
K\xa59\xb1\xc3\xee\xd8\x82\xcd\xb8\xd5\xdf\xa6\x18\x02\xd0\
mx\x1f\xb0\xfb\x13\xf5\xee\x87\x85\xafG\xec\xddm\xbe\
I\x06qTu\xc4J\x8e\xb89\xdb\xdd}f\xf1\xe1\
\x88,\xd0)0\xe8?\x9d\xda\xb0\xc9\xc43\x17x\xec\
\x80\xc7\xb0\xc9g\xe0y}\xd0\xe5hx8\x5cD8\
\xd0\x82\xc7\x06\x1eL\xa5\xeeb#\x03L\xda\xb0b\x8b\
\xb5\x7f\xd7\xa5b\x15\xfaX\xb7\x1f\xc3\x80\x93\x18+d\
}\xc8\x1b\xbc\xd5f\x07\xb6\x1a@\x80\xa9\xee\xfc,8\
\xd9\x99\xb66$\x86\x00\x10\xdf\xf8\xa1H\xe5\xe3\xdb\xbf\
\x1egs\xc6aiD_\xde\x85?\x9b\xe3l~\x96\
17\xbc\x94\xb9\xe0'\xfaH[cl\x88\xbew\x0f\
\xac\x03\x90\xbe\xe38\xc1B\xc3rTU\x0dJ0\xeb\
M'\xd9~\xfc\xc8\xeb\xde\xd5 \xcdy\x97! e\
):\xfb7\xa7n2sX[\xd0\xc5\xe5\x99\x11\x07\
\x04\xa0\xb3\xd2\xe8\xe4\x97\x9a\x1dm\xb5\xe1A\xd9j\x97\
\x0b\x7f\x8a\xd9\x858\x14\x8f9\xf1\x04\x00\xe4O\xb2\xdd\
\x09\x95\x0dYMF\xd8T\x80,\x95\xaf\xbb7\xc3\x00\
\xc8a\xaeK\x85\xb7\x16\x17e6\xa0\x9c\xad\x91\xf7\xf0\
M\x7f=\xc2b|\x98\xeb\x80Z.\xd6\xdd\xc6\xb1\xec\
\xa6\xe9d\x0d\x0esg\xd9C\xe0\x1d\xa8\xac\xb1\x99B\
\xca\x0d\xe6\xab\xaeX\xb1\xe6\xebE\xa7`\x16\xb0\xbfS\
\x85d\x85f\x1d\xca\xd9\x8c\xf9\xa9\x0b\xd3\xad\xfb0(\
\xfa\xf77\xe73m\x07\xfb\x05\xf0\xf9\x87u\xe3\x03\xd5\
\xc8\x0d\x95a\xdf\x1d\xecb\x09\xc0\x16\xa4\x1e\x9c>\xf6\
m\x1f\xf3>4\xab\xad\xa85(\xdb\xf8F\x0c\x8a\xbd\
\xdb\xef\xd0\x1e\x05j\xf0j\xc7vM(\x8dD2\x00\
\xf4\x09.\xcc\xd3t\x176\xa4)\xd8\xab#\x89\xe1\xe1\
\xed*\xbb\x0d\xb7\x83\x9a\x1f\xe5\x06\xd0\x19\x10\x8b\xcd\xbb\
\xea\x983\x22\xc6\x821\x1f\xc75P\x87\x00\xfb\x05T\
\x05\xfa\x06\xaa\xed\xb8\x0a\x94\xbe\x84\xcdU\x01\xb9\xd9\xfa\
\xa0\xb6fX\xbd\xe2q'\x9e\x00\xf4\xb02>\xb1\x1c\
\xb5cGn\x0e\xeaH\x9b\x10\xcej\xcbbz?\x83\
\x1a\xd2\xcd\x03\xf9P\x22\xbc\x1f\x8eM\x00\xf2+\xd8l\
c.\xd4ZcR\xe3f\x0a\x9bK\xb8\xcc\x1e\xc0(\
\xa0\x07[`\xea\x04\xeeW\x11q\x0d/\x19\xb0?u\
\xdd\x0f\xf8\x1c\xc62\xa9\x1f\x80\xf5\x1c\xf1\xc3\xc5\xbf*\
j\x95\x8e[\x19\x19q\xc7\xcccXk\x90\x8aT\xe2\
\xecD9_\xc8\x18\xe2\xe6RC4qbS\x07\xec\
.5\x12\x0f\x9bc\x95\xa5\xbc6\xa6\xe2\xb1\x04@\xce\
\xbb)\x07HX\x06\xa4@'D\xe1\xc1\xb9\x87\x85\xa3\
\x06\x09\xb8\x10\x824\xe2\x17\xb6\xe6\xb3>\xffgK\xb6\
\x86?\xad7\x9c\x0eul_<\xaa\xb6`{\x9e\x08\
\xdeu\x8a\x09\x0b!\xb3\x8ef~\xbc\xa38\xe38\xd6\
\xe7\xcb\x15L\x0b\x10\x98\xd0\xe8(mz\xddW\x08\xb0\
;\xd9~[\xdc\xa8\xfeT8\x0f\xeb\xc1'f\xfeC\
\xbfbN\xc0\xd2\x8a\xb4\xf1 \xc6\x0b\x19\xf1k/\x1e\
\x0bj\x1dK,4:b\xb1\xda>\x9c\x1f5\x81p\
\xc5\x12\x00\xf9e\x86!\x5cb8\x03#?\xe4;K\
J\xc1\xe8\x9b2\xecO\xbe)hH\x8e\xbb\x1e\x1cU\
\xa5\x83cz0\x05\x08\xb0\xdd\xd6\x85>\x80A\xe1\x1f\
\xb4p\xa1\x903\x89\x8d9u\xec,\x8bf\x07Lq\
8\xfb\xcb\xae\x03\xef\x80f\xc8\xaf\xc3\x01\xcer\x1b\x0a\
\x14\x8a\xd4\x9a\xbd\x04\x83!y\xd8X\x80\xd5Uh{\
@\xe1\x0b\x06XMq\xac\x92w\xb1\x00\xaa\xac\xd6:\
\xfa\xb3\xb04\xd8\xff9\xe2\x09\x80DJ\xce|\xfb\xa3\
o\xbc\x8fF\xe7\x8do\xfb\x9f\x1e\x07k\x13\xe2v\xeb\
\xb2\xdf\xf8\xc4j\xd4:\xae\x0d\x93RN\xa3c5\x8a\
\xd9\xcc\x18\x18F\xecL\xc9\x18\x81v\x96\xe69\xd0\xa3\
\x0a\x00\x00\xd6\xebz\xc4/\x01\x80\xfd\xa0J\xef\xf7\x05\
\x02T\x9eny5m\xa1\xddT?X\xfbA\x152\
\x00#\x0bCk\x86F\x93\xaf\xdc\x81h\x88/^9\
\xd9\xbc\xbdPS\x1f\xac\xb4\x0a\xd5\x96\xa5I\xf5\x80\xc3\
\xf2Y\x89V\x9b\x07\xd6>H\xf7\xf1\xb2}o\x99f\
[\x7fQ7\x1f\x0c\x8d\x88@\x0c\xbb\x86z\xeb\x83\x09\
\x80\xac\xbf\xac\x0f\xeb\xd7\xff\xb4?\xf7u\xcb6\xe7\xeb\
\xad\xfc[\xb7\x17\xc7j\x1d\xbb\xa7\xd2\x86M9\xb0\xe2\
{\xce\xd1r\xbf\xd6\x80\x05_,\x07\x90\x08\xa4\xee0\
@\x80D\x00\x9c\x80\xf2\xde\xca\x9b\xc5\x1bk?\xd4\x96\
\xdb\xf7\xdb~hW\x90\x8a\x16J\xde\xd0\x8a\xd8\x85\x98\
\xfb\xcc\x85\x99N\x09\xf6\x08\x0c]\x07\x0d\x08\xff\x0eB\
\x9fL\xaa\xc3z=\x07\x7f\x89x\x0e`p\xfc\xc7z\
\x1b\xa1h\x9c>:\xc3\x93\x1dcP\xce\xc0&\xf2o\
\xff\x9d\x03\xd5<\x18\x92Q\x1e\xae5\x8d\xe7-\xc7/\
AP\x84m\xc2\xa1a\x0eTO\xd5_\x821\xd0k\
\xd8#L\xf9\x097\x07\xb1\xde\x83\x09\xe4\xfe\xb7&\xad\
A\x08\x01\x8e\xf5P-v\xd6\xf4\xa5\xf6=\xffQ\xf3\
\x03\xa5\x9c\x99\xf4\xb1\xdb\x0b\xfb\x06M,\x0e\xaaz!\
c\xfa\xe7 \xf8}\xfb\xe12\xd6\x09\x1ca\xb7h\xde\
\x1d_7at\x0d\xf3\xde\xdf\xdfu\x9c\x09\xf1hs\
m\xe2\x09\x00S\xca\xd4\xebYlN,Y\x8b$\x00\
 ,\x09q\x99\xb3D\x0d\xdc\xc4\x02\x92\xf9G~\x9f\
\x11\x89uu\x1cO\xd4\x02;\xb8\xb1Xs_>\xd9\
i\x17s\xa6R\xd1\xcc\x12\x16\x8f`\xa0\x22\xa7\x05\xc6\
G\x11k\xadC\xe3 N\xfb\xdf\x97C\xd4O\x09\xc0\
\x96\xbes\x00_hX\xc6\x05\xf2\x9b\xab\xd6\x9c9\x96\
;n\x8df\xa6\xfd\xb29-5/a}L\xbd<\
3Z8?\xb9\x22\x05\xc1u\xec\xff\xa2\xd9\xb5\xa4\xee\
\x7f \x9aH$\xa3\x8fq\xb1\x04\x80\xeb\xa40v\x01\
\x94\x8b\x9d%\xc8p\xa9\x87-'E\xfd%\xb0D*\
\xf7\xe0\xb2\x1d\x08I\x04\xefO\xcf\xfb\xb0\xe6\x92\x80 \
\x5cN#6G\xd9\x87g\xa22\xcdI/7;\xfa\
\xf7n\xce\xe5V\xa0O\xfe\x85K\xc7`\x06\x80\xc2?\
n3\xe7Q\x14\xafe\x02\xe5\xa2\x0f\xc3]\x0d\xd7\xfe\
NN\xc0\x8aO\xb8\x16\xb3\xf7\x84\xc0\xc3\x9a\xf5\xf4\xf4\
\xb4\x8d\x0d.\xde\xe7>\xf7\xb9\xfa\xd8\xd8X`\x18\xd0\
j\xdd\xcewH\x80'\x85\x9d\xd0\x80\x14\xef\xbf\xff\xbe\
177\xa7\xff\xf4\xa7?\xcdW\xabU\x1d\xe5I-\
\xc8\xb8\xa40!\xcc\xe3\x8c\x82s\xe7\xce\xb5\xcf\x9f?\
o_\xbcx\xd1\xaeT*\xf2|\xae'\xad\x13\xeb\xe3\
8\x8eR\xab\xd5\xc47\xbf\xf9\xcd\xf2\xc2\xc2\x82\xbe\xbc\
\xbc,\xa7e\xa1p6\xaeV\x83\xdf3\x8d\x87\x1d\x85\
m\xb7\x01KB_\x0d&sg\xc5\x87\xa6\xbe\xe8g\
\xb1}\x88\x1c\x02\xddg/N\x07\xf7V\x9bX\x15h\
\xc3\xa4XG\xc1\x81,\x833; o%j\x11\x7f\
b\xea3\x98\x00tcG(\x18\x93\x16\x99\x0e\xeb\xd0\
Q\x0e\xf1\xf1\xc2\x18a\x09\xddb7\x167\xf0\xe5\xc6\
(O\xfb\x89\x1d\x17{\xc6\x95\xa5z[\xc3\x89\xbd\xa2\
\x81\xcd\x80\xb9l\x86\xac\x22\xaaBKU\x13\xe8/y\
\xcc\x02\x9e\xf3\x15\x15;xH\xbe\xbc&\x80\xc0)%\
}\xbc[\x87\x14\x96\x12\x15\x18\xac\x85\x11\x0b\x15[~\
\x15\x8d\xfa\xf0\x1d\xf8\xf5\x18\x9bsa\xbd\x88p\x99L\
&\x00\x01\xf0\xaf\x5c\xb9b\xcf\xce\xce\x0a\xd34\xe5\xfb\
\xcd\xf1\x1f\xe7\x99\xc8F\xdfEhq\xf5\xea\xd5\x1e\x12\
'!\x1b\xeb\xc4pl\xb8qN\x9c8\xe1\xbe\xf0\xc2\
\x0b\xee\xe4\xe4\xe4\xae`\x0d\xebcc\x83\xc4\xca\xca\x8a\
\xff\xa3\x1f\xfd\xc8]]]\x85FfX\xde\xe3\xb4\xad\
?.Q\x85\xf6\x05\x97:\x0fa3 #:n\xd3\
\xc7\xb2 T\x83\xa8\x11\xac\xc0\x14YV`\x15HL\
\xe04\xa2F\xdb\x86\x1dF\x0e\x94\x07\xb0\x93\xf67*\
\xe1~0\x01@\x029\xf2\xf2w\x07mc\x12~\xe1\
p/\x01K\x8f\xcf\x84!!}\x8a\x8f\x03\x10w\xff\
\x98\xd7\xc1p\xac\xed\x83\xb5\xa6\x8a\x838\xa0)\xe6\xfb\
\xbft\xe5\xa4\x98\xc1\x11a\xd8\xeb\x0a6\xc0\xc0\xba`\
\x05\x97_\xc6\xa9\xe1\xafX\x81\xb7\xe8z\xd6\xbfU`\
6\x0c\xea\xc2\x0b\xe0\x06( \x1c\x84\xc8\xcc\x15D\x04\
\xac\xa8f\xbc`\x05\xd0/\xc8U>\xde(\x96\xbf\x97\
\xcd\x17\xeec\x18\xff\x1e\xc2\xf9\xc9\x06\xa5\xc5k8v\
F\x10\x00\x1f\x08\xe7c\xd4\xcd\x8c\x8e\x8e\x8e\x00Qz\
\xc2\xca0\xd6\xce\x7f\xcf\x9e=\xbb\x88Q7@\x19\xa4\
Hd-\xe2+\xd3\xad\x0f\x08\x80\x8fzt\x8e\x1f?\
n\x9e<yr\x14\x1c@.\x89h<N\xed@\x90\
\xec\x89\x89\x89%\xe4\xa9\x90\xd0=)\x01\x90\x1c/Z\
\x04\x03#P\x01n\xb8\xa3\x99c\xf5W\xa7>_\xc8\
h\xb4E\x80]\xa0\x9a\xae\xcc\x8c\x96\xdc?\xf8\xd4s\
\xb5\x7f\xf3\xbd\xeb\x85[K5\xbd\x0eB W\x83\x1f\
\xa7\xe2O)\xee:~\x0d.0\x96\x00H\x9cEj\
i\x05fpZ\x09\xecX\xea\xc7\xb4\xe8\x8c\xdc\xa7\x9d\
\xd0_\x11\x07\x993\x9e,p@A\x8c \xe30\x8c\
7\x07\xc3\xb1\xd7{\xd0\xfd\xaf\xb7;\xe2\xda\xa3\xd5\xa0\
\x9c1\xdcc#\x85\xe0\xe3g\xa7M\x0cy\xc4\xe2\xae\
\xa6\xe0\xb8\xc1s\xfd\x84\xfa/`-\xa4\x86\x13A\xab\
M\xdf\xbe\x8b\xcd\xf4\x0d\xcc\x9eZ\xc8EN\xb10\xb8\
\xf0:\x02C5\xe3:\xf6\x16`\x09j<\xaf\xf8\xe0\
\x9d[\x8akY\x9acu\x8e\xd6\xa9\xb6\xfb\xfd\x95\xa9\
)\xd8\xf1\xea\xda\xcf\x96\xbe^\x9a,\x9c\xea\x8ceg\
\xd4\x89\xec\x09Z\x81\xc2\x81L8\xa51k\x96?z\
f\xd2\xe6\xf1\xe3o\xddZ\xccX8\x1faHW\xdf\
\xc7&\xc5\xe3M,\x01\x90\x08\x19\x9f.lLb8\
\x02e8\x7f\x12\x06\x09\x06G~\x13\x88B\xa2\xc0\xdf\
\xae<aS\xf8~?\x926Q=\xb4\x06\xeb;\x0f\
k-X\xa2T\x82\x06\x84C9\x8c\xc0\xdd3\xfa\xb8\
O\x00\x98\x0dMa\xbd\x80F\xd8hL\xdbW\xcd\x0a\
\xf6\xa2\xd60v6\xd0\x04\xc0\x86\xfb\xd18}PF\
\x03E\x9f\x061\x98\x80\x8e\x11\xf6\x16\xe08\xeb X\
\xd6!r\xb0)o\xda\xef\xf6\x1e\xa5\xf2\xc9\xee\xe3|\
7\x05\x06G\xf55k.0\x14\xc3\x1f\xcd\xcc@\xf1\
[N\x05`PL\xd5q \xb4\x8do\x1f\xf0\xecA\
\x17\xe7#\xc8\xc1\xee\xa0\x02)\xa6\xf7\xc4\x12\x80\x10+\
\xc9\xc8'!/\x11sS\xce|\xa4\xef\x9e\x19\x10\x06\
o\x8a\xd3\x07$\x19\x15\x09\x06q\x12\xb2d\x99\x1f{\
?\xfe\x0e \x9fE\x08Y\x9e\xab]\xbd\xbf\x9c\xbb5\
_\xa5\xde\xb8\xfd\xf9\xcb\xc7\xad\xe9J\x816\x04\xcb}\
\xac.\x90\xd9\x80\xd90x\xf5J\x054\x01\x90\xdd\x08\
\x97\x90\xfd$' [\xce\x9f\x8d\x11\xfa\xe0\x96\xde\xee\
=\x04H\x04hS\xed\x1f\xe6\xfe\xa28]8\x87\x03\
a&\x9d\x11sZ\xee\x17`W<\x83\xfd\x02\xd0\x18\
\x12\xf7Vj\xe2\xbd\xf95Q\xc7\x9e\x01\xb9ih\xef\
\xab\xb6\xfd\x12\xd0\x83$n\x91=ao\xa2\x97\xdd+\
\xcc\x22\x96\x00H\xf6}3ro*\xb6\x8b\x96\x9b\xde\
\xe2\x91X\xc1\xb42\xfd0\x22\xc2\xf8Q\xdc\x8dY\xc9\
,Pcl\xc49\xd8\xd4\x15\xd5\xb6\xb1b\xe2B\x02\
\xff\x83\xdbs\xc6\x1c\xf6\x0b\x8c\xc3\xb0\xc4'/\xce4\
\xce\x8c\x97M\x8c\x10\x1c\xdeaT8\x82<O\xb3\xda\
\x8eSh\x80D\xb5!\x02\x84!p\xa9S\xb0\x9dT\
i\x9c\xdd\x84\x80\x22\xda\xb07\xb8\xd8\xbc\xa3\xfc\xc3\xa3\
\xbf\x08>5\xf3[~\xce(\xe30\xd2\x9c4->\
U\xca\x8b_{\xe9L\xe0\xb87\xc5\x9d\x95\x86X\xae\
\xb7\xb6\xf9mw\xb3\x8e\xf1y\x85hH\xac\x1f\xecb\
\x09\xc0\xe0\xe8\xdb\x7f\xcb\x22#\xdf='+!q\x14\
skE%\x0d\xe9\xcb+!\x93}\x0d\x22\xc1\xa4!\
\xc9Z\xdbV\xee\xc3:p\xb5m)\xa7pz-\x8f\
\xa4\x86\x15\xb1\xc0T\xf5\x00\xd6\xac\x03\xb0\x8e\x98\xcc\xd3\
\xac\xa0$\x07\x1b:\x0b\xf2`6\xe0$\x83\x00[P\
a\xa6\xda\x09V\xdb\xd8\x89fc\xc6\x00\xe9>S\xf4\
h\xc8\xbe\xb6\xf6\xa8\x14\x1e~\x1e\xb9\x11\xcck\x0b\x9c\
=\xa04\xdc*Ve\x0c\x15\xaa\xc2\x18H\xa1*\x0c\
\xda\x8e\x93\x8a\xc4D1\xe7C3T\xac4Z\xd2v\
\xc0\xd6\x9e\xbc?0\x1bV\x8fX\x02\xc0\x9e\xb8]\x83\
 R~5\xb0}\xe4\x11H\x086\xf4\xf3\x0d1\xa3\
\x0aF\xd7\x0d\x81\xbd\x870\x97\xe48\xbd\xc8\xfbzC\
\x04m@j\xd7\xb0-\xed\xff\xfa\xfe{F1\x97\x11\
y\xd3\x08\xae\xcc\x8e[\xc7G\x0b\xcd\x93\xe3\xc5\xd6X\
6\x9b\xc9f\x0cX\xa4V\xb9q\x80N\x22=F\xfb\
\x06t\xcd\xad\xe5f\xdb\xc1!\x9f\xb9\xc5j]\xfb\xf9\
\x07w\xf4\xbb\xb7\x1ey\xad\xe5\x1a\xf7\xa9#j<,\
eN\xe9\xcf\xaeC\x80F`q\xfe\x80\xfa\xa8q#\
{m\xe5\xcd\xeaT\xee\x8czy\xec\xe3y\xae\x0a\xe0\
\x08\x06\x88\x05u\xe5\x8b/\x9cnb\xab\xb8\xff\xbf|\
\xebg\xa5\x86mk\xe4Z\x0f\xc2\x97\x1a\x8691\x04\
 B\x5cr\xf1Ih\x17f\x1f\x07q\x99\x8bL\x1f\
\x9fG\x98\x03;\xf6\xe08aM\xa2\x12\x06\xc7\x89B\
\x0f\xca5j\xb2\x8d\x9b:F\x85\x8e\xed(\xd7\x17\x84\
\xfeh\xad\x9e\xbb\xf6\xc8\xd0q4\x1d\xcd[\x9b\xb0>\
#\xab\x8ch\x92\x1d\xc0\x9a\xb2\xb4>\xd3\xc4\xf0\x8f\x91\
\xc4lA\xa0\x88U\x06\x8f\xab\x0dT\xca:\x08\xaeX\
,j333\xfe+\xaf\xbc\xd2\xc2\xba>\x96\xe1m\
X\x0b\xe7\xf7\x1b\xech\x7f\x0f\xcbs\xc1\xe5\xcb\x97]\
((\x19\xb8?\x08x1\xb8\xb2\x09oYi~\xa4\
{\x8d\xab\x99\xb6\xd7\x0c\x8e\x15/Z\xe5\xcc\x84\x89\xcf\
\xc8\xc6\xab\xb0\x1d\x90\x19/\xe5\xfc\x17f\xc7\x9cw\xe7\
\x97)\x0f\xc0!#\x14\x84%d\xfa4\x82$\x82\xc5\
W\x22\x86\x00\xa0f\xb2\x17\x0f\x99\xbf\xcb\xc9\xbe\x9c\xf0\
3A_sd\xa9a\x1e\xd4(L\xe2[e\xb2n\
\xfc\xbe\x1c\xc2[\xbeG\xfeQ]\x92\x97\x9c\xb7\xa4\xde\
\xef\x17\xec4\xd2\x00%\xaew\x16\xab\x84u<\xbc\xc3\
\xa1\x9d\xcbL\xf4X\x15D\xdf\x01\xea\x83\xf5o\xc9\xe6\
\xf3\xe5\x01p\xd0/\xd0\x81\xf8\xce\x1bo\xbc\xd1i4\
\x1a\x165\x0f%\xf5\x8a\xa9\x1b\x15\x87H \xb0\xfe\xaf\
@+\x11\x1a\x12\xdcA}\x18i\x00E\xb4\x9ax\xd4\
x?\x8b3\x07\xdd\xf9\xca+\x8d\x8c\x9e\x07\x07\x80u\
\x01\xac\x0c\x18\xba\x9a\x81\xf5\xa0\xe0\xc3g\xa6\x1aK\xad\
\xb6\xe6A\xf1\x0b\x1b\xc7\xba\x04@v\xf2\x18\x08\xed\xef\
\xeb\x01\x1d\xb2\x8b\x8c\xecu\x14\xce%}\xab\x18\xe1]\
\xafI\xcccX\xef\x95\xc5%\xc4Cz91\xe6\xb5\
\x97\xf1\x11\xb8\x91 \x89T\xa06\x92\xd7\xfdl=\x08\
@\x09\x5c\x80\x806\x9f\xfc.\xdb\xad\x0b\x89\x001?\
\x89[\xd8n^\xfb\x19OU\xa0\xf9\x89MCo>\
\xf8w\x15\xe3d\xc6>V\xb8\xe0\x16\x8c\x11r\x010\
\x0c\xa7)/\x9f\x9c,\xdd[\xad\x09\xec \x14\xefb\
\xe3\x10U\x85\xf7\xb3\xe7\x86\xe8\x15\x8f9\x03\x08@\x04\
^\x99\x14=/\x9e\x02tcD\x09\x06^\x87\xe1\xff\
\xc0D}/\xc3\xf4aI\x07cV\xd5W\xb9=\xbc\
\xedA\x9d\x00\xd8\x0e\xa0\xf7\xb0.\xfdY\x13\x89\xe1\xe4\
\xa8\xde\xff\xfe\xa8\xdcS\xc7\x0b\xd6\x04E\xddYU\xee\
\xd6\xae\xe24\x22_\x9c\xaf\xbc\x0a5p\x1e\xc6\x8c\xf3\
\x06!\x14|~\x16\x16\x06\xf3\x19q\x1f{\x06V\x9b\
me_\x8d\x88\x0c\xe9;\x03\x09\x00\xd3D\x9d.I\
\x130\x8a\x13\xf7\xf1\xd7\xe5\x072\xc7\x81\xd1d\xff\xc6\
\x8f\xa4\x921\xd1d\x1c\xcc\x04h\xca\xf9\xa88j\xd8\
F\xb8\x7fT\xda|\x18\xdaI\xc2\xcc\x0dp\x1d\xbf)\
\xee7\xdeE\xbf\xf5\xc5\xf1\xe2\xc5 \xa7\x94x\xde\xa0\
l\xc2\xa5\xe9\xd1`\xba\x98\x13o\xdex\x04\x19N\x1b\
'\x16c\xe8B\xd7e\xef\xed\x11\xf6\xa7\xd5X\x892\
\xf1<H\xac\xf4\xa6\x8b\x92\x121\xc3\xfb\x01\xbfD\x5c\
\xf6\xd2\x187 EB~1\x99H\xb0Ee\xf0z\
\xd4|\x1c\x5c\xd2\xf7\xfb\x05\x01\x8e\xf4D\xf6\xb9\xd6\x0d\
\xf3F\xf5\x87\xea\xfb\xabo\xd5\x9a\xee\x9a\xe5\x06<\xc2\
\x05\x0e\x13\x9db>'\xfe\xe3O\xbfX=71b\
\x97\x0d\x1c@\x00\x0a\x10\x0a\x04\xf6\xbb\xffn\x84\xda@\
\x0e\x80QXM\xce^\x92\x06]\xa9\xa2+cn\xcc\
4|\x8a\x1aJ!\xde\xe3\xd3=Y>~\x22\xfa\x12\
\x12\x93A\xe5<{\xef\xe4(C\xb8J\x16 \x19\xca\
\xcf^\xeb\x0fQ\x8b\xf0\x89:nC\xfd\xa0\xfa\x83\xcc\
hv\xc6\x158\xaf\xb9l\x8caG\x18e\x1d\x8a2\
\x92\xcff.\xcc\x8c\xfa\xa6\xa19W\x1f-\x99\x0ev\
\x90ri\xfd\xa9:\x16\x872\xe5e@\xc1\xb1\x04 \
\xea|h\xcb\x80d\xe1\xab\xb8Leh\x14\xc8k|\
\x16\xa8\x1c\xc2\xa5\xe7O\x9f\xeb\xbd#\x97\x01R$\x91\
!)\xa3\xbe\xb4\x87\xfcVBB\xb6?\x04\x8d\xe4\x1f\
\xe3\xcc*\x1d\xf2\xb6\x1e\xe6\xeas\x8b\xb0\xedw\xd4;\
\xb5wr\xa7\xca/\xd6\xc0\x15\xf8%}Tn\x18\xa2\
\xa0\x04\x88\x9f\xbf<;\xd6\xc4)R\xfe\xed\x85U\xa3\
\x89\xa9\x00\xb7\x91\x87\x04\xfe\xe9\xb4\xbc\xdb\x8db\x0b\x8b\
'\x00\x5c~\xa3O\x1c\xbd\x077E\x8e\xd6\xe8\xb0\xfc\
\x1b\xc6E\x10\xf9{\x08\xbe\xa1\x9a\x12\x0dB\xda \xdf\
\x93\x10l\x88\xf0\xcc>H2'\x1b+\x81\xd3%\x90\
\xcfls\x0fw\xc3\xf0\x9d8\xaa\xbf\xbd\xf8\x8d\xe2\xbd\
\xec\xcf\x83\x91\xcc\x94\x937F\xb0`(m\xc7+\x17\
\xa6F\xf3T\x17~\x7fnU\xb9\xb7\x5c\x835\xa1&\
\xb4\xbe\x88\x15O\xc7\xb1\x1b%M\xd3\x13\x08\x00*8\
\xac\x96I\xe1\xa4\x1f\xcc@\xd2\x90\xa4\x88I\x80\x88\xd2\
m\xbe&\xa59\xfcal-\xe7\x8b\xf2\x0f\x0fP2\
>\xfc\x8dz\x86[@\x82]\xb7WT7p\x82\x0f\
\xd6~\x1c\x9c\xab\xbc\x22\xb04\x08\x12`\xe2\x0c\x09\x0d\
\xa7\x0b\x99\xe2c\xe7\x8eYT\x1a\x80\x8a\xb8\xd6\xb4\xac\
\xae~\xc0\xd3\x02\x8a\xecD\x12\x177\x97\x18K\x00B\
\xca\x81\xce\x97\xc4z\xb2\xa7\xd2\x87?\x9b\xf3N\xa4<\
2r\xb7^\xa4P!\x95\x92\x99m\xcc\xa7W\x11\x86\
\xc9\xb1qc\xf8\xb3\xfa\xc4\xe6\x0e\x00\xc7\xb3\xda\xdc\xc3\
\xdb.\xf4I\xfc\xdb\x1e\x8e?\x87\xb6\xe6\x07ko)\
\x93\xb9\xe3\x81\xa1f\xb1\xef\xc3\x90\x81\xb0\x0a\x13|\xe4\
\xf4\xb4Uku\x8c\xdb\x0bU\xa5\xdd\xb14\xee\x1b9\
\x08.\x81\x00\xa0\x86D\xcc$\xa4\x93\xc8)\x87\xfa\x81\
m\x09q7\xb9\xa52\x94?\xf2f+\x82GA\xe1\
UF\x1aX\xd6\xb3\xf7\xb2\xcb\x01\xa4T\xe0P|Z\
\x18\x85\xc5f0_\xb9S\x7f;3\x99?\xdd\x9c\xc5\
\xa6\xa13\xa5W\x8b\xa6\x86\xf3\x06\xa98\xa1(\xa5\x17\
ONu\xb03\xb4\xf1\xa7\xffp\xb5\xd8\x80\xaa0\x85\
\x82[{\xfc\xee6w\x18\xde\xc4\x12\x80\xb0\x1a\xc3\x10\
nX8\x89\x03\xe3\xc44\xb3\x1b\x14vu\xc6\x1c\x94\
_\xf7\x1d\xa9\xc9\x91q\x80W\x7f{\x01FB0\x06\
\x8aG\x06*\x07\xb9\xa1\xfc6\xec\xbf\xae\xef*+\xd6\
\x03l\x15\xd6\xc5\xb1\xc2e\xd7\xd0\xa0\xfbL;\x91\xa0\
\x00\xc5\x8c\xa1L\x8f\x14\x15\xec\x1c\xc4\xd6\x0e?\xa8\xba\
\xf2\xc0!\x99r/\xdb\x16b\xce`\xfc\x89\xd7\x03@\
\x07\x8cX\xf3a\xd7\xe4\xca\xa3\xe0\x90\x15\xd8z%\xc2\
\xf7:\xfa\xe0\x0an(\xbb\x0b*\xc6|\xe6}?\xfc\
\xbb\xedM\x86\xf3\xd1\x0d\xe5\x00{\x10\x1ckA\xfd\x80\
\x9b\xab?\xce\xbf\xbd\xf4\xcd\xfc\x5c\xf3}\xec\xebjC\
\x0f\x08R?8\xec\x0a\xcd\x1e\x1f)\x95>}\xf1\xa4\
{nz\xcc\xc3n0\xd9\xe9\xf7\xb2/\xf7\x10%\x06\
@\xb1\x1c\x00\x11o\x98\x04\x9f\xe1\x83F\xed^\x83\xd8\
\x89Y\x83\xb8\xef\x83 \x197Z\xe6\x1bTI\x12\x88\
\x9e\x1f\x14\xe1\x19~\xc7v\xfb\xbe\x06\x89\x91\x89\x95\x12\
\x98\x08\x8e\x07e?\x14\x80\x10$\xec\x1a6\x22!]\
\xe22N\x7f\xb2Cy\xcf\xf6aG\xe2\x81:\x8d\x95\
\xab\x02-\xbb\xa1~\xf7\xd1\xff]yC\xcd\xb8\xd3\xb9\
\xb3N\xde,c\x1b$\x0f\x91\xd3\x95O]<\x99A\
\xc7W\xea\xad\x8e\xb8\xbdX\xa5\xd1\x179\xd8\xee\xc9\x07\
\x08\x11,6\xebX\x02\x10\xa2fl\xba\xa1\x01,\x97\
\xd8\xcd>\x9c$\xf2dx\xe8z7\xd1\x8b\x908\xe0\
\x89q\x18\xba5F/\xea\xe1\xbb!S\x88Z{V\
[x\xed\xa6\xf0:M<\x03o\xbb\xc4\x92\xa3\x1a\xd8\
D\xc5k74\xafU\xd7\x85cq.\x99\xd8N\x86\
s\xb3M\xa7\xd3Q\xd6\xd6\xd6\xd4w\xdeyG\x83y\
p\x1cY\x12n;\x8e\x12s\x07_>\x9f\x17\x85B\
\x81\xbb\xf4\xd0-\x93\xf3\x8d\xd2\xed\xc7\x95\x03\x11\xec\xfd\
\xb3M\x02\xe7\x10H\xb3\xe4|\x17\xd5\x19DNm\xb7\
\xdb\x06\xce\x03\xd0A\x08\x86\xc2\x88m\x90i\xb1S\xd7\
\x85\x89\xc6\xea=l\xd7^S\x85\x9e\x05\xec\xbb\xfd\x8c\
qX\x86\x06#\xc3\xc5I\xc3\xd638\xff\x11d\x98\
I\x93;\xe1:\x1c9|6\xecU\xb5\xda\x99\x0b2\
j>\xc8\xe89\xc9\x1d\x906\xe7@\x04\xa6\xca\x05\xff\
\xf4\xf8H\xf0p\xb5\xa6\xf9\x0e\xea\xc2N\xbe\x0f.\x81\
\x00D\xb5y\x92\x8a\x81G@\xc3\x12s \xd0\x938\
\x00T#\xe4#\x181\xaa\xd3\xb3peg\x09\x84\xb5\
\xb2 \x1a\xef\xffT4n\xbc#T\x83\x86\x02\xd7;\
\x11\x22\xf0\x81\xa3\x1b=\x9ebgl2\x98?\xba\xae\
\x8b\x07\x0f\x1e\x98\xf0\xe2\xc7?\xfeq\xef}t\xc3\xef\
Ad\xc2\xfe|\xf1\xf2\xcb/\x8b?\xfa\xa3?\xa2\x19\
\xf1(\xf8\xc0]a\x82\x5c|\xf5\xab_\x15\xb7n\xdd\
\x12\xdf\xfe\xf6\xb7e\xdd7U\x92\xd4\xad\x12\xbd\xdb\xd6\
nC\x80\xd1\xb1|\xe1,\xfa\xe2\xc7\x7f\xba\x1a%\xdd\
p%q(M\x1b\xf6K\xbf]Y\x9a8\x9f\x1d\x07\
\xfe\xc3Zs\xe2v\xee^\xfa\xf0\x13\xfa8jlU\
\xbc\xbb\xfa\xf7b\xbe}WT\xb2\xbf-\xb2Z\x11\x99\
\x84\x9f\xf2\xc5\x13\x93\xce\xf9\xe9Q\xeb\xda\xa3\xa5\xd2J\
\xb3-\xdc\x8e\xb7\xe1\xc3\xf72{\xc2\x1b\xd2\x15~\xf3\
8\xe4\xd9\x06\x01x\x82\x1a\xc8r\x87`mT7Y\
\xc9\xcde\x85\xa8\x1fU~\x08)\xd9\x9c\xf8@?s\
(\x89\xfe\xa2\xf6\x1d\xe8\x0a\xa7\x95{l\x08PS\xf0\
Q\xf3\xba\xb9\xd2y\x14L\x17\xce\xd4f\xf3\x17\xb0B\
p\xd2\xd4\x14\x83\x9c\x8a\x99\xd1u\xe3\xf7?\xf5R\xf5\
\xbb\xd7\xef\x9a\xdf\xbf\xf9\x00v\x06h\x05\xfa\xb1\x8bI\
L\x10\xa2W|\xa6\xc3\x87\x94\xc4\xec\x93\x02\xa3BC\
\xb4\x0d+\x12v\xf5\xfe\xfb\xa4\x1c\xe4\x88\x1fE\xde\xf0\
\x10\xbd<\xe4WY\xfd\xf8e\xd4D\xd8\xa4\x81\x07\x1c\
\x02\x1c\xd0iJ\xccW\x1c\xaf\xad,\xb4\xee\xaau{\
1p}\x18x\x94}Y\xceDTX\x8fV\xa6*\
E1^\xcaC\xd8\x03\x9b\x09{\xd1\xcf\x13\xa8\xca\x9e\
r\x00\xeb\xa8\x1f\xff\xadB\x14\x0ec\x0e\x8eEsX\
\x9cJP\xe4\xb8'\x5c\xd2\xe0\x8bC9\xb5\x00\x009\
\xfdIDATb\xf7\xf8-\x15\xac\x86L(\xf7\xb8\
\x06i\xf6O\x03\x02\xe4\x02\x5c\x9c/\x80U\x81\x124\
:[0+\xde\x1c/\x9c\xa4iq\xee\x17R&\xca\
\x85\xca\xf3'&]\xd7\xf7\xdco\xfc\xfc\xa6Z\xb3|\
\x85\xb2\x9f\xdd\xaa[\x84_q\xf9\xed\x11\x01\xe8\x16\x0b\
\xca\x93@|d\x9d\x18s\x9d/\x90\x0f\x1b\x7fdV\
\xf8aF\xbb\x06\x96\x8dE\xec\xcb\x13\x08ZH\xec\xbb\
m\xdb\x97J\xa4\x85>\x1d\x08p\xbf\x80'`@$\
\xeb\xf9\x8e\xf1\xd9\xe3\xbf\xe7d\xf5\x12\x8f\x1a#\xfe)\
\xa7\xc6*Z)c\xaa7\xe7W\xd4\xbb\xcbU\xb1\x06\
\x99\x00\x87\xbb]q\xcc&\x01\x09\xf7\x88\x00l\xaaz\
B\x05\x18\x93\xc12\xca\x966\xcb\xda3\x86\xfc\xdf-\
\x98l\xaa\xdd>>ni\xf0>\xd6%-zO!\
\x80O\xddr\xd6\xd4\xc5\xd6me\xa9}\xcf\x19\xcf\x1d\
S\x8b\xc6\x04\xe6\x01X\x150uX|\xce+\x17\xa6\
G=\x1a\x90\xc5\xe9R\xaa\x83\x95\x9a]\xe9\x1dC2\
\xd9S\x02\x10\xae\x00$\xd7 D~\xc6\x19\x1c/\x22\
\x0e\xeb\xf1\xf6\xf43=\xb5\xcc\xb9\x14%\xdb\x84v\xcb\
\x96?K\xdc\xcdS\x83\xe2a)\x88\x1a\x00\xdc/`\
\x89\x95\xce\x9c\xf8\xd1\xc2W\x94\xcbc\x9fT.\x8e\x94\
p\xae\x00\xcc\x07\xc0\xf1\xec\x98\xdf|\xed\xc5\xa6\xa9\xbf\
g.4\x9a\x99\xd5z\x1b\xc7i\x0c\xc6\x89\xc7j\xb5\
D\xad\xf8)\xf6\x9e\x12\x00Y\xd1a\x8d\x88\xda\x18]\
7\xb5.\x22\x22\xb2\x09\xcf\x80N\x0b\xdbA\x90\xe4M\
\xcd\xe7\xa1!g\xd5I\xe7\xe6\x5c^\xafy\x81N\x8b\
R)\x1d\xd8\xd4\x01\x9e\xa1G\x12}\x0f\xf2\x80{\x8d\
w3\x19\xbd`g\xd5B\xe7T\xe5\x85\x82\xae\xd0R\
\xb2J\x84/\xbc|r\xca\xc6~\x81\xda\x9f\xbf\x85\xfd\
\x028d\x86\x07\xc4<\x09\x08\xe4 #\x89\xc0\xe0\x5c\
\xf6\x8e\x00\xc8B\xf1\xc3\x1a\x84\x0b\xa3[j\xc0(\xa1\
\x93\x91q\xbb\xfe&\x0a\x89^I\xc4\xe9\xbd<\xfc7\
\x19\x9c\x09P\xcef\x83\x19\xb3\x10,\x80\x10H\x02w\
\xf8\x9b\x95\xb6`\x08\x04\xf8\x9d\xdbnM\xad\xda\x8bb\
\xd9z\xe8\xcf\xfa\x17}\x15\xe7\x0dk\xe1aQ\xdah\
1\xa7\x9c\x99\x18\x09J\xb9\x8c\xef\xf8\xbej\xb7\xc2\xad\
\xe0;\xed\x1f\x030jC\x0d\xf7\x8e\x00\xa0\x18\x8e\xde\
I\xa7\x0b\xb1rr\xb7q\xa2*d\x02q\xd8\xd0\x94\
\x83\xff i!\xaa\x899\x9f8=9\xa2^9>\
\xa9\x9eT:\xfa\xca\xf5\xb7\xc5\x0f`N\xce8\xb8\xfa\
8\x07\x1f\xb8\x87\xa4\x86\xe4\xf0\xa0\x07 \x1e\xd6\xdf\xcb\
.\xb7\xefff\xf2gW!\x0f\xc8\xc0~\x00M\x89\
\xa9\xa5\x5c6\x9b\xc5\x9e\x81\xcf]9k\xddYZ\x0b\
\xfe\xee\xbd\xdb\xaa\xe7rU`\x18*'\x01 \x1e\x87\
\x9e\x88\xbdH*\x92aT\x87\x0c]\x7f\x056\xde\x93\
\xb2Q\xe2\xb9\x1e\xb7\x9b\xa4\xffB\xcc\xe1\x18y\xc8=\
-2\xf0\xd8\xf0S\x13#\xfe\xab\xa7g\x83O^8\
)\xdb\x84\x8da\xfd\xadM\xef\x8f\x00\x04\xd8\xe3!\x13\
P\xbe\xff\xe8/\xca7\xab?6,\x88\xff\xd0\xc9\x89\
08CR\x13\xaf\x9d?i\xc0\xeb\xc7F`m\x18\
\x87\xc4\xd0\xed\xa8\xffK\xec\x8a\xf0Pf\xb3\xe1g\x0f\
9\x80\x08\xd1\x93\xd7\xef\x89\xdbh\xda\x86JE\x0f]\
\xbc\x0fC\x07G\x89\xa2\x1e\x8a+\xd6}!\xf4\xd1\xc4\
d\xb9\xe8O\x95\x0a\xeax1\xaf\xdc\xa1y\xa8\x10\x08\
\x87\xa2\x0di%\x9f\x14\x02])\x0f\xfa\xb3\x8f\xbf\xe5\
\xce\x03}\xb5\xb3\xe04a?\x00G\x8eb\x22\xa0K\
9\xd0X1\xa7\xb6l[L\x97\x0b\xc1b\xb5\xa9\xf0\
\xacA\xefI\xfaI\x0c\xfe\xec-\x07\x80\x0a\x0f\xa5Z\
\x00\x02A\x11\x8b\x04Q\x1e\x88E\xe5\x99C\xe9A\xc2\
pr\xbc(\xe42\xde\x85\xe91\xeb\xb7?\xf6b\xf3\
\xca\x89)\xe7I\xbbR\x9a\xfe\x10C\xa0K\x07j\xce\
\x92\x80iq\xe5\x87s_Vp\xe2\x10\xa6\xccP\x14\
\xec\xba\xd9\x91\x92\xf7\x87\x9f\xfbhmf\xa4\xe8\xe7s\
\xd8\xd8\xb9\x93\xfe\x8f\xbcbq\x0ba{\xc0\x01\x80\xd4\
\x90RIE\x17\x92\x9d\x18\xd2\xd3m\xa4\x0c\x96Q6\
\xc5\xeb&\x95Y\x91\x08PNp\x18e\xe4h\x07e\
\xa0\xa3\xb9\x9c\xf7\xfc\xb1I\xef\xa3\xe7O\xf8c\xa5\x1c\
N\x06\xa6\xd1\xc8@\x5c\xba|\xc9\xfb\x9d\x7f\xf6+\xde\
\xc7~\xf1\xb8?g\x7f7\xe3\x09\x07\xd15\xb9\xef\xc7\
\xc7\x16\xb1\xc6\x9a\xeb\x5c{\xb3f\xaf-y\xea\xdc\xcd\
N\x1e\xd2\xa2D\xc7\xb3\x08O\x9f>mOMM\xf9\
\xbf\xf1\x1b\xbf\xe1b7`\x0e\xbb\x017\xa4\xea\xdf\x0d\
\x88\xc3:\x13\xf3\xdb\xef@\x9c%(\xbe\xf8\xc5/\xca\
M@h\xcf\xa0\xdd\x80\x1ev\x036\xfe\xec\xcf\xfe,\
{\xff\xfe}\xf5\xd1\xa3G\x14\xa9\x03\xe6]\x0c\x1b\xd4\
\x00\x8c9FN\x15fY\x15\x97~\xa1$2\xa5\xd8\
\xdd\x80&v\x03Nh\x860\xb7\xb1\x0fkPIC\
\xdfqO\xe8\x9a5\xa7\xb5\xbc\x86:S\xb8\xd0:V\
\xbcd\x8c\x9a3\xa6\xaaB1\x18f\x86`O\xb0\xf8\
\x1b\x1f\xbd\xd2\xa0\x92\xd0_\xfe\xf8Z\xc1\xf5<\xac\x16\
\x0c\xcdv=B\x88@\xeb\xcf\x9b\xee\xf6\x80\x00l*\
\x81\x8fCj,\x83\xd1\xa8\xad\xed\xe2\x9b\xc8\x93S\xd8\
S\x86\x855\xdd}G\x95_\xcc\xe1\xca\xb9L0\x89\
-\xa0\xd3\x95\x12\xe6x\xaa\x1e\xf6OE\xe4\x8b\x99`\
\xe6\xe4\x88\xc8L\xcd\x04f#\x0f\xb5QK\xb2\x81\xf8\
\xfe\xc2u\x82\xa0\xba\xe8x\xf7\xdfk\xbb\x9d\x96\x87s\
\xe7\x09\x8b\xf8\x8e\xcdp\x1e\xc6\x091R\x00\xc4\xf7_\
|\xf1Eobb\x22\xd8\x84\xff\xbb\xdf\xc6=\xcc\x91\
\x88\x8cS\x85cK\x001\xf3[\xad\x96\xf3\xado}\
K\xc7\xb6a,\xa7\x00\xdeI\xc8\x8f\x9c$\x1cq\xe0\
\x85\x8e\x1d\xfa\x95\x93\xa6\xc8\x8dj\xc2,\xa8\xe1\x0c|\
cI\x04v(\x9a\xdd\xda97\xc6\xdc\xf1\x93\x22\x1c\
\xdfR<\xdb\x85\x82\xd0C\xbflL\xfb%c\xdc\xc7\
d\x00f\x84x\xd4\x98\xa6\x9e\x9c\x1c\xf1-\xcf\x158\
\x818\xa8\xb7\xc3\xb3\x05\xb6_\x1d\x0e\x9c\xf1n\x8f\x08\
\x00\x91\x15\x05\xe3cH\xb1F|\x9f\x0d?\x06\xa7\x01\
\xfcp\x03\xeb\x89\xea#\x8c\xf9\x0d\xfaB\x03\x93\x1c\x90\
\x97l?FzQ\xcc\x98\xe2\x85\x93\xd3\xfaK\xa7f\
\xf4\x8b3\xe3\xd4\x02\x97M\xe2\xfe\x86\x9a}\xcf[\xe8\
\xfcP{\xd4~\xcb\xf4\x85\x8b\xce\xdb?X\x93x\x08\
\x0fJ\xe36n\xb6\xfd\xadP.?\x80\x87\xad\xc16\
:Q\xfe\x80\x80cO\xaa\x81\xf6\x05\xe0b @\x13\
\xd9=)\xe0)d*\xed@\xa0\x9c\xb7\x97\xbfR\xf2\
\x03\xbb]\xd0K\xb5\xb1\xfc\xb1\x12\xfa\x02\xb7\x0b\xa8\xb3\
\x95R\x05{\x91\xfd\xcf_9g\x7f\xed\xed\xf73-\
\x9c:\xec\x85F\x86\x86\xd7\x8e\xb8#\xbb\xc3\xe0\xa8{\
;\xa4\xb2\xec!\x7f\x12\xafe<\x89\xe2\xbdZ\xe2\x15\
\x83\xe4o\x94G\xf8&\x0a9\xf8W\xd6p\x04\xf6\xdf\
f\xc6J\xc1\x87N\xcf\x88\xe3\xa3e\x89\xfcl\x95\x1f\
X\x81\xed\xaf\xf9K\xd6\xcfE\xdd\xbd\x8f\x91\xbf\x85\xb7\
d\x08\x07\x93A\xa6I\xdd`\x08\xc8\x11}p\xd0\xa1\
y\xcb>\xceU\x81\xf9\xe6-\xf3Z\xf5\xfb\xd9\x8eW\
\xf7\xbc\xf0\xa8\xb1\x80T\x00z\x01\xea\xabg\x8f\xeb0\
$\xa2\x80\x9b\xec\xb6k8\x0eD1\xe2\x00\xb1\xedQ\
%.\x83\xb8\xf7a\xc1h\x96\x1c\xd9\xe3;5\x1b.\
1\x9d\x09\x068\xae!\xd0\x85D`@\x84\x03\xf8*\
\xac1\xd87\x90\xd7\x13\xa3e\xff$\x14;^:9\
\xa3\x9b\x98\xcf\xd2q\x80v\x82\xa6\xdf\xf4\xe6\xfc\xc5\xf6\
\xdb8hrI\x0a\x7f8\xf7O\xddQ\x84@\x88\x1f\
\x5c\x0d^\xb2\x1e\xe8\x9d\x95\x96~\xb6\xfcb\xbbbN\
\x06Es\x5c\xe2(\xec\x09*W\x8eO\xe9\xe7\xa6\xc6\
\x03r\x95\xd5vG\xae\x0cH\xfcI\x00\xd9:Z\xad\
\xdf\xf5G\xdf3\x02\xc0B$e\x06\x01\x18\x5ctX\
\x0d\xc6!\x92\xc7Rq\xc9\xc2 \x07\xf9\x1fOH\xfa\
\x1b\xb5\xdf\xf7T~\xa2\x05\xa9\xe3\xe3\x15\xfbK\xaf>\
g\x9d\x9f\x1a\x0bt\xc3(S\x1a(\x91\xdfo\xdbk\
\xcemg\xb1s\xd5\xad\xbaw`\xcd\x06gG\xa6\xc8\
\xbf\xdf\x9fm\xdf\xcbg\xef\xee\xb8My\xc6\xc0\x0f\xe7\
\xffJ\x99\xca\x9fW>:\xfd+\xf2\x80\x91\xa8r\xff\
\xf4\x8d\x8f\xd6\xaf?XT\xff\xe7\xaf|\xa7P\x07\x11\
\x80\xbd\x81(h\xe0U\x0e\x9c\xc4!N\xb3%&\xf2\
~\x1d\x8f\xf6v\x0a \xab\xc4\x02\x93\xbc\x8c\x14\xf3\x13\
\x12\x8f\x90D\xb0\x01\x07\xdf\x13\xc1\xb3\xba\xeaW\x0a\x19\
\xef\xf9\x933\x1e\x0c>\x18\x85l&C\x1d\x006\x00\
mq\x9b\xfe\xbc[\xb5n\xa9\xab\xd6{\xe0\xe56~\
\x90\x18@\xa4\xaf\x8f\x10\x04`3\x1c'\x0f\xdf\xd5\x1f\
6n\xa8\xd0\x13\xe8\xe0\xc4!\xae\x81\xb1\xa3`\x0f\x89\
\x9e\x81iq\xfdS\x97N\xb5+\x85\xac\x07\x19\x11\xde\
\xc7\xe3\x05\x07\xd60\xe5`\x00\xee)\x07\x10v\xee\xc1\
\x05\xaf\xbf\x8d\x88\x03\xdf\xc86\xf6\x82\xc2\x8a\xa3\x01\xdd\
\xf6\x05O\x81\x5c\xf5\x0a\xdf\xe1\x0d\xeb\x5c\xc8\x9a\xc1X\
1\xef\xbft\xf2\x987V,@\xf37\x5c\x86\xe3\xa7\
\x80E\x18\xbf\xee\xdcwW\x9d[\x99\xaas'\xa3\x09\
N\x0b\xd6)\xf2\x0e\x8bM\x93=#\x10\x88d@\xab\
\x9dG:l\x08\xb8\x8f\x9a7\xacrf\xd2\x80\xadC\
\xae\x0arA)3^\xcc\xba\x9f}\xe1B\xf5\xc6\xdc\
\x92\xd1hw\xd4\x8eG\x04\x89q\x12\x896\xe2U\x7f\
\xcc=&\x00\xfdE\xed\xf0^\xd2\x07\xfcD\xd7\x1df\
\xb3\xd7\xc9Hi\xf9\xf1\xb2\xa6&\x9e?6\xa3a\xde\
\xaf\xbdrz\xd6\xc8\x99\xddy?\xbeQ\xc7_\x09\xaa\
\xce\xad\xe0\x83\xea_\x96A\x06\xb0\xa8I\xf0\xa7\xc8\xbf\
\xd7\xdf\xe60\xe6OKB0*\xaa\xbf9\xf7\xe7\xe5\
1s\xba:\x9a\x9bU!\x0f(\xa3\x8f)\xd8+\xa0\
\x9f\x9d\x1a\x1b{\xe3\xc5\x0b\xce\xf8\xbd9\xe7\xcdk7\
MN;%\xaeon,_\x0e\x0c\x08#\x1e\x861\
5\xc4}\xd6W\x12\x81\x03zE\xb5\xb0\xba'\xa6\xca\
\xa5\xe0\x85S\xd3\xe2\xc5S3\x02F\x1fYkT\x1b\
\x12^\xbf\x1e\xd4\x9c\xbb\x10\xf2\xbc\x8bu\xdf\x06\x986\
*\x02\xa6\xc8/\x01\x94\xfe\x0c\x84\x00U\x85;NC\
\xbd\xbe\xf6V\xf6f\xf5\xa7@rh\x86H$@_\
\xc3\xca\xc0\xa5\x99I\xed\xca\xf1\x19\x0d\xdc&\xf5\x05\xc2\
<6\xe3\x88|\x1b\xa5\xdaZ\xcc\x81\xe7\x00\xd8\x9e\x10\
\x85(\x098\xb8\x8e\xa8l@M\xef\xc4X\xc5\x7f\xe1\
\xf8\x148\x80Q\xe07\xdf\x922\xbb \x00U\xafj\
\xdf\xf1\x97\xdb\xd7\xb0\xe4\xd7\x91\xdcB\xc4\xee\x1d\xdcV\
\xa55\xdbW\x08`\xe4F\xcf\x81\xaa\xf0\x8fr\x0dw\
\xcd\xbf0\xf2\xa1NN\x1f\x01K\x09\xecG\xd7\x02\x17\
\xc03\xc7\xc4\xecH\x19\xd6\x86\x10\x13S\x81P\x05\xa4\
\xaf\xd6\x11A\xe8{\xd5\x7f{\xe09\x00\xd2\xae\x90~\
QRN6\xfb`y\x228\xed\xbd\xc1\xb8\xa3{v\
f\xdc\xfe\xdd\xcf|\xb895R\xf1\xa4./ \xed\
\x066L\xd0\xd7\xac\xf9\xf6\x0fZ\xcb\xf6U\xbf\xe9\xcf\
A\xff\x8c`'qH]\x0a\x81!\x10\x00\x11\xa89\
+0/~C\xbc\xf9\xe8\xffQ\xda^\x95d!\x1c\
\x17\x91\xf4\xd8h\xc5\xfb\x97\xbf\xf4z\xed\xfc\xd4\xb8[\
\x82\xa6\xe0f\xfc\xa0\x800\xc4\x9f\xc1\xe5\x1cp\x02\x80\
v\xa2\xb9\x07\xf5\x8f\xf3.\xa21\xd6h\xfdK\xd0\xf3\
\x7f\xe5\xcc1\x0fS\x00\x1c\xf9\xc6E@9\xf6\xfb\x1d\
o\xd9\x83\xa2\x0f\xb4\xfd\xde1\x9b\xee<TUw\xcf\
\xe2\xeb\xe0O\x9a\xbe}v \xc0n\xc4\xa5c\x1c\xe6\
\xe25\x94\xbb\xf5\x9f\xeb\x8b\xed{V\xd5^\xb2\xa2e\
s\xf65\x0c>\xe6\xc7.\x9c\xb4>z\xfeT;\x5c\
lZ\xc7\x98\x10\xfd{\xf4b\x0bh\x0e\xf0\x14 \xe4\
]d\xd5\xc3\xdbDJ\xb6\xa5eO\xe1\x05\xc1\x0ck\
.A9\x97\xf5/\x83\x00\x9c\x9d\x9a\x08p\xf6[!\
,\x9a\xa1\xbe\xd7\xf4\xe6]H\xfd\x03H\xfd\xa1\x92\x9b\
\xae\xf7?\x85\xcf\xf2\xcc\x15A2\xe0BKp\xb1u\
\xd7x\xd8\xb8\xde\xb2s\x1d\xb5lN\x9a*\xa4N\x98\
F\xe2$b5\xfb\xea\xe9\xe3\xd5\x89R\xc1\xff\xee{\
7s8MI\xda\x13\x0c\xd1\xbe\x8b<1P9\xc0\
\x04\xa0[cP?r\x01\xd2\xcbq5\xa6%O\xf3\
5\xab\x83\xf2\x0c\x08^\xc6\x0ay\xe5\xc3gO\xea\xaf\
\x9c9\xa1q.F\xc7eKn\xebl\xb8\x0f\xfc;\
\xb5o\xe6k\xee}Y\xf3H\xe7[FJ\x7fR\x08\
<&\x04\xb82\xf0\x93\xc5\xaf\x96\xa6rg\xdc\xa9\xec\
\xa9\xb5\xa29Z\x0aM\x8b+\xca\xf4h\x19\xda\xc2\x86\
\xf8\xc5\x17/\xd8o^\xbfm\xae4Z\xe8s\xdd\x8e\
\xca\xce*{\xecV)\xda\xc1&\x00\xac\xb8\xac<\xaf\
\xdd\xc6\xb0-\x07\xc1\xa1:Y\x1c\xef<\x92\xcf\x89S\
\x93cA\x09\xba>T\xd1\xa4\xf3\x03\x07\x92\xfe6\x08\
\xc0\x82\xb0\xbcUhk5\xbb\xa4\xeb\xa0P\xb0\x9d\x03\
\x10[o\x1dx\x05;\xefT\xcb\xb2T\xee>\x94\x12\
\xa9\x98,\x19\xce\xf3\xfa\xc6\xc6\xc6\xecr\xb9\xac\x16\x8b\
E\x15\x9b\x94\x0e\xf8\xd43\xa61\xfb\xfa:\xec;\x1d\
\xa7\xa9\xd6\x95\x15m\xbeuK3\xb4l\xa0\xa9\x06\xe6\
\x94\x0a\xce\x18P\xd5\x1c\xb6v\x9f\x9d\x9eP\xae>\x98\
\x17\xd80$:0(B\xb4Y\xc7\xa1\xad\x0d8\xd8\
\x04@\xd6\x17\xac4Z\x11\xfa\x83\x82@\x5c\x8d\x85\xaa\
\xef\xd8\xa8\xf7\xe2\xa9Y\xffW>\xf4<\xb7\xf1q7\
\x9a\xec\xd8\xb6\xa8{m\x7fY\xdck\xfd\x9dhyK\
\xb0\xe4\x82\xcd|\xcf\x88\xaa\xef\xdd\xbbw\xd7\xae_\xbf\
\xae\xfc\xc9\x9f\xfcI\xee\xe1\xc3\x879\x9e\xc8\x9b\xb4\xdd\
\x98\xf6\x09p\xf8\xa8\xf7\xc6\x1bo\xac\xbe\xfe\xfa\xeb\xe6\
k\xaf\xbd\x96\xadT*\xb9$\xa2\xb1\xb5\x9b\xa6o\x22\
\x08\xe0\x94!\xb1\xea\xcck\x7f\xf7\xe0\xdfV~\xe1\xd4\
\x1ft\x8e\x15.\xf9\xb00,\xd7\x00\xa9s\xf2\x8b/\
?g\xde\x99_\x11\x06T\x04o\xcc/\x0a\x0f\xb6&\
#yA\x94G\xff\xf5@\x13\x80\x90xu\x91\x1fd\
,\xa9!\xfd\x8d\xda\xcb{\xda\xef\x83\x1eF\x80]Y\
\xee\x97^y\xae\xf3\xdc\xf1iR\x03\xce\xfbi\xaf\x05\
\xfb\xf1-g\xc5~\xd7\xaa;\x0f\x825\xebzIn\
\xf1=\x8cv\x0c\xf6\x12\x88i\xde;\x86\x00\x87@\x0f\
\x1c\xe6\x1a\xac\x0a\xfft\xe9\x9b\xca*\xce\x19xe\xf2\
\x8b\xd8eJ\x1a\x10\x0e\x90\xff\xc1'^m\xce\xadV\
\xfd\xff\xee\xcb_/\xad\xd6\x1a\x89xs\xa0\x09\xc0:\
\x94\x88Z\xeb\x9c\xcc\xfa\xfb\xa7|\x87J\xc0\x98\x07\xac\
\xfa\x1ab\xbaR\x11\x93\x95\xa2Z.\xe4\x08uz\x84\
\x06\xd8\xe2\xdb\xf0\x9a\xce\xbc\xd2r\x1f)D\xfe\xd0\x85\
\x1f\xa6\xfb\x90^R\x08<\x19\x04\xc0\x11\xfb01W\
\xb3\x16\x95\x15c4h9u7o\x96`oV\x97\
\x1d\xad\x9c\xcf\xa8\xae_\x10\xa7\xc6\xc7\x9dV\xc7\x0a_\
\xc6\x94x\xe0\xe7b\x14\xa8\xc9\xe9\xbf\xa4\x00\x12\xc7\xd6\
_D\x01O\xe3\xcam<\xa8L1k\xfa\xc7\xb0\xc5\
\xf7\xb3/\x9e\xf7O\x8d\x8f\xe6\xcb\xd9\x8c4\xb8\x01\xee\
\x04\xb6i\x1cg\xd5\xbe\xd9\x99k\xff83\xdf~\xbb\
\xbb\x1a\x90\x22\x7fL\xdfK_\xef\x18\x02`:\xf1\xf7\
\xa8y\xd3\xbc\xb9\xf6S\xedn\xe3\x9d\x1av\x11B9\
\x80\x88 \x85\xd39\xeeA\xf9\xbd\xd7?T\x9b\xaa\x94\
8=\x8d-\xe9\xd0p\x00r\x80\x8dm\xc6\xde\x06\x10\
\xaa\x84!-\xfa>\x7fbF=?3)>\xfd\xdc\
\x05\x0dK~\xb2`\x12\xa9\xb6\xb7\xe07\xdd%\xf1A\
\xfd\xdf\x97qUI,R\xa9\xff\xde~\x97\xa3\x9e\xbb\
\x8ay~\xc3Y\xd6\xff\xee\xc1\x9f\x8e\x18\xaa\xd9\x98-\
^\xa091l/\x17\x0aV\xa8\xd4\xf3\xb3\x93\xa3_\
x\xe9\x92\xbbZoY\x5c\xb1\x1a\xe4\x0e8\x01\x90\xc3\
>\xea-\x09\xdb\xa0\xfa?\xb5w4\xe3\x95\xcff\x82\
\xd3\x13\xe3\xc1\x89\xb1\x11N\x03$\xf7\xc4\xc9\x09,\xb7\
\x88\x16\x90\x1fl?\xa4\xfeUX\x9b\x0bOsyj\
\x95K\x0b:\xb2\x10\xe0T\xa0\xed\xd4\xd4\xa5\xce}\x15\
D@\x14\xcb\xa3\x18\x8e\xb0m\x10#\x16\x89\xc0\xf1\xb1\
\x11\xa5\x92\xcb)P\x18\xd2\xa90\xb0\x19P\x07\x9c\x00\
l\xae\xee\xfe=gL#8=9\xe6\xfd\xda\xc7^\
t\xb8\xf6\x8f\x9aH\x1bt\x5c\xef\xb7\x835\xff\x91\xf5\
#\xd8\xf7\xbb\xcbM?\x18\xf9a\xd57\x15\xfc\xed\xdf\
\xc7:B%K\x033\x90\x08\xbc\xbd\xf8\xad\xe2\xfd\xec\
\xbb\xc1\x89\xd2\x956\xce\x1aD\xdf\x04{\x00\xf7\xda\xc5\
3\x064V\xf5\x96\xed\x14LM57\xaf\xbel\xa1\
\x08G\x08v\xc3\x9b\x0a\xc6\x83\xbc\xc7X\xb1\xe8\x82\xed\
w~\xeb\x13\xaf\xb6`\xdc\xc3\xc4|@\xda\xd2\xc6\xf2\
\x9eg\xf9\xab\xf6b\xe7\xed\xd6\x9a\xfd\xbe\xdap\xeeA\
\xcf\x7f]\x1a;\xbc\x804F\x0a\x81'\x87\x00G\xa3\
\xa6\xbb&\xc0\x05\x88\x1f\xcc\xfd\x95\xc2s\x07\xb9?%\
r\xdc9\x983\xf4\x22v\x0cn\xb1\x01\x9fr\x00\x11\
\x946_!O\xe9\xb2Qbf\xa4\x14@\xe0\x17\x9c\
\x87\x92\x05v\xfc\x91h\x12\xe60\xee\xd1\xf6\xda\xee\x8a\
\xb7\xe6|\x00]m(\xfc\x04\x1d0^\xfb\x0bR\xd6\
\x99\xca7\x5c\x7f\xeft:>\xd6\xe9-\xe8\x88`\x10\
x\xb2i\x14\xf2\x0d\x987\xf2\x0c\xa0\x00\x04{t\xdb\
\xdb\xd3\xc04\x84\x17\xd4S5\xa4cZ\x87\x0aDT\
\x0e\xda\x85:\x09\x98\x05w`\x16<@\xfe\xb2\xdd,\
\xech9\x09_\xe1\xfa.\xa6\x02-\xe5~\xe3\x9az\
\xbcx\xc97\xb5\xac\x9f\xd3\xcbX\x01\x08\xc3\xc1\xfd\x0f\
\x14\x02\xecoo=\xc0_\x8aJ\x93\xd0\xae\x12\xa3\x85\
\xbc\xff\xe9\xcb\xe7\xfc\x93\x93\xa3\x0a$\xab\xa5n\x95\x81\
N\x81\x0b\xa3\x9e\x9d\x15\xfb\x9a\xf2\xb0\xf5\x0f%\xca\x02\
\xf6[\xd9\x87\xc8FO\xe5\x9cF\xa3\xa1\xde\xbe}\xdb\
\x06btx\xb8\xc6\x93\x22\x1b\x10V\x9e/\x80\xc37\
2\xf3\xf3\xf3\x1a\xf2e\xdfAqa\x07K\xfa\x94(\
[\xa9\xd5jLg\xe1\xe0\x8e\x1a\x88\x93\x1c\x9ev\xa1\
Nl\xabXZZR\xea\xf5\xba@\x9d\xb6U\x9f\xa4\
\xba\x1e\xd60~\x05\x98\x14\x17\xb7j?\xc5\x81\xa3\xe7\
j\xb6o\xf9g\xcb/W\xa0)\x98\xf8\x81\x9e\x88\x00\
\xd0\xe0E\x1e*\xb0\xb9L&/I\xfaa\x85\xde\xa6\
zs\xac\xa4\xd4\x14'\xb5\x8a\xcb'\xa7\xd5\x0f\x9f?\
e\x8e\xc2\xe8\x02\x1d%\xfe\x9e\x0f5K\x7f\xd9\xbf\xd7\
\xf8n\xbe\xea\xde\xc2z\xff\xc1\x91\xf8S+\x0f\x08a\
\x00\xe1\x8c?\xfe\xe3?\x9e\x22\xf2\x13I\x9f\x14\xd9\xd8\
t\xe6\xd3l6\x15\x12\x98\xb5\xb55\x9d\x5c\x00G\xf2\
$\xc7\xfa0\xde\x8d\x1b7\xf2sss\xd9o\x7f\xfb\
\xdb\xa5\xdd H,3j\x17G\x7f\xb6\x19\xdc\xc9\x91\
%\x00\xd17\xe0\x88\x7fm\xf5\xcd\xc2\xa3\xd6-\x7f<\
w\xbcV\xd2\xc7\x8b8\x87F\x0a\x05\xa38\xfd\xd7\x1d\
\x11\x80\x88\xa4p\x17\x5c\x19\xba\xf0\x10/\xd2\xeeUr\
O\xe8/\xf5\x80\xdf\xb3}\x86\xae\xd1\xb6\x1fl\xf9W\
\x82\xb1RA)f\xa3\x03b(w\xb5\x83\xb6\xb7\x02\
\x0f}xwU\x9ae<(M\x22R\x10A92\
\x82\x0b\x88\x0c\xc8\xef{\xf5@84\xfa\xbd\xae\x08\xdb\
\x7ft]\xd8\xf6\x86\xb3\xaa\xe1\x1cA\xa5\xdaY\xf0\xf3\
\x85\x92\xafAO\x90\xe4r\x10\x5cv\x84\xb4\xccI\xd7\
\xb5\xe07_{\xb9\xf1;\x9f\xfap\xdb\xd0\xd4\x0a-\
\x16\x0e*\xe00\xbe\xe3q\xccX\xees?|\xee\x94\
\xf3\xfb\x9f\xfdD\x0b\xc8\xdf\x9b@[8\xcc\xa3\xee\xde\
\xf6o4\xfeZT\x9d{\x90\xfa7Asw\x04\xc6\
\xc3\x08\x9a\xb4\xce\x87\x00\x02\xae\xef\x88\xba\xb5\xa2~\xe3\
\xde\xbf\x19]\xb4\xee\xe3\x80\x11\xaf\x13\x8a\xb3\xb7V\xfe\
\xb19\x00\xee@\xae\x14r\xc1\x87\xcf\x9ct.\x9d\x98\
\xc9C\xd3h e\xd9Z\xd4\xc1\x7f\xc3y?\xce_\
\xf3G\xf3\x05\xffW?\xf6B\x1b\x9b}\x88\xd99x\
\xec\xaf\xc6\xc8\x1f8\xde\x8a\xfd^\xa7j\xddQ\xab\xce\
\x8d\x0c\x04/\x08O\x91\xff\xe0\x7f\xd9\xa3WC\xae\x02\
Tq\xf2\xf0\xcf\x17\xffVY\xc8\xdd\x16/O|\x0e\
j\xec\x5c\x04\xd8\x88\xae\x8fM\x00`\x9fX`\xeb+\
\xec\x91Mp+\xac\x01m\xb8\x8d9\x1ebXKl\
\x87v\xdfh)\x1b\x9c\x84\xd4\x7f\xb2R\xe6\xc8/1\
\x5c*\x02\x07\x96\xd7p\xe6\xfc\x96\xbf\x88\xed\xbe-\x90\
B\xcc\xaf7\x01\xf4\x107?\xad\xfa3\x06\x01\xc7\xb3\
\x04\xcc\x8b\xc3\x94\xb8\x0a#b\x8e\xaf\x05<8y\xe3\
T`\xdb\x04@b9\xd2\xce\x8e\x8f\x8a\xcb\xc7f\x94\
_\xf9\xe8K\x998\xf5\xc2C\x07\xc7\xee\x12Y1\x9f\
\xf5\x9f;y\xcc\xff\xc8\xb9\xd3\xd0\xf7\x1f-\xe5\xb1\xe4\
\x1f:\x0c\xfdA\xc7[\xb3ou\x1e\xb4\xfe\xbel{\
5\x90A\x82\xee\x99\xa1}\x87\xee\x93\xa5\x15\x1e\x0e\x01\
\xf6\xce\xfb\x8d\xf7\xcdU{\xc9\xff\xd0\xe4//\xab\x19\
=\x8f\xe5\xc1\xee\x1e\x950\xfd\xb6\x09\x00\xb5\x08s@\
\x88\xdf{\xfd\xb5\xe6\xf1\xb12\x8c_hd\x8d\x0f\xbd\
\x93C<\xc6r\xea\xf9\x9f\x9b\x9aP?t\xe6\x84\xfa\
\xda\x85S\x1a\xac\xabHZ\xe9c\x13\x90\xe5/\xfa5\
\xf7\xa1r\xb3\xf17E\xcb\xaf\xaa\xe9\x16\xdfC\xff\xd9\
\x8fL\x03(\xb2\xf6}\x07\x1b\x88-\x0b\x06ja3\
(\xb3\x81k\xdd6\x01\xe06X,\x85\xf9\xe7f\xc6\
\xfd\x89R\xf1\x99\x02 \x89\x1b\x0f\xee\x9c\x85\xc4\x7f\x1a\
f\xbdF\x8b\x85\xde\xd0N\x93\xde\x1d\xbf\x0a\x89\xff\xa2\
\xd2t\xe7`\xd4s]\xc3\xea\x99\x02B\xda\x98g\x1c\
\x02\x5c\xc0\xde\xba\xa9f[\x04\x00k\xb9\xc1\xec\xd8\x88\
\xfb\x87\x9f\xffT\x0dz\xf0\xa3:'\x15\xcf\x88#\xa6\
W\x0a\xf9\xe0\xd8\xc4\x88\x8f\x15\x0dk\xb2R\x22L$\
\xefO\xd3^\xb0\xec\xe3\xdfi\xfe\xad\xd2\xb4\xe7\x15\x1c\
\xd9\x0c\x81\x80\xba\x81\x82>#`H\x9bqD!\x90\
H\x00\x88\x1c\x1c\xf9\xcfO\xc3\xe2\xed\xcc8m\xdfA\
\xa5\x98:\x05\xb4>N\xeb76\xf6 \xfbP\x10Q\
q\x86\xb9\x01\x95#\xf0\xd2\x87\xc4\x91\xf5ge\xa1\xdb\
\xef\x9f\x9b\x1ew_={\xd2-\xe7\xb3hn\xa82\
\x89M>\xbe\x0bq_\xcd\xbd\xeb4\x9c\xbb:\xb8\x80\
\xc3\xd3\xb8C\xf2\x0d\xd2j\xee?\x04\x92\x09\x00\x10=\
\x0b\xd6\xf8\x95\xb3\xc7a\xf2z\x9c\xf6\xc7Cu8\xd4\
\x9b\x9aeP\x86\xc1\x0c\xd9\xf32Z\xd9U\x15h\xce\
\x88\xc3c\xf8\x8e\xc8\x0f\xdd\x051Y.\xfa\xcf\x1f\x9f\
\xf1>}\xe9\x9c\x931\x0c\xb9\xe4GN\x09j\x95.\
\xc4~\xfe\xaau\x0d\x04`.\xeb\x05\x16b\x87\xe7\xfc\
\xed\xffgKk\x90B`w \x10K\x00\x88 Y\
,\x89\x9d\x99\x1e\x17_z\xf5\x85\xccx\xa9\x87\xfb@\
~\xee-\xb1\xed\xdb\x8d\xaf\x1b\x101\xa8\x17\xcb\xbfn\
k \x08\xe1q\x18\xbbS\xb1\xbd\xcc\x85\xc4\x0b\xc8\x1e\
\x14s\x99\xe0\x0b/^\xf6^8}\xdc\x18/\x97\xb2\
\xc0p4\x1b\x8d\xc3\x11\xdek\xce\x9d\xce\x9a}S\xbd\
\xd7\xfc\xfb2\xb7\xfc\xee\xb7\x9e\xff^\xc2#\xcd\xfb\xe8\
B` \x01 \xf2\xd3\xc4\xf5T\xd9\xf0?w\xe5\xb2\
]\x81%\x0c,\xf9\xf15\x91_\xeey_\xb1\xafk\
\x0d\xef!\x94\x0cs8\x8eH\xee\x14\xebi\xcb=\x0e\
81\xa5\x08fq\x94\xd6\x05\x1c\xac\x812\xf6Tu\
5\xaa 5\xfd\xc0\xee\x8b\xd9\xb1\x8a\x02\x0b?\xfaT\
\xb9\xc8Y\x0d\xdb\x17`\xa4\xe7\x01\xde\xc1B\xfbg\x99\
\xa6\xf7\x10z\xfe<\xc4s\x7fD\x1e\xac\x14\xea\xaaf\
a\xee\xad8\xaak\x95)\x83\xcf\xfb\xb2\xfa(?>\
~\x5c\x1b<\x1f&~V\x1b; \xbc\x08\xa2\xc9_\
\x1c\xcd\x10\x1a\xec\xa7\x18\xd8,mdU\x91\xcdf\x01\
Q\xe8P\x04\xe0\xa8\xfcu\xd8\x06\x846\xd6\xae\x1d\xb7\
\x0d\xd95\xad\xd9&\xe7\xbb\xb3PL^=\xd4\x03&\
\x1d\xb2e\xd8m`\xb7f\x05\xf7\xa4\xac\x9d\xd5\xf0i\
\xa6\x1aH\x00\x88\x0a\xc5\x5c6\xe0N\xb8\xcf\xbf|\xd9\
\x82!\x81\x1ebr\x09\x0c\xf3ae\xbe\xf3S\xad\xe5\
.\x8a\xbc>\xb9c\xb1\x18\x8a\x91#\xf1\x89\x89Q\xaa\
\xdd\xda\xd8\x5c\xb4UUi\x97\xa1\xc1o\xcd\x93T\xc7\
\x8by\xe5\xcc\xc4\xb8\x80\xd9$-\xb2\xe7\xcf\x1e\x07{\
\xfe\x01\xac\xfb\xf8\xcb\xf6;\xd9\x8e\xbb&OX\xd9\x17\
e\x1ftH\xc2\x07tW)\x8f\xe9:(\x93\xd6\x81\
j?\x15\xae\xf7\xa5>\xa8\x0ba\xd7\xac\x82D\xb6=\
\xec\xbc\xf3\x15\xca\x95\xb7\x83\xa4\xdc'if\x95 _\
\xd6\x14\x102\x9c\x11P\x82\x16\x05\xbc\x8f\xcd\x95\xde\xfa\
'\x0f\x14\x07Gb\xaf\x89\x86\xbd\x8a\xc3.\x9br\xb0\
\xd9\xe5\xcf\x1ff\x07\xd8\xea D\x99\x22D\xba<j\
s\x9d\x06\xedIq\x079\xd3-\x04\x80\xa3N\x0e\xec\
\xf1\x1f|\xee\xe3k\x98\xff\xab@\xfe\x0a\xdf\xd1\x815\
\x16+\x9d\xf7\xbc\xaas\x1b\x06\x09\xbf\x87\xc1\x08{\x0e\
@\x00v\xe2\x98'\xd7\xde\xaf\x9c\x9aU?~\xe9L\
\xf6\x13\x97\xcef\xf7Z\xb1\x88\xad\xc0\xc6%qbr\
\xdc\xfb\xfc\xcb\xcf\xc1\xac\xf7\xf3.\xca\xec\x1d\xe5\x85C\
<\x83\x85\xce\xcf\xc4\x5c\xfbGJ\xc3Y\x80\x1c\xc0A\
\xd7\xdd\x9f\xdeA\xfd\x03\x16\x9e+\xab\xb9\x17?\x03\xd5\
D \x1b\xb6\xf9\xef\x9b#\x92\x90\x09|x\xa3\xbd<\
\x7f\xbb\xa3\xbc\xf57\xd5lu\xd1\xceA\xed<qM\
\xc8\xc7\xaa\xa9f\x04\xfe\x89\xe7\xb2K\xe7_)\x9ag\
_.dJP!\x9d\xc9}\xc4\x9d\xcd~\xdc\xabh\
g3\xd2\xa4u\xd8\xc5\xc4\xdd\xda\xcf\xb1\xa5\xf5'\xe2\
\xfa\xda\x0f`^\xad\x89}\xee<S\xa1\x1b\xb8K\xad\
'\xd1\x92]\x1a\xd9j]E\xd6\xed\x10\xb2]*\xfe\
@e\xb3\x85\x00\xb0v\xb4 rl|$\x0b\x898\
\xeeB\xe0\xd3\xf2\x1dFGo\xd1\xfa\x99\x8a\xf5p\x90\
\x02\x9c\xf8\xf2\x042?(\x12I6\xfc\xf5K\xe7\x02\
(\xe0p\xfb\xed\xee~\xe5M`\xe6\xbc\x1f#=\xb8\
\x9a\x9c\xff\x89\x8bg:(\x93#\xbf\x94\xeaQ\xe4\x07\
d\x0f\xea\xeeC\xbb\xee\xdcUp\xa4\x17\xd7\xfb\xf7\xb4\
>\x9b\xaa\x17\xfb\x08=N\xb2\xfd\xfb^\x17Y\x0fp\
\x1f\xba\xa9\x04r\x8b\xf9c\xd4\x08}(\x80\x1d\x95@\
3\xd5\xc0\xc8\xc0d\x8a\xe9\x0aW[\x12M\xe5V0\
\x9a9\x16\x18Z\x11\x84\x19\x01p3\xca)\xa1a\xaa\
\xb0\xe6=\x0cj\xce\xa2X\x83\xe9\xeb\xb0\xa8\xc7(0\
\x16\x9ai\xc0f\x08\x0c&\x00P\x8c\x81\xb2O\x9f\xa6\
\x1fQ\xc4\x81\x01\xacUg\xd1\x0aY\xe3'\x19\x19\xf9\
)\xa1f\x8b\xc35\x8a\xc1\xa7\x9e;\x17@\xc3\x90\xaf\
\xf6\xfc\x0bc\x0d\x93\xfa\xfd\xde'\x9f;\xe7L\x96\x8a\
\x5c\xb5\xe8\xae\xf7\x83\xb8A\xd5\xb7j\xdf\xb6\xab\xf6\x1d\
\x13S\x1b\x9c]\xa5s\x00\xde\x0c\xaf\xf4\xf9\x09 \x10\
~`X,\x82PU\x0e\x22\x9e'&3\xcfy\xe0\
\x00T]\xb0\x0f`\xa3\x999%rjE\xdc\xce\xff\
\xccW,UT\xedem[\xf3\x8c'\xa8\xd7QN\
:\x90\x00l\x06\x08F\x7f\xab\x81\x83.\xde]\xfb3\
9/&k\xbcSG\x8e\x02\x16u\xfdO^:\xd7\
\xf9\xe2\xcb\xcf\xdb\x19\xd3\x84\x19\xe3\xbd\x1b\xe1\xc0\xedI\
\xca\x02\x99\x06\xf5\xfc\xbd\x8f]<\x0d\xa1c\xb9\x0cy\
\x83\xec\x8f\xb4\xec\x03s^N\xc3{`\xdfk}\xbb\
h\xb9+ \x7f\xa4\x0d{N\x8fv\x0a\xc2C\x9f\x8e\
+*v\xd0\xd0l\xaf\xad=j\xff\xb0>\x9e\xb9\xa2\
\x8fe.\xe2\x8bdMX\x18\x11:\x96\x9e?:\xf5\
+\xad\xf9\xe6-\xa5e\xaf\x9aK\xad9\x93*\xad\x07\
\x80\x11:\xf4\xb0\xdf\xdc\x80\xa1\x04 \x80\xd0o\xa9}\
U\xab9\xf70/~\xa0\x90zS\x09h'\x08\xc2\
\x0f\x08\xe4\x0f\xb0\xecf?w|F919\x1a\x92\
\xfd\xcd\xb5\xda\xc5g\x12\x1c\xca\x1a\xa6G+\xca\x05\x08\
\xfc\xae\x9c\x98\x85\x89d\xe82\x12\xc11-\x80\xc4\xdf\
\xe7r\xdf\xb2u\xd5\xb4\xdd\xaa\x0a\x13\xdfr$\xda\xc5\
*\xa4Y\x0d\x80\x00\xa6d\x10\xb0:\x82p\xd7\x14#\
0\xb5\xa2[\xd6OA\xed\x0c$\x00\xf3\x8d\x821j\
\x8e\xe5\x9c\xe0d\xe9%\xd8]ly\x96\xd7R\x1c\xdf\
\xe2\x1a\x08\x5cJ\x9c\x07\x80tG\xaf\x86\x10\x00\xa0\x7f\
`\x89E\xfb\x9a\x06\xe4\xc7\xa6\x98\x1a@O\xe0\xef\xec\
\x03P\xa5\xb8\x08\xd6\xffc\xe7O\xdb\xd8S\x90\x011\
\xe8\xad.\xec\xa8\xf6\xdbHD\xbb~\xd4g8=>\
\xaa\xd0\xa8'L{G|=\xfa \x964\xbdU\xaf\
\xe6\xdc\xd2\x97:?\xcb`\xb3D\x97\xb4\xed\xac}\xdb\
\xa8\xce\xa1\x8f\x12\x0a\x03\xd5\x00\xc3u`\x98\x1a,\x83\
\xfaP\x04\x8do\x96\x87\x13\x13u\x832\x00\xc8\x96\x18\
\xaf\x0b\xdapz\xe5\x0b\xe8[@\xf8[\xb1r\xc6\x94\
U\xd0f\xf1\xb9d\x97\xc4\xc9\xb7f\xa6\x94\x19\xf5N\
\x95\xaf\xb4\x1f5?\xf0\x15[Q\x1d\x1fv-\xa2\x0c\
\xe2\x8bLC\x1e\x03\x02\x09\x04\x00\xa3\xa3\xd7\x00\x85~\
\xcf\x9bk\xbd\x05v-B\xfe\xc7\xc8\xbd/*7\xdc\
L\xc3x\xc8e\x1c\xa6\xf9\x89\xcb\xe7J8b+\xc2\
2\xb0\x13X\xe4\x026b\xb4\xc6\x9c<z\xdd\x97\xf8\
\x09n\xa1\xdb\xef\xcd\x8c\x94\x83\xdf\xff\xec\xc7\xad\x91B\
\x8es~)\xf8s}\x0b\xa3\x7f#\xb8\xd5\xf8\x9a\xb2\
\xe6\xdcV\xda\xd0\xf3'q\x0b\x09\xdc\x13\x14\xf8\xac&\
\xe5W\x82/\x95\xa1\xf2}Fu>\xfc\xa5\xcaj\xab\
\xee+\xd4\x09H\x9a\xc0\x81a\xc4*\x80\x22\xa6\xced\
\xfd\xb1\x19S\x07\xd1\xc0\xc1)\xf8\xca\xfc\x01\xb4)k\
Y\xb3ne:\xee\xb2\x99\x19)\xdb\x95\xe0t\x90Q\
G\xe5\xd2\x5cF\xcbk\xa7JW\x0a\xf3\x8d;\xca2\
L^[\xb5&\xbe\x99-!\xbc\xbb\xbdDfy$\
\x7fb\x09@W\x17^4\xbc{X\x8a\xa1b\xc6\xce\
\x97\xc4\xc8\x86\xc3\x84\x98\x18\xaf\x14\x833S\xe3\x02\x5c\
\x00\x8f.\x92\x00\xe7\xd2\xa2\xe35\xc0\xde5\x95\x9c>\
\x85y^\xf8\xfeI\xbf\x06\xf8Kt<=86R\
\xf6NN\x8e\xf9@~u\xddx\x09d\xfcA\x1bv\
SW\xbc\xa6\xbb\xa0\x82\x10\xa0?q\x8dmw\xca~\
\xd2\xba\x1f\xc4\xf4\x9c\xf6q)R\xcf\xa8Z\xae(\x82\
\x89c\x19\xc3\xb603\x07\x01\x90#{L\xa5\xb9\x0c\
\xa8R\x97a\x5c\x13\x99<>\xbb\x0a\xbd1\xfcw)\
\x00R\x81\x87\x106\x07\x1b\xac\xbe<\x14\x19\xa5\x0c\x92\
\x90\xe7\xaa\x80$\xc6\x86\x9aU\xc6\xb3\xb3(\xdd\xc3\xd2\
\xf3\xfb\xc2\xe1\x14\x94\x15I\xdd\xae@` \x01 R\
v\xbc%{\xcd\xbd\xa9\xdc\xaa\x7f=\x03\xd5\x0fI\xab\
\x1f\xb7DI\xe4\x91\x883nH\xfc\xfdO]<\x13\
\xfc\xeaG^\xc4\x90\x11\xf2y\xcc\x8f\x1f~\xb1\xf3s\
m\xd5y_\xbd\x5c\xfe-\xc8\x82wg\xab1\xad\xd5\
N\x14\x8b\xde\x97>t\xa5sqv2\xc0\xbc\xbf\x8c\
\xe2\xe4\x11\xde0\xee\xe1B\xa6\xe1\xacXWq\x94\xf7\
\x07\x10B\xd2\xaao\x8a\xfc\xfc\x1e\xb1\x0e\x1f\x93\xaa\x09\
fN-\xc1\x8b\xd2\xd8\xc0\xae\x13\x9b|s\x00\xb9\x09\
:\xc9q\x01\xa1\xa1\x02$\xee\xd7\xbf+\xbc\xbc\xedk\
9\xd3-\x04\xd3\xe86:\xd4\xcbu\xf1\xfc\xc8\xeb\xf2\
\xd0\x8bUk\xce\xbbY\xfb\x89\xe6z\xe4\x02\xa2\xde%\
\xb3I\x7fv\x08\x81\x01_\x91+\xfe\x96\xb8^\xfd\xcb\
L\xd3\x9d\x87\x09l\x8b\xb4\x7fg\xd9#\x19F]\x7f\
\xbcX\xf0\xff\x93_|\xbd\x81\x918\x0b\xe4\xef\x1e\xa9\
EeO\xd8t\xb7\xdeq\x97\xecw\xd4\x9auW\xf5\
K;_]\x88*\xc8\x8e\x95\x85\xa0\xb1\x04n\x1f\x07\
#z\x10\xfc\x15\xc6K\x91\xaa/\xf5\xfc]\x22\x7f\x1b\
\xca>\xe6\x5c\xe7\x070h\xc8\xb6%Lb\xa3\x8c\xd3\
\xeb\x1eB \x9cz5\xfd9s\xd9\xbe\x8a\xc5?\xd1\
9\xae}&c\xa8EUW`\x99\x05\xbdt$?\
\xe9\xbd>\xfb\xdb\xcd\x96\xbb\x96\xadYK*\xf4\x03@\
 8\x11H'\x03O\xf2a\x06\x10\x00fG\xe98\
\xd9\xf2\xc6\xce\x91\x9f\x9f\x06\x1f\x08\xc65\xfci\x1c\xa7\
=\x03)<\xac\xeb\xf6\xbe\x16\xc9\x0c\xa7\x16U(\xde\
t\xdcU\xb96\xbc\x1bT\x9d}\x02[\x17\xb8\xc7_\
\x9c\x9c\x18Ur\xa6\xc93\x11e\xb9\xe4l\x5c\xaf\xad\
\xd6\xb1\x9a\xd1\xf1\x96U\xde\xa7\x1d\xe8I\xba\xcfn\xa6\
\xc50\x031P\x07\xe6\xd6`}I\x1d\xf7\xd6@\x99\
\x95@\xd7\xa4Ef\x9c|o\x88\xa29\xae\x8e\x9a\xc7\
x\xf02N\xc5]\x055\xdf\xde\xe9D\xbbY\xcbg\
-\xaf\x18\x02\xf0\xe4\xcd$\xc6a\xc2' \xf0\xeb\x5c\
\x9a\x9d\xf2'*\xc5J4\xef\xa78\x09s~\xe8\x15\
\xce{\xb7\xea_\xc32\x90.r\xda\x04R\xf4\xe8\xc3\
\x8e+@\xa9\xffIl\xf2\x01\xf2\xe3`\xc4\xb3ft\
\x8473\x84&\xa3\xdap\xe7\xd4\xdb\xb5\xaf\x94\xb1\x9f\
\x01\xe4\xe0\xe0\x1c\xe8\xb1\xe3\x06?3\x09\xc9\x05h8\
ay\x0e\x8aX\x0b\xe6H\xe6l\xbdd\x9cT\xb2\xda\
(h\xba\x02\xfbl\xaa\x96\xd1s\xc5\xe7\xc6>\xd9\x5c\
h\xdf\xf1k\xf6\x92\xda\xf2\xd64Xm`\xf83\x03\
\x85\xa7\xdd\x10\x12\x80\xab\xf0\x8b\x1b\x0bV\xfe\xff\xf6\xce\
\xec9\x8e\xeb\xba\xc3\xbd\xce>\x83\x19l\xc4FR\xe2\
*.\x92M\xd9\x94d3\x96\x93r\x9c\xf2\x92\x92\x92\
r\x9c\xc5\x0f\xa9\xb2_\xf2\x0f\xa4\x5c\xc9\x9b+\xa9J\
\xde\xf2\x90T\xa5R\x95\xbces\xcaN%y\x88K\
\xf1\xa2\x8al\xd9\x96\x22\xd9\xa2%K\xb2,\x92\xa0\x08\
\x90\x04H\xec\x83\xd9z\xa6\xbb\xf3\xfdzf \x90\x04\
)\x00\x04I\x80\xecK\x9e\x99AOw\xcf\xeds\xef\
9\xf7\xdc\xb3\x1aI\xa7\x07\x13`\xd5\xa8\xfa\xfajc\
\x08\x96\x22O\xf9\x03\x8f\xee\x1e1>\xf1\xc8\xbe\xac\x14\
\x7f\x11\xf1\xc3\xd3\xa5\xc0!\xcfN\xf3b\xf5%{\xa2\
\xfaCL\x01\x10\xe1\xad\xecH\xd7v\xec\x96\x7f\xc9\xd2\
@\xe6\x22\xff\x99\x93\x1f\xaa\xb1\xef\x0f\x12\xae\xa3R^\
t^A>\x15b\xfb\xdf\xa6\x98\xd7kA\xc5\x9f\xc1\
\xfc\x18\x13\xff-\x91y\x8f\xbe\x14\x13\xd0\xa6\xec\x5c\xf9\
;\xb9\x823\x16&zr\xcd\x9c=\x8ar\x98\xe8A\
\xe4\xb5\xb1\xfc\xe1L\xce-\x1a\x14\xbd0\xcf/\xfdL\
\x92\x00\x8aA)\xa8\xe3\xb6\x19\x0ch\xf3[\x05d`\
mto \xe3L\xca\xea\x09\x92V~S\xeaVy\
r\xa4\x1c\xd7\xa2\xa2nX\xccf\xf1\xefj\x9b\xfc\xa4\
K\x88\xd4=\xcdKf\xadu\xd5\xf4\xfc\x85h\xb07\
\xca`\xba\xfd\x8c\xde\xb5\xe9\x97\xc6\x9fu \xb2\xf7\x0f\
\xf4\xb6\x06\x8a9\xa3H\xb4\x1f\xc7E\xfc\x88\x8a\x8ac\
(\xb7*\xad\x99\xb0\xd2\x9c\xe6\x98\x1eK\xd3,n\xdb\
\x0f\x03mR&\x1b\x93I\x02V\xacPS!EW\
\x15\xab\x11u\xd5\xa1\xc2u\xca\xcd\x99\x03\xe9\xddF\xc6\
\xed1\xdc(PUc\x19\x8f\xe7f\xc6R\x12\xc02\
0\x07L\x03\xa3\x10#\x82;&\xbb\xf41\x8f\xc4\xbf\
\xe6T\xfd4\x1b\xf7\x0d\xf1W3\x93p\xedd1o\
|\xe9\xe9\x93\x1e\x22\xb9\x9c}\xa2\x1b\xc8\x94#g\xa2\
\xf1\xe5\xef9D\x14\xca\xf4\xc7\x17\xca\xb1w{MC\
\x9fI%|\x94}\xc1\xb3O<V\x1b)\x15\xa9\x87\
\xd6\xb64@\xfc\x84\xad{\xfeL\xfdL\xe5j\xe3\xcd\
\xd4\xac\xf7n\xda\x8e\x5c\x01\xc4\xfb\xe2\xb6\x1d1\xa0\xf9\
&Et\xc5\xbfBt\xe0\x0bF\xba\xd4\xe7\xa7\xed>\
3m\xf4F\xa6\x9a\x9cS2>\xd4\xf7i\xe2\x04\xae\
\x10 \xe9\x1b\xd5J9\x1e\xccM\x0edW\x070\xc5\
\xf5?\x07\x14\xdb\x9bV\x95\xaf\x823j\xb6\xfc\xca\x86\
i\x13\xc5\x9f\x99N%er\x0bY\x95\x1d\xfd\xcdg\
\x94|>\x03:\x8d\x18\xfe\xcbp\xbe\xf1\x8e\xdd\x0ck\
\x0c\xb3\xc6s\xf3\x9c[WJ\x13Ldaxlt\
4`\xdf\x8f\x9fA\x7f\x8e}\x7f\xd7\xa6\xe7c\xeb\xf7\
\xd8\xc6\x04\x17\x96\xbf\x9b\xaf\x06\xf3l\x12\xf4\xc8\x1b~\
,\xae\x89\xdb\xdd\xc4\x80\xe6F@\xe5\xa5\xb21\x91\x98\
\xae\xbdV\xcb\xbbc\xe6P\xfaq\xd7\x96U@\xbb~\
F\xf8H\xff'\xea=\xa9\xa1\xb0\xd6\x5cN\x96\x9bs\
\xe8\x03\x9a8\x11\xc7c\xbb\x91q\xea2\x80\x05.\xba\
\x00\xe0\xb7\xa5\x86\xe3\x8e\x99\xb10\xc3\x98\xe4\xfb\xc3Q\
\xa7\x0a\x99\xae\x7f7\xd0\xf5\xe7l\xdfK\xafr)\xae\
#~O\x19\xd8\xdd#\x0f\xc3\xd0Tz\xed\xdbc\xdc\
\x1aj%-U\x81\xd2}\xc3}\xc6\xc3\x03}\x8a5\
\xe8<\x13=\xc6id\xa99i\xe0`BJ\xefi\
G\xdb\x8f\x0dJ3\xea|\xdc\xee\x19\x06\xb0\xda\xa0\xb8\
]\xf2\xc6qBj\x85\xa5\xc4~\x9f\x044\x90\xbe8\
\x80a\x96\x92\xbb\xf8\xben\xf4\xa7w\xfbDsZ\xf5\
V\x991\xefZ\x06bF\xb0\x9ea\xd3\x0a\x8d\x17n\
x\x99\x93\xdf\x00\xda~\x96|\xe0\xb8\x9b\xb4\xf3\xc6@\
\xea\xb1p\xaa\xfa\xaa\xa9\x98\x80\xcd\x10\x0f\xf7\x8e\x08\xb1\
\xe1\xcf5\x95Ehb\xf9\x07D\xfe\xcb\x1b\xf7\xf6\x88\
\x9f\x1b\x10'o\x199\xd2K\xc9\xd1\xe7\xd4\x91\xfd\xd6\
^4\xff\xdd&}\x03\x01\xbe\xf6\x85\xf2\xf7\xd3J`\
\xd2\x8a\x88_\xdf\xc6\x13\xa3\x8b\xa3\xed\xff\xae\xb1\x0a\x8d\
+\x8d\x9fgQ\xdc\xfa\x85\xe4\xc3\xcbI\xea\xd0\xe2%\
\xc8\xe41\xd12%3\xe4\x13\xf0\x1f\x1d\xf8\xd5jc\
\xaaj\xce\x1b\x97,\x94\x82\x84y\xc6c\xbc\xde\xb1\xed\
R\xe1Y.x\x1e\x98\x05\x22&\xd0V\x04\x96\xc2\xd1\
\xf4S\xcd\x84\x95C \xeb\x0a\x0b\xeb\xbdu\xfb<<\
\x0a\x9a^HI\xcd\xa5\xfft\x89+ \xb7\xc5\xd6\x89\
\xe0=\xb9\x0c\xb9\x04\x07\xbd\xdf=\xf5\xd1\xe5\xc1B\xa4\
\xf0\x8fD\x7fV\x85\xb0\xd6\x9a\x0f/V\x7f\xec\x91\xdc\
C\xa9>:\xcc+\x9e\x18\x1b\x1b\xbd\xedp\xb6\xc8\xd9\
!;P\xd9>W~.G\xdc\x06EZf#_\
\x00\xf5.a\xa7\xed\xb1\xdc#\x99=\x85c\xeeH\xee\
0a\x07\xa8\x9c0\x17l~c\xb9\x1d\x9e\xf9\xee\xf5\
\xa1\xcb\x00\xa4\x08\x94\x1e@\xca@Y\x04\xa2f\x11\x9b\
\x83\x7f~\x98\xb4\x8b\x98\xf1\xae))\xd6=\xe5\x03\xdf\
)\xa2II\xcd\x05\xb2\xbbL\xa2\xf4\xbb\xbd\x80\xa2\xee\
\x8f\x89\x8c\xb5\xd7+\xa6\xd3!\x01F\xc1C\xf8\xfa\xcb\
\xfbO\x92\xa1V\x0cRz\x07\xc4\x17\x04\xcb\xcdI\x88\
\xbf\x8aBI\xdb\x8dxJt\xf1\xb7\xd3\xde\xb5\x18E\
\xca>\xff\x8a]E1H\xfe\x06FSc\x8a\x14(\
\x93\xb3\x93\xb3{\x12\x03f11h\xca*\xa0\xf3\xe3\
\xb6>\x0cD\xcbzg\x1b 3\xe07\x80g\x80O\
\xear\xec\xf9\x04\xe8\x14\x93\x07\xf2\x9f'd\xf6\xbc\xf1\
\xce\xd2\x7f\x91\xb7k\xfd\xc8E\xfbnLT^t\x17\
\x9b\xef\x19\xf5&\xc2E\x14\x02v{\xab\xb0\xac~\xca\
\x1eF\x82\x0f\xff3'\x8e\xd6\x8e\xed\x191\x5c\xc7)\
\xaa\xbf\x22r\xfc\x0b\xfd\xb9\xc6\xb9J\xb95\x19\x5c\xae\
\xbf\xda\xc3\xf9\xac\x07]\x9d`\xfb\xac\xf8uga \
\x12\xe9\x19Hb8\x8c\xf1\xc5\xef\x1a\x85\xc4\x1e\xe3\x10\
\x99\x9dRf\x89\xa9\x10%u2\x8e\x95\x9e6\xaa\xd9\
E\xe3J\xed|0U9g\xd5\xd1[\xc5\xed\x831\
\xb0\x9a\x9a\xc5\x00\xfe\x1d\xf8\x11 \xef\x9fH\xeb'\xe2\
\xe9I<l\x97\x12\x87\xed\xc1\xd4\x87\xa8\x00$G\x8d\
[+\x04\xa5\xf1\x97rf\xa1q\xd6\xbfZ\xff\xb9\x89\
\xe8\xdf\xd9\x96\xdd&\xf1\xd3)t|\xa1\xcc}O\x1e\
|\xc8?<\xb6+=Tl\x17,\x90\xaa\x81\xe6\xe3\
EF\x05\xdf\x17\xd3@N\xc4\x1f\xef\x07A\xda}\xd2\
d\x19\xa8\x85\xd3n\xd9?gN\xd5~R\xad\xb5f\
=\xc2\xba#Q@NB\xc9D&|j\xd7oW\
\x86\xb3\xfb\xbdB\xa2D\x9c\xa2Z,\xf9\xddj\xf8W\
\x18\x00R\x80\xa8z\x12\xb8\x00\x5c\x04V,\x02\x09\xc4\
\xff\x14\x8bl\xce\x1d\xc5\xf1\x82t\xcef\x14\xcf\xc3)\
\xa07\xca\xecB\x8a\xe8\xc8\xe9&:\x14\x1de\xf5\x0f\
I#f\xb0\x17\x8f\xb4\xfe[5\x10\x14(0\xf2\xf8\
\xfa\xef\x1d\xe8\x0b{\xd2i\x9b\x02\x1f\x9d\xe5]B!\
>\x86\xfeL\x80\x98h\xf1\xde\xc9\xf7\xda\xedS\xfc~\
?`\x00\x82\xb7\xd0\x07\xe0\xd2}\x91p\xee\xb2|<\
\xda\xab\x11k\x8b\xb2\x0b\x0ff\xf6\x04\x85\xc4`\x90q\
KA;]\xf1\xed-:\xf7\x03\xcen\xf5\x0c\xd7k\
\xf6\x84\xcc\xe7\x80\x09\xe0\x1f\x80!\x80=\x95md\x89\
\xd5?T\xf8M|\xb3\xf3A\x19\xd3\xdaD\xe5\x870\
\x0f\xd1\x9e\x92\x865\xec\x84\xb1\xa2#P\xac}\x83p\
\xe2\xf0l\xf9\xb9t#\x5c`+!>s{\x03\xa1\
\xab\xe5\xe7O\x892\xe3\xe0\xd0\x80\xf9\xb9\x13GI\xef\
\xff~&aR{!\xf6\xcd\x19o\xcf\x7f=_\x0b\
\x14\x5c\x14\xbb\xfa\x82\xb2\xfb\xaeI\x22\xf5\xfc\x8a=Y\
y\xb1\x90\xb6\x07*\x88x\xcd$Y\x85\x99_X\xb4\
,y\x09\x16\x8e\x94>V\xdb\x95\xde\xd3z\xb9\x05\xa3\
h\xce\xda\xb8\x82\xc5\x92\xe0Mf\xc25\x0c`\x95I\
P\x1b\xa8\xbf\x01\x1e\x05~\xbf}-\xa8g\xe5\x1fJ\
\x9f\xb4z\x13\x8f\x84\xc5\xc4\xfe\xe6d\xe5\xc7\x5co[\
\x15o\xcaI\xa6r\xa0_\xe6=\xf9\xdd7|\x8f\x84\
\x1b\x1eJ\xbf\xf6v\xe1\xf6\x88_\xccC\xb1\x04\xfd=\
Y\xff\x0bO\x9d\xa8P\xc6\xdbb\xdf\x9f\x93\x80\xaf\xfb\
\xb3*\x84\xd3\x8d\xd3\xad\xe5\xd6dX\x0d\xae&$\xf4\
mDW\xd1~\xbe\xf8ug`@sI\xe3\x1e\x9a\
\x17\xab/\xa7q\xed\x0e\x13\x85,\xfa\x80~f\x22\x0a\
@\x1cK\x87r\xfbH'\xd6G}\x87qk|\xf1\
gf\x0d+PK\xa9\x89\xa2+\xa3\xb7\xf8\xa5\x83\x81\
k\x18\x80\x8e\xc1\x04\x1a\x88\xf3r\x0c\x92_\x80\x96x\
Y\x06\xa4d\x8b\xb6\x0bDg\xb1\x0d\xc8hU\x0f\x17\
p\xd0@\xe3\xceEki\xd9\x19\x226\xe1\xfaw\xbb\
\xfbp\xfad \xe9\xb3\xf7\xcf\x06\xbb\xfbJa\x1f\xe9\
\xc4\xdb\x1a\xff\xb6\x87a\x0bfSi]\xc6\xd1\xe8\x12\
\xd2G\xbb\x8e\xdf\xed\xfe&\xcf\x1b\xb7m\x8a\x81\xf6r\
ba\x1a\x9c\xb3\xabV\x9a-\xdfl\x8b\xb8\xaf\x10/\
Of\x8a\x1d\x99\x065\xef\x8a\x89!\xb6\xaeg\x09m\
\xafS\xc2v\xf3\xc9l\xb7)\x1a\xb6\xa4[70\x00\
\xdd\x15\x82\xf3 \xdeo\xf3Q\xee\xc1\xf2\x0b\xf8*\xd0\
\x0bD\xc4\x8c\x0e\xc0D\x1f\x908Z\xfc\x12h\xf6C\
\x94o\x88\xe7\xdd2\x02$\xf6\xb3r\x99V(o\xe0\
\xadh\xa1\x91M\xba\xc1Ho\xb1\xf5\x07\xa7>Z\xed\
\xcd\xe7\xf2\xc8\xfe\x113\xe2\xb7}\xe2\x09Z3\xb5_\
T\xa7\xaa\xa7\xf3\xe4\x9a'\x9f\xbfx\xd6\xedJ\x1c[\
\xd1\xef\xf8\x1ew\x12\x03b\xf0\xb22\x95)Rsf\
\xf1[\xc6\xc1\x9e\xcf\xfb9g4L[\xedx\x01\xf2\
\x09\x1a\x1f\x19\xf8\x1c\xdf\xcf\x05S\xd53\xc6\x95\xca\xb8\
EI\xdb;\xd9\xa5\x1dy\xef5\x19@\xe7ID\xf8\
3\xc0\x8b\xc01`\x1fp\x12\x88\xec.\x12\xb1\xc9\xd6\
\xc2\x9f\x94t\xb4Z(\xdc:\x19\x9b9\xc2\xe0 \x89\
9\x86\xdc\x88\xeb\x01\x11\x7f\xd1~|\x83D\xc9XQ\
r4\xd2\xfa\xe3\xdf\xef\xef\xc1\xcbo\xac\xbf7\x05\xed\
w\x15\x0a!.\xca>\xa5\xbbC2\xfb\xa4H`\x12\
\xa7\x8c\x06\xf7\x0fR\x8b\xb6y\xa4q\xaf\x06S\x04\x97\
\x8d7\x151\x88\xf7*\xa1\xa7(\x87\x98\x81\xae\xed\x1a\
\x0f\xe5\x8f{9\xa7'\xacP_\xa0\xdeZ&\xb3p\
s\x83\x13\xf1\xfe\xc6\xe8M\x19\x80\xf4\x01<z\x19I\
\xe0U\xde\xfb\x011\x01\x05\x0b\x111\x18\x85\xd3\xb5\x0d\
\xb0\x22v\xb3\xeb\x7f\xcf7jR\xb9\x10\x8c\xa7$\x1f\
^X\x89\xec\xb7\x1b_\x95\x19^h=\x8b\xc6\xff\xd1\
\xb1\x91`\xac\xafh\x0e\x14r\x1d\xf3C\xb4\xb5\xd0~\
\xbf\xb5\xe4\x9f#\xad\xd8\xeb\x99\xf6V#\x12\x0c\xda}\
\x88_\x1f\x00\x0cH\x0a\xf0\x09Z\x9bwf\x1b\xef\xd6\
\x9b~%\xe8q\xf7\xd9\xd4\x18`1\xd0\x7f\xc3\xd8[\
8\xde*%\x87\x83\x0b\xe5\xb7\xec9\xe3\x92\xd1\xf4\xe6\
$\x22vZ\xcc\x0b>\x90b\xa4\x13\x00[\xb2\x0c\xfc\
\x1d\xf0%\xe0\xfb\xc0Y\xe0\xa6M\xfb0\xd7H\x1b#\
\xd9\x93\xad\xa4\x899~\x13\xa2\x97\xf2\xc8\xe7\xd2\xaeq\
td\x97\xf1\x99\x8f\x1c7>\xf6\xc8\xfe\x95\xdf\x93W\
X\x83\xd4Q\xe7\x96\xfe's~\xf1\xf9L\xe4\x17\xaa\
\xd0\xffX\xf4_\xc1\xd1\x83\xf2A[\x01I\x9b\xb3\xb5\
7\xb2\x13\x95\x1f\xe5\x16Zgkd~j2\xe7\x22\
\xad\x1f\xae\xc2\xd9\x9e\xd4@\xee\xc4\xc0\xa7\x1b{\xf2\xc7\
\x9bi'\x8f\xc2\xaa\x9d\x09\xf2A\xc1\xd1\xad\x9e\xf3\xa6\
\x12\xc0\xea\x8b\xc4\x04@\xa84}\xe7\x81\x7f\x02\x86\x81\
\x0fw`\x17\xef\xd7\x94\x08\xe6|4\xb2\x09\xa3`\x8f\
\x85.\xba\x81\xb6\x19\x90\xb36\xd0\x126\x85<s\xb9\
\xf0\xf8\xde\xb1\x00\x1d\x00Y\xc5\xdb\xbc*\xaaQ\x18\x94\
\xc3\xd9\xc6/d\xef\xb7\xf16\x90\xbc\xb1\x81;\xc7\xa7\
\xde\x7f\x18\x80\xa0\x99\x04\x04\xac\x99\x97*\xaf`\x09\xcc\
\xe2\xb32\x1c0\x03\xa5\xcfBB\xb5\xcd\x81\xcc\x9e\xe4\
bs\xc6ZlL[S\xd5q$\x07\xf8\xc3&\x16\
\xa6\xfb\x0dw\xebb\x00zh\xf0(\x8e:\x0b#\xf8\
:\xef\xb2\x0a\x9c\x00$\x11\x1c\x07$\x9a\xeb^\xa2R\
\x12\x88Pw\x1d\x19 \xeb\x8e\x86.y\xde\x89\xe1\x06\
\xe1\x12$\xd6O\xa8\x0a\xe9/\xd8)\x03W_\x9f\xf4\
\xafR6D\x8d\xfbP\xc6s.\xbcR;M\xc9\xa8\
\x19[\xf7\x95\xc4\x11\xb7\x07\x1d\x03\x9a\x03\x81A\xf5\xea\
d)\xb9\xdfC*\x08]W\x96b\x9b\xf9\xe7\x18\xa5\
\xd4pb\xa0\xb1\xc7XHMS\xec\xe6\x92\xc1\x84\xe4\
\xbf\xb2\x0c\xad\x7fN\xde\x8f\x18^7\x03\xe8><\x8c\
\x00ej8\xcf\xdf/\x00/\x01\xf2\x00\xda\x0d\xfc\x06\
p\x10\xf82\x00\xe2\x19\x02\xcbM\x8c\xe4N\x06\xb9\xe6\
\xae\xf0\xbd\xa5\x17(\x09!\xe7\x9c\xf5!\x9c\xb3\xe0\xdb\
\x0c\x9f\xb8\x07-\xda\xf5\x1b\x81?W?S^h\x8e\
[\x97j\xaf\x14\xc4h\xa2\x8d\x9eN\x88\xdb\x03\x8d\x81\
\xee\xbcR\xa6\xe9\xc9\xe5\x17\xc39\xe7Lx\xa0\xe7\xd9\
\x80\xe4a\xd4%\x91\x7f\x0a\x934w\xd4(\xba\xbb\x8c\
yo:\x98\xabO\x9aeov}\x93\xf1>\xc6\xec\
\x86\x19\x80p\x01]JA\xd8\xeal\x0bd-\xd0\xf6\
\xe0E\xe02\xf0{\x80$\x02\xb40\xb8\xed:{`\
\x05\x09c\xca>M\xf2\xc6\x0a~\x03\xed\xdcn|\xbf\
\x91\x86\xb0\xe6\xe3X\xb4\xecM7^K`\xf3G\xd2\
\xe8\x9at\x1e\xf81\xdc\x08\x1e\x1f\x80sM,Os\
61a\xc1r\xeb=/ee\x1d\xd3\xca\x92\xa6\x12\
?R\x14Ki\xb7\x10\x1e*\x9el\x8c/&\x1d/\
h\xd8\x8dV\xa5\xbd\xb7|\x000\xb3\xd6#n\x8a\x01\
to\xd4a\x04\xa2hm\x0dd-\xb8\x02\x5c\x05\xe4\
B\x9c\x94\xf8\x95w\x86\x09\xd1L\x19\x19\xa7\x9f\x94`\
R\xdey\xeb\x96\x02\xb8G\xa7)\xb1\xa7\xc7\x9e\x7f\xa6\
9S\x7f#\x8f\x020r\xf8x\xd0\xc5\xb7.v\xe2\
\xf7\xf71 \x89\x10\x0fTG\xb1(eo|)o\
\x8f!I&\x08bk\xd7\x11\xa1\x1emx\xb0\xf4\x04\
U\xcdj\xe1\x5c\xe3\x12\x89i\xab\x16s\xf7\xfd\x1b<\
`\x9f\xb6\x92\xfbI\x12Pb\xd1?\x03\xce\x03Q\x93\
2\x90\x84\x8e\xc6\xf1\xd2\x1fz#\x99\xa7|'\xca+\
\xb01\x847\xfcek\xbe~\xde}k\xee_ \xfe\
e6\x12\x0aY\x88W\xfe\x0e\x8a\xe3\xb7\xeb0 \xc9\
\x13#\x80\x89U\xa00\xe3\xbd\xd5\x5clM\xd4H\x0f\
\xc7B\xa5|a\xa6\x95q\xf3\xf9\xb1\xdca\xf7h\xe9\
\x94\x9fq\x0b\x01[\xd5\x07\x96\x05l%\x03\x10U\xd7\
\x80\x97\x01\xb9\x11\x9f\x01\xa0TxrT\xf8\xa3\xcf\xee\
O\x1c1\xc6\xd2O\xb6H\xeb\x14)f\xde\x17\xe39\
s\xcd&E\x0da\xc5\xde\xbb\xad\x85\xe6/)\xe49\
\xc5\xde#&\xfe5Q\x15\x1f\x5c\x85\x81\xb6\x99\x0fs\
\xa09W\x7f\xcb\xbdB\x19\xb8\xba\xbf\x10PSP\xaa\
$I\xa0VOr\xc0\xde\xd3s\xc4\xeeK\x8d\x9a0\
\x81MY\xaaV\xfd\xe0\x8e\xfdx[[\x80\xd5O\xdd\
Q\x0eJ\x0a8\x07\xbc\x0e\xe8\xdeR\x0e\xa2\xc4#\xa9\
\x13y\xdcz\x93\x07\xfc\x94\x9d\xf3\x17\xbd\x0b\x0e\xe1\xba\
\xa8\xf4\xca\x8cGd\xae\xe5\xb4\x1b[TD$\xa8\x06\
\xb3\xde\x9b~\xb9y\xd9$\x93p\x94\xb2\xbc\xab\xf0\xb9\
\xf1\x8a\xf8H\x8c\x01a\xa0-\x1dj\xb1\x98\xf7\xce%\
k\xc1\x5cH.\x8b\xba\xe5\xd8\x81c$X\xf4L\x5c\
\xd9K\xd4\xae\xc8Z\xfd\xa9\xdd$\xbd\xf5(USF\
G\xa5\xe9\xfb`\xb5\xad\x94\x00\xba\xcaA\xd9\xfb\xfe\x15\
\xf8[@R@\x1dP\xa3\xe0@\xda\xce\xba\xbb\xdd\x0f\
\xf7~\xb9q\xb0\xf0Lk(s\x82\xed\x17\xf9\xdb\xd6\
\x10\xc0T\x9e\x5cJ\xbf\x99\xfa;K\x97\xab?uH\
'\xee\xca\xb8\x18\xb7\x18\x03\xeb\xc5@[\x1fP5*\
\xcd\x19\xe3\xfc\xf2\xf3T\xa1~\x0b\xfd@\x19\x19\xa0\xbd\
\x05\x95u\xe0\xe3\xc3\xbfS=\x5c|\xd2+\xa6\x86|\
%\xbby\xd0\xda\x96I\x00\xab\x10'\xec\x92\xff+r\
\x17~\x8dw\xa5\xea\xed\x03\xa2\x02#l\x07H5^\
2\xf3\xee\x10\x85:\xabF-5\x17\x90AH\x96\x02\
\x84\x88\xd5\x04\x0e\xff\xc6b\xd0\xf0g\x95R\xdc\xc4f\
\x8b\xe2\xafm\xce\xe1^q\x8b1\xb0N\x0c\xa01b\
\xeeP\x89\x8a|\x11WQ\x0d.\xb5\x1cj\x0a\xa1'\
\x88\x1c\xc8\xd2T\x19*\xa6v\x05}\xa9\xb1p\xd9\x9b\
\xb5P\x0a\xb2\xed\xbc\x1fS\x8bG\xc4u\x83\xe2l\xcb\
\x19\x80,\x034\x85\x13\x97\x81?\x05\xfe\x12x\x1c\x90\
\x8f\x80R6\xa3\x95M&H1FN\x81C\xc6\xa8\
\xff\xa47\xef\x8d;K\xdeE\xd4\xb4\xef\x138\x9eZ\
&\xda~\x9b\xfc~I\x9c\x10\xe9\xf8j\xe6\xc0\x9d\xe2\
\x16c`\x1d\x18h;\x89\x85\x06\xbe#\x09\x16\x9f:\
>e\xdeh6O\xb5\xd1\x0c.&\x08\x95\x14\xc2\xd9\
\x93?Z/&w\xd5\x96\xbd9s\xb6>\xe9\xd4Z\
\xe5\x1b\x08e\x1d?\xb5}O\x892u$\x93\x8eI\
\x1d\xde\xce\xf6\xa8\xd3Y\xe4\xef;\xd0\xc4\x04\x00m\xee\
\xa7\x80\xbf\x00\xfe\x18\x904 \x13a\xb7\x89\x03\xd3\xa5\
br0\xf5\xa8\xfdp\xfeS\x86K\xf1\xa7nc\xb0\
\x02\xd7\xce4\xf3\xc9arz[+b[\xf7\xfb\xf8\
=\xc6\xc0\xfa1\xa0\xcd\x80m\x94\x9b\x13\xc9\x89\xea\xf7\
\xb3\x8b\xcdsU2\x0b7\xd0\x08F\x0a\xa8\x84\x93I\
\x16S\x83\x85#\xbd\xa7\xc2\xe1\xecA\x9f\xbf\xd14\xdf\
'\xa9\xc5\xd9^\xdb\x10\x10\x92N\x1f\xd6\x8e\xcc*\x9c\
I\xe1\xb1\xbc\xe5\x12\xc0\xaa\x1f\xd0G9\x08\x89\x09H\
u\xff\x0aP\x01\xf4\xc3#@\xc4|d#\x80\x0d\xf0\
\xda\x09.\xe4\x0b5\x0e*\x9e LX\x05\xb9y\xc7\
\x0c\xa0\x8d\x96\xf8u\xd3\x18\xe8D\x0e\x12\x12\x5c\xf6.\
ZN2c$\xc3B\xa8\xfc\x96m\xa9\xd45K\xe9\
!\xb3P\xef7\xd3\xf5\x82\xb2L\x91e\xb6\xad+\xd8\
\xf4O\xde\xd3\x0b\xdb}W\x9a\xf4\x04\xb9\x11p\x87\x86\
\xd0\xaeY\xef\xa5\xab[\xba\xa3\x0c@\x92\x00?2\xdf\
\xd9\x12H\x0a\xf8\x15\xe0\xf3\xc0W\x80,pS\xad\x8b\
86{53\xef\x8c\xd0k\x8b\x1b)\xb3P\xdcb\
\x0cl\x16\x03Q\x1a1\xc2\xd3k\xe6\x85\xe5\xe7\xf3d\
\x91j\xa6\xcc|\xcbv\x86\x94K\x90\x19f\x9b{\xf3\
\xc7\x13x\x06\xa24\x5c0\xeaKeV\xaa\x06\xb3N\
k\xd8\xcem\xe87\x8c\xde\xd4\x88\x9e\xefz\xfaQ\xa6\
\xaf3w\x94\x01t\xd1&F@\x13\xc7\xf9!\xf03\
\xe0\x9f\x81'\x80\x8f\x01\xcf\x02\x92\xfd\xaf\xeb\x0bF\x03\
\x22\x01Rvo\xc25S\x96\x1f\xb9\x18\x88\x9f\xc4l\
\x00$\xc4m\x13\x18\xe8\xee\x7fk\xbe\xea\x07\xbcnz\
\xad%\xf3@\xe1\xb7\x902s\xac\x8fX\xabi\x0f\x17\
>\xdc\x1c\xcc\xee\xf3\xbe3\xfe\xf7\xc9\x05\xef\x8a\xb9\xd0\
\x98\xbe\xe9\x22\xb5\x89.\xdc\xd5KD-\xa3\xb9\xc3K\
C\xd9}dHvz$W\xaf\xea\xc0$\x9f_\xba\
\x8e\xe8V}\xbd\xc5\x1f;L@&Am\x01\xb4%\
\xc8\x01\xc2\xba,\x04\x02\xe5\x10\xeb\x82\xbe\xa3\xbb\xe2\xcc\
\x0c\x8d]\xf2I\xfd\x89E\xa0|\xbd\x12C\xa7\xc5-\
\xc6\xc0\x061\x10`\x0e\x5c\xa6`\xec\x15\x8b\xea\xd1-\
\xaa\x0b\xd9]\xff\x00f\x9b\x991z\xac\xfe\xccX\x0b\
\xdd\x99\xb2\x0a[\xad\xa0\xb5\x9ap6\xf8[\xf7\xeat\
ml\xa8\x9d\x99,\x9a\x85Dod\xf1\xe8\xf4D\xb4\
\xd7U\xd2\xd7\xef\x1a\x03\xd0\x8fw\xb6\x04\x92\xa9d&\
\xfc_\x01\x92\x81\xfc\x05\x8e\x02\xca@,\x89\xe0)@\
\xb9\x06hr J\x07\x83\xc9\xc7\xaaK\xcd\x0b\xd6e\
\xff\x95l\x9b\x8b\xef\xc0\xf1h?P\xfc\xba\x0d0 \
\xcb@\xc3\x9f\xb7\xbd`\xd1\xbaZ{}\xa9/u\xd4\
e\x9e\xa1\x22O\xa8X\xaeC*1\xfb\xf1]\x9f]\
\x9c\xaa\x9c5\xaf\xd6&\xadeo\xc1\x91S\xd1\xce\x9a\
u\x18\xcd\xb1\xaa\x0dg\x0e%\x90\x02Bj&t\xbb\
/I\x5cQ\xbc\x174\x14w\x95\x01\xe8\x07\xd7h\x92\
\x08\xde\x05.\x03ou\xbe\x97\xc90#\x05!\xe6\x1a\
\xb3/u\x8c\x01J\x99\xd3u\x19\x12\xd4\xe2\xad@\x1b\
\x0f\xf1\xeb\xe61\xa0x\x01\xc3\xbcT{9\x8b\xc9\xb9\
\xe9\xd8\xe9J\xde\x1e\xcd2\xe3\x88b5\xad\x9cS\xcc\
\xc9K\xf0p\xe9\x09\xff\x9d\xd9\x97\xec\x06\xfe\x01^\xe8\
]#Co\xfe\xb7\xef\xec\x95\xa2\x0e\x17\x05\xfa\xe1\xd2\
\x93\x95\x9eD)i\x9b\xca\xaf\xd5\xa5\xffh/\xfd=\
NyW\x0b\xf25j\xc1;\xdb\xad\xb5\xef\xaeN\x00\
\xcb|\xab@\xa2s\x80\xbc\x07\xcf\x03\x91\x89F\x11\x85\
\x19\xbb\x0f\x1f\xc2\x01\x93\xa0\x22\x8e\xb5\x959|\x1f\xb7\
\x18\x03\x9b\xc6\x80\xc8APk\xcd9T\x19\xb2\x16\x1a\
\xe3f\x0b\xb7sE\x9f\xe8\xa66\x95'\x88\x11\xb0\x87\
s\x07\xcdl\xa2h$\xb1\xa0m\x7f\xeaW\xd7C\xe5\
\xe1\xa0`j\xd6\x18\xce\x1d\x08\x92\x84B\xb3\x90v\xe9\
\x5c4%\xff\x9c\xb7\x01E\xeen\x1f\xef\x1a1\x02\xfa\
S\x05~\x02|\x03\x10S`\x90L\x93\xca\xc4\xe4z\
\x1d\x0eG3\xa7\x16\xe1\xd0\xeca\xb4\x8d\x89[\x8c\x81\
\xdb\xc1@\x9b\x05(\xb2t\xce;\x9b<_\xfeva\
\xa9y\x99\xaa\xd2\xb5\x00\x1a\x8a\x98\x00\xf9\x03\xcd\x83=\
\x1fI\x88\x09\xa0IgG\xbd3\xf4\x81dA6\xfa\
\xd0\xfc\x1f*=\x09\x13\xeb\x81\xb4\xba\xf4\x1f\x99\xe1/\
\x82\xb5\x1f\x03\x13\xc2\xde\xb6z\xa2\xaf}\xedk\xa2l\
E\x14JI\xf1\x09@\xce\x01i\x89d(\x03\xed\xa4\
\xdd\xe3V\xfdii4\xa9\x0b\xb7\xc4\xa6f\xe5\xc18\
-n1\x066\x8e\x81\xb6N\x09\x153F\xaa\x80\xfc\
\xc2x\x07\xe2\xaa\xde\x83Q\x10oa-?\xcc1\xe2\
\x04\xea9\xa7\xd7\x9fi\xbcg6Z5\xbc\xd2\x22\xfe\
\xb0\xf1\x1f\xbb\xe3W\xa03\xc3\x9f\xe6\xf1\xa1\xcf.\x1f\
.=\xd5(%\x872R\xa2\xc3\x01\xba\xbf\xfc\x03>\
\xfc\x1b\xf0*\xc7\x22\x09{[Q\x10\x9d\x12\x03X\x02\
.\x01r \x92\xad2\xd2f\xe2\x14d\xa6\x9c^'\
O\x9e\xc1\x8c=\x102@\x9dQ\xd8\xae\x83\xa1\x9e\xc7\
m'`@Y\xa5\x95\x1f\x90\x1a\x13\x06U\x86B\xc2\
\x88I{']\xb5\x0aPYFor$\xe8\xcb\x8c\
\xfayg P\x06\xe26\xd3\xd0\xbc\xdb^sO\xc9\
ws\x89\xde` \xbd;\xe8\xcf\xecV\x9e\x03H*\
\x22~uT\x0b\xabV\x7f\x89\xffz\xb8\xa8m+\x09\
@=\xeaH\x01\xd2T\xcaR \x06\xf04\x10qb\
\xb4\xb4\x984\x1e\xb2\xb3\xce\x08\xc1\x1d\x0b^#\x5c\xa2\
\xda\x8b\x143\xdb\x8a\x8f\xa9\xbbq\xdbA\x18\x10A\x8b\
Lj\xfeU\x87\xc0\xa1&t]\xcb\xb8CD\x0b\xd9\
r\xa0a\x055\x5c*\x0d\x99\xa3\xd9C\xe5\x89\xe57\
9\xa7E\xfdK\x8f\xbd\xb5\xda\xca\xea\x1a\xfdu\xaf^\
\xb4\xf2\xe7\x13}\xc1\x17\x0e~ua(\xb3/\x9bv\
r\x99.\xf5\xd3'\x99\xdf_\x00\xfe\x03\xf8\x16\xc7W\
\x18\xc0v\xb0\x02\xd0\xa7\xf7\x9b:\x87iP\xdcJ\xba\
\x00I\x03\x87\x81\xcf\x01\xf2\x1cD\xbb\x89\xffVb\xd8\
:\x5c|\xc6\xbe\x5c}\xb5\xba\xe4\x8d\x9bW\x1bob\
\x1e\xd4\xa3l\x8f\xc1P?\xe3\xb6\xd30 &\xe0\x10\
/p)\xd1\xf2kN.1T\xcb:\x03d\x14\x1c\
N1\xaf(H\xe5\xda\x85d\x7f\x01\xcdz0[\x9b\
\x0c\xde]x\xd5j\x11e\xc8\x5c\xbdg\x0f\xaa_\x96\
\xc2/\xeb\x14\x8d\x13\x83\xbf^#\xf5y\x90w\xfb\x0a\
\xea+_u\x89A\xd6\xb5I\xe0\xaf\x80_@_\xd7\
(\xd0\xb6\x1d\x03\xa0\x93\x88]Q\xe6a\xad\xfe\xda\x0a\
Hd\x91>@}%\xa4X.\xc2i\x93:pV\
\xc1\x9e6|\xc7\x0b\x17\x9b\x93\xe4\x0cl1\x18R\xe9\
(Ea\xf7\xd9\xf9\x18\xb7\x18\x03\xeb\xc4\x80X\x80\x1f\
V\xad\x1a\x8e?8\x09\x91G\xd0\x0d2\xce \xb1\xc1\
\xaaC\x8f\x83\x80\x95p\xfa\xd2\xa3\x8d h\xe1_\x9f\
2H1\x84,\xbd\xb2\x98\xae\xf3W\xb6\xe04\xa6\xb7\
\xa4^\xd7N\x05)R\xec\x95\x92\xbb\xac\xe1\xfc\x81H\
\xf4G\x12P\xc4m\xf7G\xc4#d];\x0f\xc8\xc4\
.\xa9\xfa\x9a\xb6r\xe65G\xb7\xc9\x1fpW)\x01\
w\x03\x7f\x0e\xc87\xe0\xa3\xc0Jc\xe7\xe6\xb7\x82\xba\
\x8f\xe8V\xbbP\xfeAb\xd9\xbfl\xcd5\xde\x8e\x98\
\xc4\xcaI\xf1\x87\x18\x03\x1b\xc2@[\xc5\x97u\xfa\xc2\
\x82\xbb78R\xf8\xa2\x97r\xfaU\xebBt\x85x\
\xda2fj\x93\xc6\x8f.}\xd3\xb8\xb4|\x063\xe2\
2;\x86\xbb\xc7\x04D\xd16e\xf72v\xde8>\
\xf0\xf4\xfcH\xf6\x901\x96{\xa4H\x96\x0d9.j\
\xf1\xec>\xadNU\xf0\xdd\x9f\x00J\xd8\xfbS\xa0\xc5\
\xf7:\xbe\xd2V\xce^9\xb2\x8d>\xc0\x00\xd4?1\
\x81\xe3\xc0#\xc0W\x80\x8f\x03\x88e\xed\x16\xad\xfa\xe4\
\x80&\xbc\x93\x08\xaejXm]\xad\xc0\xbd[\xcd\xb0\
Je\xd8\x89<\xe2\x1cvC\xe5\x13\xd0so\xeb\xc7\
\xed>R\xfc\xbe\x0d0 BJZ\xc5p8\xf3D\
\xb3?q\xd4\x8d*\x5c\xa1TS\xd7\x9a\x01%o\xbd\
+\xb5\xd7\xae<\x97\x9c\xad_\xb6\x1a\xcdZ\xa4\x84Z\
\xb5\xf2n\xd9\x13tg-\xa2\xbe\x9fs{k\x83\xd9\
\xbd\xe8'z\x1cr\x19\x16\xf3\x89^_U\x90\x91\x02\
\xae\x97\xe4%\xf6K\x89\xfe\xd7\xc0\x0b\xc0\x0c\xcf#\xfb\
\xff\x0d\xed\xfa\x0bo8\xe1^\x1e\xe8p+\x95%\x93\
\xa7\xa0\xf6.\xda\x0eH\x12 \xb0!\x8a\x1b\x88\xb4\xb4\
(\x07Q\xd1\x0c\xe2\xc4\x11\x84i\xa7\xdfw\xbd\x1e\xbf\
\x11,2\x1eD \xf1\xdcw\x93C\xd3\xaf\xb8\xdd\x07\
\x18\x90\xeb/^\xa8\xcc\x9d Z2W/\x9b\xe8\xa1\
B\xbc\x04\x83\xde\xd4n4\x00\x96\xd1\xb0+\x12\x0e\xee\
\xd8SK&Q\xb0\x12\xa2~\x80[/\x8c\xa0h\x16\
\x93C\xc8$\x88\x02\xd76uS\xfe3\x13\xc0y\xe0\
\xff\x001\x02)\x01\xd7lw\xae\xd7k\xfe\xdc\xe6\x0e\
v$\x01=l\x01\xf8\x22\xf0\x18\xf0G\xc0\x1a\xea\x7f\
\xd5\x10\x10\x1e\x84\xb6\xee\xca\xcf\x9fq\x8b1\xb0\x09\x0c\
H\xe7\x84-}\xcd+\xfd@\x06\x83\xf6\xbf5O\xd8\
\xe2\x83\x10<\x22\xb1\xa6\xbc6$\x1d#\xc4\xb5\xbf!\
\xe2\x97\x9d\xff\x1f\x81\xb3\xc0\x14\x8bhd\xef\xe7\xf3\x9a\
m\xed'[\xf3\xd4{wP\x92\x00M\x0f\xb2\x08\xbc\
\x04L\x02\xe2jb\x04c\xc0\x01@\x9aO\x1a\x96\xdb\
\x95}P\xe7P\xfb\x8b\xf85\xc6\xc0\x96b\x00m\xfb\
\x96\xdeo\x1d7[k\xc1\x96\xc9\x5cn\xbd\xa7\x01\xd9\
\xf9\xff\x1b8\x03\xcc}\x10\xf1s\xce\x1d\x94[t\xf7\
;\xd0:\xd2@\x92[\xf7\x03\xcf\x02\x8a\x1c\xfc\x14\xa0\
\x10b\xe9\x0b\xa4\x1f\xd0\xc8\x08Yk!\x8c\xc3q\x8b\
1\xb0c1 3\x97\xb6\xc3\x0a\xa2\x93\xb9|\x1e\x90\
\x86\xff\x9b\x80V\xfdW \xfckL}\x1c\xbbi\xdb\
\xb1\x04\x02#\x90,$\x82\xcf\x00C\xc0)@\x16\x83\
_\x03\x0e\x03\xda.\x88Q\xc4-\xc6\xc0\xfd\x84\x01\x11\
\xb9\xccyo\x00\xdf\x03\xb4\xda\xbf\x03H\x22\x0e\xd6\xb3\
\xeas\xdeJ\xdb\xb1\x0c\xa0\xfb\x040\x02\xc9\xf9r\x12\
\xda\x0b\x14\x81\xfd\xc0.@\x8cA\x7fwS\x8f\xe9Y\
W\xebr\xf83n1\x06\xb6=\x06\xba4*Q_\
\x0a\xbd\x19@\xe6=\xd9\xf7#Q_\xc7\xb4M\xe6}\
\xc3\xad{\xf3\x0d_\xb8\x9d/\x80)H\xb7!\xe9@\
\xfa\x81\xc1\xce\xe7u\x8bE\x9c\x1f\xb7\x18\x03\xdb\x09\x03\
Z\xe4\xa4\xff:\xbd\xd1\x15\xfe\x83\x1e\xe2\xff\x01\x10$\
\xb5\xa5\x074\x90L\x00\x00\x00\x00IEND\xaeB\
`\x82\
\x00\x00\x0c\x9d\
o\
penFile=\xe3\x83\x95\xe3\x82\xa1\xe3\x82\
\xa4\xe3\x83\xab\xe3\x82\x92\xe9\x96\x8b\xe3\x81\x8f\x0d\x0ao\
penFileDetail=\xe7\x94\
\xbb\xe5\x83\x8f\xe3\x81\x8b\xe3\x83\xa9\xe3\x83\x99\xe3\x83\xab\
\xe3\x83\x95\xe3\x82\xa1\xe3\x82\xa4\xe3\x83\xab\xe3\x82\x92\xe9\
\x96\x8b\xe3\x81\x8d\xe3\x81\xbe\xe3\x81\x99\xe3\x80\x82\x0d\x0a\
quit=\xe3\x82\xa2\xe3\x83\x97\xe3\x83\xaa\xe3\x82\
\x92\xe7\xb5\x82\xe4\xba\x86\x0d\x0aquitApp\
=\xe3\x81\x93\xe3\x81\xae\xe3\x82\xa2\xe3\x83\x97\xe3\x83\xaa\
\xe3\x82\x92\xe7\xb5\x82\xe4\xba\x86\xe3\x81\x97\xe3\x81\xbe\xe3\
\x81\x99\xe3\x80\x82\x0d\x0aopenDir=\xe3\
\x83\x87\xe3\x82\xa3\xe3\x83\xac\xe3\x82\xaf\xe3\x83\x88\xe3\x83\
\xaa\xe3\x82\x92\xe9\x96\x8b\xe3\x81\x8f\x0d\x0aopen\
Annotation=\xe3\x82\xa2\xe3\x83\
\x8e\xe3\x83\x86\xe3\x83\xbc\xe3\x82\xb7\xe3\x83\xa7\xe3\x83\xb3\
\xe3\x82\x92\xe9\x96\x8b\xe3\x81\x8f\x0d\x0aopenA\
nnotationDetail=\
\xe3\x82\xa2\xe3\x83\x8e\xe3\x83\x86\xe3\x83\xbc\xe3\x82\xb7\xe3\
\x83\xa7\xe3\x83\xb3\xe3\x83\x95\xe3\x82\xa1\xe3\x82\xa4\xe3\x83\
\xab\xe3\x82\x92\xe9\x96\x8b\xe3\x81\x8d\xe3\x81\xbe\xe3\x81\x99\
\xe3\x80\x82\x0d\x0achangeSaveD\
ir=\xe4\xbf\x9d\xe5\xad\x98\xe5\x85\x88\xe3\x82\x92\xe5\
\xa4\x89\xe6\x9b\xb4\xe3\x81\x99\xe3\x82\x8b\x0d\x0ares\
etAll=\xe3\x81\x99\xe3\x81\xb9\xe3\x81\xa6\xe3\
\x83\xaa\xe3\x82\xbb\xe3\x83\x83\xe3\x83\x88\xe3\x81\x99\xe3\x82\
\x8b\x0d\x0ahideAll=\xe3\x81\x99\xe3\x81\
\xb9\xe3\x81\xa6\xe3\x81\xae\xe5\x9b\xb3\xe5\xbd\xa2\xe3\x82\x92\
\xe9\x9d\x9e\xe8\xa1\xa8\xe7\xa4\xba\xe3\x81\xab\xe3\x81\x99\xe3\
\x82\x8b\x0d\x0aviewAll=\xe3\x81\x99\xe3\
\x81\xb9\xe3\x81\xa6\xe3\x81\xae\xe5\x9b\xb3\xe5\xbd\xa2\xe3\x82\
\x92\xe8\xa1\xa8\xe7\xa4\xba\xe3\x81\x99\xe3\x82\x8b\x0d\x0ac\
rtBox=\xe7\x9f\xa9\xe5\xbd\xa2\xe3\x82\x92\xe4\
\xbd\x9c\xe6\x88\x90\xe3\x81\x99\xe3\x82\x8b\x0d\x0acrt\
BoxDetail=\xe7\x9f\xa9\xe5\xbd\xa2\
\xe3\x82\x92\xe6\x8f\x8f\xe7\x94\xbb\xe3\x81\x97\xe3\x81\xbe\xe3\
\x81\x99\xe3\x80\x82\x0d\x0adupBox=\xe7\x9f\
\xa9\xe5\xbd\xa2\xe3\x82\x92\xe8\xa4\x87\xe8\xa3\xbd\xe3\x81\x99\
\xe3\x82\x8b\x0d\x0adelBox=\xe7\x9f\xa9\xe5\
\xbd\xa2\xe3\x82\x92\xe5\x89\x8a\xe9\x99\xa4\xe3\x81\x99\xe3\x82\
\x8b\x0d\x0aeditBox=\xe7\x9f\xa9\xe5\xbd\
\xa2\xe3\x82\x92\xe7\xb7\xa8\xe9\x9b\x86\xe3\x81\x99\xe3\x82\x8b\
(&E)\x0d\x0ahideAllBox\
=\xe7\x9f\xa9\xe5\xbd\xa2\xe3\x82\x92\xe9\x9d\x9e\xe8\xa1\xa8\
\xe7\xa4\xba\xe3\x81\xab\xe3\x81\x99\xe3\x82\x8b(&H)\
\x0d\x0ashowAllBox=\xe7\x9f\xa9\
\xe5\xbd\xa2\xe3\x82\x92\xe8\xa1\xa8\xe7\xa4\xba\xe3\x81\x99\xe3\
\x82\x8b(&S)\x0d\x0atutorial\
Default=\xe3\x83\x81\xe3\x83\xa5\xe3\x83\
\xbc\xe3\x83\x88\xe3\x83\xaa\xe3\x82\xa2\xe3\x83\xab\xe5\x8b\x95\
\xe7\x94\xbb\xe3\x82\x92\xe8\xa6\x8b\xe3\x82\x8b\x0d\x0atu\
torialChrome=Chr\
ome\xe3\x81\xa7\xe3\x83\x81\xe3\x83\xa5\xe3\x83\xbc\xe3\
\x83\x88\xe3\x83\xaa\xe3\x82\xa2\xe3\x83\xab\xe5\x8b\x95\xe7\x94\
\xbb\xe3\x82\x92\xe8\xa6\x8b\xe3\x82\x8b\x0d\x0atuto\
rialDetail=Label\
Img\xe3\x81\xae\xe3\x83\x87\xe3\x83\xa2\xe5\x8b\x95\xe7\
\x94\xbb\xe3\x82\x92\xe8\xa6\x8b\xe3\x81\xbe\xe3\x81\x99\xe3\x80\
\x82\x0d\x0ainfo=LabelImg\
\xe3\x81\xab\xe3\x81\xa4\xe3\x81\x84\xe3\x81\xa6\x0d\x0ave\
rifyImg=\xe7\x94\xbb\xe5\x83\x8f\xe3\x82\
\x92\xe6\xa4\x9c\xe8\xa8\xbc\xe3\x81\x99\xe3\x82\x8b\x0d\x0av\
erifyImgDetail=\xe7\
\x94\xbb\xe5\x83\x8f\xe3\x82\x92\xe6\xa4\x9c\xe8\xa8\xbc\xe3\x81\
\x97\xe3\x81\xbe\xe3\x81\x99\xe3\x80\x82\x0d\x0asave\
=\xe4\xbf\x9d\xe5\xad\x98\xe3\x81\x99\xe3\x82\x8b\x0d\x0as\
aveDetail=\xe7\x8f\xbe\xe5\x9c\xa8\
\xe3\x81\xae\xe7\xb7\xa8\xe9\x9b\x86\xe3\x82\x92\xe4\xbf\x9d\xe5\
\xad\x98\xe3\x81\x97\xe3\x81\xbe\xe3\x81\x99\xe3\x80\x82\x0d\x0a\
saveAs=\xe5\x90\x8d\xe5\x89\x8d\xe3\x82\x92\
\xe4\xbb\x98\xe3\x81\x91\xe3\x81\xa6\xe4\xbf\x9d\xe5\xad\x98\x0d\
\x0asaveAsDetail=\xe3\x83\
\x95\xe3\x82\xa1\xe3\x82\xa4\xe3\x83\xab\xe3\x81\xab\xe5\x90\x8d\
\xe5\x89\x8d\xe3\x82\x92\xe4\xbb\x98\xe3\x81\x91\xe3\x81\xa6\xe7\
\x8f\xbe\xe5\x9c\xa8\xe3\x81\xae\xe7\xb7\xa8\xe9\x9b\x86\xe3\x82\
\x92\xe4\xbf\x9d\xe5\xad\x98\xe3\x81\x97\xe3\x81\xbe\xe3\x81\x99\
\xe3\x80\x82\x0d\x0acloseCur=\xe3\x81\
\x93\xe3\x81\xae\xe3\x83\x95\xe3\x82\xa1\xe3\x82\xa4\xe3\x83\xab\
\xe3\x82\x92\xe9\x96\x89\xe3\x81\x98\xe3\x82\x8b\x0d\x0ade\
leteImg=\xe3\x81\x93\xe3\x81\xae\xe7\x94\
\xbb\xe5\x83\x8f\xe3\x82\x92\xe5\x89\x8a\xe9\x99\xa4\xe3\x81\x99\
\xe3\x82\x8b\x0d\x0aresetAll=\xe3\x81\
\x99\xe3\x81\xb9\xe3\x81\xa6\xe5\x88\x9d\xe6\x9c\x9f\xe5\x8c\x96\
\xe3\x81\x99\xe3\x82\x8b\x0d\x0aresetAll\
Detail=\xe3\x83\x87\xe3\x83\xbc\xe3\x82\xbf\
\xe3\x82\x92\xe3\x81\x99\xe3\x81\xb9\xe3\x81\xa6\xe5\x88\x9d\xe6\
\x9c\x9f\xe7\x8a\xb6\xe6\x85\x8b\xe3\x81\xab\xe6\x88\xbb\xe3\x81\
\x97\xe3\x81\xbe\xe3\x81\x99\xe3\x80\x82\x0d\x0aboxL\
ineColor=\xe7\xb7\x9a\xe3\x81\xae\xe8\
\x89\xb2\xe3\x81\xae\xe7\xb7\xa8\xe9\x9b\x86\x0d\x0abox\
LineColorDetail=\
\xe8\x89\xb2\xe3\x81\xae\xe7\xb7\xa8\xe9\x9b\x86\xe3\x82\x92\xe8\
\xa1\x8c\xe3\x81\x84\xe3\x81\xbe\xe3\x81\x99\xe3\x80\x82\x0d\x0a\
chooseLineColor=\
\xe7\xb7\x9a\xe3\x81\xae\xe8\x89\xb2\xe3\x81\xae\xe7\xb7\xa8\xe9\
\x9b\x86\x0d\x0achooseFillCo\
lor=\xe5\xa1\x97\xe3\x82\x8a\xe3\x81\xa4\xe3\x81\xb6\
\xe3\x81\x99\xe8\x89\xb2\xe3\x81\xae\xe7\xb7\xa8\xe9\x9b\x86\x0d\
\x0ashortcut=\xe3\x82\xb7\xe3\x83\xa7\
\xe3\x83\xbc\xe3\x83\x88\xe3\x82\xab\xe3\x83\x83\xe3\x83\x88\xe4\
\xb8\x80\xe8\xa6\xa7\xe3\x82\x92\xe8\xa6\x8b\xe3\x82\x8b\xef\xbc\
\x88\xe8\x8b\xb1\xe8\xaa\x9e\xef\xbc\x89\x0d\x0aedit\
Label=\xe3\x83\xa9\xe3\x83\x99\xe3\x83\xab\xe3\
\x82\x92\xe7\xb7\xa8\xe9\x9b\x86\xe3\x81\x99\xe3\x82\x8b\x0d\x0a\
editLabelDetail=\
\xe9\x81\xb8\xe6\x8a\x9e\xe3\x81\x97\xe3\x81\x9f\xe7\x9f\xa9\xe5\
\xbd\xa2\xe3\x81\xae\xe3\x83\xa9\xe3\x83\x99\xe3\x83\xab\xe5\x90\
\x8d\xe3\x82\x92\xe5\xa4\x89\xe6\x9b\xb4\xe3\x81\x97\xe3\x81\xbe\
\xe3\x81\x99\xe3\x80\x82\x0d\x0achangeSa\
veFormat=\xe4\xbf\x9d\xe5\xad\x98\xe3\
\x81\x99\xe3\x82\x8b\xe3\x83\x87\xe3\x83\xbc\xe3\x82\xbf\xe3\x81\
\xae\xe3\x83\x95\xe3\x82\xa9\xe3\x83\xbc\xe3\x83\x9e\xe3\x83\x83\
\xe3\x83\x88\xe3\x82\x92\xe5\xa4\x89\xe6\x9b\xb4\xe3\x81\x97\xe3\
\x81\xbe\xe3\x81\x99\xe3\x80\x82\x0d\x0anextIm\
g=\xe6\xac\xa1\xe3\x81\xae\xe7\x94\xbb\xe5\x83\x8f\x0d\x0a\
nextImgDetail=\xe6\xac\
\xa1\xe3\x81\xae\xe7\x94\xbb\xe5\x83\x8f\xe3\x82\x92\xe9\x96\x8b\
\xe3\x81\x8d\xe3\x81\xbe\xe3\x81\x99\xe3\x80\x82\x0d\x0apr\
evImg=\xe5\x89\x8d\xe3\x81\xae\xe7\x94\xbb\xe5\
\x83\x8f\x0d\x0aprevImgDetai\
l=\xe5\x89\x8d\xe3\x81\xae\xe7\x94\xbb\xe5\x83\x8f\xe3\x82\
\x92\xe9\x96\x8b\xe3\x81\x8d\xe3\x81\xbe\xe3\x81\x99\xe3\x80\x82\
\x0d\x0azoomin=\xe6\x8b\xa1\xe5\xa4\xa7\x0d\
\x0azoomout=\xe7\xb8\xae\xe5\xb0\x8f\x0d\
\x0auseDefaultLabel\
=\xe6\x8c\x87\xe5\xae\x9a\xe3\x81\x95\xe3\x82\x8c\xe3\x81\x9f\
\xe3\x83\xa9\xe3\x83\x99\xe3\x83\xab\xe5\x90\x8d\xe3\x82\x92\xe4\
\xbd\xbf\xe3\x81\x86\x0d\x0aadvancedM\
ode=\xe4\xb8\x8a\xe7\xb4\x9a\xe8\x80\x85\xe5\x90\x91\
\xe3\x81\x91\xe6\xa9\x9f\xe8\x83\xbd\x0d\x0aadvan\
cedModeDetail=\xe4\xb8\
\x8a\xe7\xb4\x9a\xe8\x80\x85\xe5\x90\x91\xe3\x81\x91\xe6\xa9\x9f\
\xe8\x83\xbd\xe3\x82\x92\xe4\xbd\xbf\xe3\x81\x84\xe3\x81\xbe\xe3\
\x81\x99\xe3\x80\x82\x0d\x0aboxLabelT\
ext=\xe7\x9f\xa9\xe5\xbd\xa2\xe3\x83\xa9\xe3\x83\x99\
\xe3\x83\xab\xe4\xb8\x80\xe8\xa6\xa7\x0d\x0alabel\
s=\xe3\x83\xa9\xe3\x83\x99\xe3\x83\xab\xe4\xb8\x80\xe8\xa6\
\xa7\x0d\x0aautoSaveMode=\
\xe8\x87\xaa\xe5\x8b\x95\xe3\x81\xa7\xe4\xbf\x9d\xe5\xad\x98\xe3\
\x81\x99\xe3\x82\x8b\x0d\x0asingleCls\
Mode=\xe5\x8d\x98\xe4\xb8\x80\xe3\x81\xae\xe3\x83\
\xa9\xe3\x83\x99\xe3\x83\xab\xe3\x81\xa0\xe3\x81\x91\xe3\x82\x92\
\xe3\x82\xa2\xe3\x83\x8e\xe3\x83\x86\xe3\x83\xbc\xe3\x82\xb7\xe3\
\x83\xa7\xe3\x83\xb3\xe3\x81\x99\xe3\x82\x8b\x0d\x0adis\
playLabel=\xe3\x83\xa9\xe3\x83\x99\
\xe3\x83\xab\xe3\x82\x92\xe8\xa1\xa8\xe7\xa4\xba\xe3\x81\x99\xe3\
\x82\x8b\x0d\x0amenu_file=\xe3\x83\
\x95\xe3\x82\xa1\xe3\x82\xa4\xe3\x83\xab(&F)\x0d\x0a\
menu_edit=\xe7\xb7\xa8\xe9\x9b\x86\
(&E)\x0d\x0amenu_view=\
\xe8\xa1\xa8\xe7\xa4\xba(&V)\x0d\x0amenu\
_help=\xe3\x83\x98\xe3\x83\xab\xe3\x83\x97(\
&H)\x0d\x0amenu_openRe\
cent=\xe6\x9c\x80\xe8\xbf\x91\xe9\x96\x8b\xe3\x81\
\x84\xe3\x81\x9f\xe3\x83\x95\xe3\x82\xa1\xe3\x82\xa4\xe3\x83\xab\
(&R)\x0d\x0adrawSquare\
s=\xe5\x9b\x9b\xe8\xa7\x92\xe5\xbd\xa2\xe3\x82\x92\xe6\x9b\
\xb8\xe3\x81\x8f\x0d\x0afitWin=\xe3\x82\xa6\
\xe3\x82\xa3\xe3\x83\xb3\xe3\x83\x89\xe3\x82\xa6\xe3\x81\xab\xe5\
\x90\x88\xe3\x82\x8f\xe3\x81\x9b\xe3\x82\x8b\x0d\x0afit\
WinDetail=\xe3\x82\xa6\xe3\x82\xa3\
\xe3\x83\xb3\xe3\x83\x89\xe3\x82\xa6\xe3\x82\xb5\xe3\x82\xa4\xe3\
\x82\xba\xe3\x81\xab\xe5\x90\x88\xe3\x82\x8f\xe3\x81\x9b\xe3\x81\
\xa6\xe6\x8b\xa1\xe5\xa4\xa7\xe3\x81\x97\xe3\x81\xbe\xe3\x81\x99\
\xe3\x80\x82\x0d\x0afitWidth=\xe3\x82\
\xa6\xe3\x82\xa3\xe3\x83\xb3\xe3\x83\x89\xe3\x82\xa6\xe3\x81\xae\
\xe5\xb9\x85\xe3\x81\xab\xe5\x90\x88\xe3\x82\x8f\xe3\x81\x9b\xe3\
\x82\x8b\x0d\x0afitWidthDeta\
il=\xe3\x82\xa6\xe3\x82\xa4\xe3\x83\xb3\xe3\x83\x89\xe3\
\x82\xa6\xe3\x81\xae\xe5\xb9\x85\xe3\x81\xab\xe5\x90\x88\xe3\x82\
\x8f\xe3\x81\x9b\xe3\x81\xa6\xe6\x8b\xa1\xe5\xa4\xa7\xe3\x81\x97\
\xe3\x81\xbe\xe3\x81\x99\xe3\x80\x82\x0d\x0alight\
brighten=\xe6\x98\x8e\xe3\x82\x8b\xe3\
\x81\x8f\xe3\x81\x99\xe3\x82\x8b\x0d\x0alightb\
rightenDetail=\xe7\x94\
\xbb\xe5\x83\x8f\xe3\x81\xae\xe6\x98\x8e\xe3\x82\x8b\xe3\x81\x95\
\xe3\x82\x92\xe4\xb8\x8a\xe3\x81\x92\xe3\x82\x8b\x0d\x0ali\
ghtdarken=\xe6\x9a\x97\xe3\x81\x8f\
\xe3\x81\x99\xe3\x82\x8b\x0d\x0alightdar\
kenDetail=\xe7\x94\xbb\xe5\x83\x8f\
\xe3\x81\xae\xe6\x98\x8e\xe3\x82\x8b\xe3\x81\x95\xe3\x82\x92\xe4\
\xb8\x8b\xe3\x81\x92\xe3\x82\x8b\x0d\x0alightr\
eset=\xe5\x85\x83\xe3\x81\xae\xe6\x98\x8e\xe3\x82\
\x8b\xe3\x81\x95\x0d\x0alightreset\
Detail=\xe5\x85\x83\xe3\x81\xae\xe6\x98\x8e\
\xe3\x82\x8b\xe3\x81\x95\xe3\x82\x92\xe5\xbe\xa9\xe5\x85\x83\xe3\
\x81\x99\xe3\x82\x8b\x0d\x0alightWidg\
etTitle=\xe7\x94\xbb\xe5\x83\x8f\xe3\x81\
\xae\xe6\x98\x8e\xe3\x82\x8b\xe3\x81\x95\x0d\x0aorig\
inalsize=\xe5\x8e\x9f\xe5\xaf\xb8\xe3\
\x81\xab\xe6\x88\xbb\xe3\x81\x99\x0d\x0adispla\
yLabel=\xe3\x83\xa9\xe3\x83\x99\xe3\x83\xab\
\xe3\x82\x92\xe8\xa1\xa8\xe7\xa4\xba\xe3\x81\x99\xe3\x82\x8b\x0d\
\x0afileList=\xe3\x83\x95\xe3\x82\xa1\
\xe3\x82\xa4\xe3\x83\xab\xe4\xb8\x80\xe8\xa6\xa7\x0d\x0afi\
les=\xe3\x83\x95\xe3\x82\xa1\xe3\x82\xa4\xe3\x83\xab\
\x0d\x0aboxLabelText=\xe7\
\x9f\xa9\xe5\xbd\xa2\xe3\x83\xa9\xe3\x83\x99\xe3\x83\xab\x0d\x0a\
copyPrevBounding\
=\xe5\x89\x8d\xe3\x81\xae\xe7\x94\xbb\xe5\x83\x8f\xe3\x81\xae\
\xe7\x9f\xa9\xe5\xbd\xa2\xe3\x83\xa9\xe3\x83\x99\xe3\x83\xab\xe3\
\x82\x92\xe3\x81\x93\xe3\x81\xae\xe7\x94\xbb\xe5\x83\x8f\xe3\x81\
\xab\xe3\x82\xb3\xe3\x83\x94\xe3\x83\xbc\x0d\x0a\
\x00\x00\x07{\
\x89\
PNG\x0d\x0a\x1a\x0a\x00\x00\x00\x0dIHDR\x00\
\x00\x00 \x00\x00\x00 \x08\x06\x00\x00\x00szz\xf4\
\x00\x00\x00\x04sBIT\x08\x08\x08\x08|\x08d\x88\
\x00\x00\x00\x19tEXtSoftware\
\x00www.inkscape.or\
g\x9b\xee<\x1a\x00\x00\x07\x0dIDATX\x85\xc5\
\x97Il\x1ce\x16\xc7\x7f\xef\xab\xea\xcdn\xdb\xe9\xb6\
\xe3q\x1c\xdb11m\x07\x05\xc5\x09K4\xc9D\x80\
f\xc4\xa2DB9p\xe4\x80\x10 \x84\x10R\x0e\x13\
\x0e a\x09D\x16\x89\x1c\xb8\xc0\x81+B\x82\x03\x17\
\x92\x81d2\x08ec\x11\x0e&\x13[J<\xce\x82\
\xdbY\xecv\xa7\xbb\xdd]\xd5\xdd\xb5\xcc\xa1\xaa\xab\x17\
[s\x8b\xe6\x93J_-\xaf\xde\xff_\xff\xf7\xbe\xf7\
\xbd\x12\xd7u9(\xb2\x17\x98\x00\xc6\x810\xf7wT\
\x80)`\xe2\xa8\xeb\x9e\x90\xbf\xc3\xde\xaeX\xec\xf8\xdf\
\x1ez\x88\x1dCCDt\xfd\xbe\xa2\x97-\x8b\x8b7\
orzf\x86\x9ca\xec\xd3\x81\x89\xbfn\xd9\xc2\xf8\
\xc6\x8d\x5c\x99\x9fg>\x93\xa1jYk\xbe,\x22h\
\x22(\xa5\xd0\xfcC)\x85&\x12\x9c+\xa5P\xbeM\
\xeb\xac+E\x22\x1e\xe7\xd1\xa1!\x5c\xd7\xe5\xeb\x8b\x17\
't`||p\x90\xab\xe94\xf9\xe1aR\xaf\xbe\
\x8a\x16\x89\xac\x85\x8e\x00J\x04DP\xfe=%\x82\xf8\
\xcf\xa4\xe5\x9c\xc6\xfb\x00\xd5*\xa53g\xc8\xcd\xce2\
>8\xc8\xd7\x17/\x8e\xeb@8\xaci\xa43\x19R\
\xaf\xbd\x86\x1e\x8f\xaf\xc6np\x12\xea\xea\x22\xdc\xddM\
(\x91@\xeb\xea\xc2\xb2m\xccL\x06)\x14\xd0VV\
pVV\x02\xb5\xa4u\x0e\x85\x88?\xf1\x04\xf9\xcb\x97\
Y\xe7\xe1\x84u\x00\xd7u\xa9\xda6\xaemc\xf9\x0e\
Z\xc1\xe3##$w\xedB\x8f\xc5V\x11\xec\xec\xef\
\xaf\xc7\xb8X\xe4\xc6\xe9\xd3$\x0b\x05\x10\x09\xd4\x0bf\
\xc7\x01\x11\x5c\xd7\x05  \x00`\x15\x8b\x88\xa65\xc7\
<\x16\xa3\xf7\xa9\xa7\xe8\x18\x1d]3/ZG\xa4\xbd\
\x9d\xd1\xe7\x9f\xe7\xc6\xe4$29I\xbbRup\x11\
\xc4qP\xad\x04\x1c\xff\xc2.\x16\xc1' @|x\
\x98\xfe\xfd\xfb\x095\x84\xc5\xb1m\x96\xe6\xe7\xb937\
\xc7\xdd\xb99\xda\x22\x11\x12CCt\x0f\x0f\xd3=0\
\x80\xf2\x017=\xf2\x08\xc5\xcd\x9b\xb9\xf6\xd5W\xf4W\
*\x01\x01\xd7qPJ\x05\x98\x1e\x01\xc7\x01\xa0\x9a\xcf\
#\xa1\x10J\x04=\x1e_\x05~\xed\xb7\xdf\xf8\xd7\xa7\
\x9f\xb2)\x14b}<\xceH,\x86R\x0a\xb9q\x83\
\xdc\xf7\xdfs+\x12\xa1o\xff~z\xb7l\x01\xa0}\
\xdd:\x1ex\xe1\x05\xa6>\xfa\x88-\x89\x84\xa7\x80\xeb\
\xa2D\x02L\x05`\xfb\x17\xb7N\x9e\xa4\xba\xbc\x8c]\
*\xd1\xbfo_\x00^5M\xfe\xf1\xf1\xc7\x9c;r\
\x84?\xb7\xb7\xf3@{;\x1d\x80k\x9a\xb8\x86\x81k\
\x18D,\x8bd\xa9\x84\xf5\xc5\x17\x5c\xff\xf2K\xaa\xe5\
\xb2G\x22\x91`\xfds\xcf\x91\xcbf\xc14\x11\xd3D\
D\x02L\xd5\x14\x82\x5c\x8e\xa5\x1f~\xa0cd\x84u\
\xdb\xb7\x07_~\xea\x93O\xa8^\xb8\xc0c==\x84\
,\xcb\x035M\x22\x03\x03D\x06\x07q\x0d\xc3s\xee\
\xcf\x91\xc9I\xf2\xdf|\x13\xbc\x9f\xda\xb3\x87tw7\
\xf8d\x95H\x80\x19(\xa0\xc0\x93\xb3Ze\xe8\xc5\x17\
\xeb\xb2\xff\xfa+7O\x9c`$\x16\xf3\x80K%\x1c\
\xc3 \xf9\xec\xb3\xf4\xbf\xf1\x06}\xaf\xbfNa\xd7.\
\x8c\x5c\x0e\xd74\xa1T\x02\xc3\xc0:s\x86\xc2\xccL\
\xe0\xe7\xd1\x97_\xe6\xf2\xfc\xbc\xa7@\x83\xea\xaa\x96\x03\
\xb5\x8a\xd6\x91J\x11N&\x83\x84;\xfe\xc1\x07\xec\xe8\
\xec\xf4\xd8\x97J\x01\x89\xf8\xce\x9d\x81\xf3MO>\xc9\
\xd5;w\xa0T\xf2H\x18\x06\x18\x06\xe5\xcf?\xc7\xb5\
m\x00b]]d\xc3a\x9cL\x06Y\x95\x03\xae\x1b\
\x94\xd3u\xdb\xb6\x05\x8e\xef^\xb9Bxf\x86h\x0b\
8\xa6\x894T\xcbp,F\xaeP\x80\x1a\xb8i\x82\
i\xe2\xcc\xcfSM\xa7\x03\xbb\xe8\x86\x0dT\xd3i\x94\
\x08vc\x08\x1c\xc7\x09jyW\x03\x81\xf4\xd4\x14]\
\x8eC5\x9d\xc6ZZ\xf2\xe4\xad\x814\x0e\xd7\x85J\
\x05\xcae\xa4\x5c\x0e\x08\x88i\xe2\xcc\xcd\x05f\xbd\xa9\
\x14\xf7,k\x0d\x05j!P\x8a\x8e\x87\x1f\x0e^X\
\xf8\xfdw\x92\xa1\x90\xb7\xb6\x0d\x03{y\x19\xf7\xde=\
\xdcb\xd1\x03m\x1c\x95J\xf0\xf5R*A>\x8f\x9b\
\xcdb]\xba\x14\x98\xfci\xebV2\xd5*J\xa9 \
\x07t\x00\xdb\xb6\xd1\x94BjU\xcb\x1f\x22B\x5c\xd7\
\x83\xddL\x03\xc4\xb6\xbd\xafl\x19R.#\x86Q\xdf\
\x90\xfc\x8d\xaa\xc5!+\xb6\xed-C?7\x14\x80\xe5\
\x87@S\x0acz:\xb0\xdf8>N\xb1A\x9d\xc6\
\xed\xb6u(\x1fP5\x80\x8b\x08\xa1\xb1\xb1\xc0f\xf1\
\xf2e\x12\xe10J\x04\xab)\x04\xb6\x8d\xf8\xab\xa0\xd8\
@\xa0\x7f\xdb6\x0a\xb5\xfch\xd9\xdbW)\xb0\x06\xb8\
\x12AO\xa5\xea\x04\xa6\xa7Y\x1f\x89\xacV\xc0v\x9c\
\xa0\xd10\x1a\xd6\xee\xfaT\x0a\xab\xafo\xcd\x06\xa3U\
\x83F\xd0\xda\xa1\xf5\xf5\xa1\x86\x86\x02\x9b\xcc\xccL\x9d\
@k\x12\x8a/o\xe5\xfau*\xd9\xac\xf7P\xd3x\
\xfc\xfd\xf7)\xf8;X#\x89F\xa2w.]\x22\xa2\
i\xcd!P\x8a\xb6\x03\x07\x82\xdd\xd5\xc8fQ\xe94\
\xbaR\xab\x0b\x91e\xdbu\xe7\x22\xa4\x8f\x1e\x0d\x9c\x0f\
\xef\xde\x8d\xb1o_\xd0\xfd\xd4\xecJ\x9f}\xc6\xad\x1f\
\x7f\xe4\xe6\xf9\xf3\x9c?v\x8c\x91\xb6\xb6&\xf0\xf0\xde\
\xbd\xe8\xe3\xe3\x81\x9fs\x87\x0e1\x16\x8f{\xca\x89`\
\xf9!\xd0k\x0a\xa8Z_'B\xe9\xf4i\x16O\x9d\
b\xfd\xd3O\x03\xb0\xfb\xed\xb7\xf9\xb7\xae\x938y2\
 a\xcf\xce\x22\xef\xbcC\xbeZeO(D[4\
\xda\x04\x1ey\xe5\x95\x00|\xf6\xdbo)\x9f=\xcbX\
oo\xd0\xa6\xad\x0aAk\xa2\xe5\x8e\x1d\xc3\xccd\x00\
\x08\xc5b\xecx\xf7]\xc2\x87\x0fS\xee\xe9\xa9\xc7Y\
)\xfa\xa2Q\xdat\xddk^6l\xa0\xfd\xc3\x0f\x89\
\xbd\xf9&*\x1a\x05\xa0\xb4\xb8\xc8\xcfG\x8e\xf0\x97d\
\xd2\x03o!\xa0\xd7B\x10\x0d\x87\x9bb\xec\xe6r\xdc\
}\xef=z&&h\xeb\xe9\x01\xa0\x7f\xf7n\x9c\x9d\
;)^\xbbF\xe5\xca\x15\xe4\xeaU\x22\x9a\x866:\
\x8aJ\xa5\x08m\xda\xd4\xd4Q\x95\x16\x17\xf9\xe7\xc1\x83\
l\xd74\xdaC\xa1\x00\xdcm\x0dAS\x0e4\xcc\xf6\
\xd4\x14\x0b/\xbdD\xe4\xad\xb7\x18|\xe6\x19O2]\
\xa7#\x95\x82\x86\xe5\xb5\xd6\xf8\xcfw\xdf1y\xf4(\
\x8f\xe9:\x03\x1d\x1d\xf5\xce\xd8oJV\x13\x80\xb5{\
\xf9\x95\x15\xd4\xe1\xc3\xcc\x9e=\xcb\xc6\x03\x07\x88%\x12\
\xff\x13\xd8\xc8f9w\xe8\x10\xea\xc2\x05\xf6&\x12\x84\
5\xad\x19\xdc\xb7k&\xe08\xb8\xb0\xe6z\xd7\x94B\
D\xe88\x7f\x9e\xc5s\xe7\xb8\xdd\xdb\x8b\x1a\x1d%6\
6F\xf7\xd6\xad\x80W\xe12\xd3\xd3Tfg\x89.\
,0\x12\x8b1\xd0\xdd\xdd\x14\xf3\xc6\x7f\x84\xaam\x07\
\x95P\x07*\xa6e\x85\x8b\xa6I\xb4\xb3sM\xf0Z\
\xd2\xb5)\xc5\x83\xcb\xcb\xc8O?\xa1~\xf9\x05\xd3q\
\xc8Y\x16\x09Mcs8\xec\xad\xf1d\xb2\x0e\xb8\x06\
\xb8\x88\x90^Z\xc2\xf4\xfe\xbe*:0u\xbbPx\
\x5c\xc3\xeb\x84\x93\x9d\x9d(\xd7E\xfc\xd6\xb9&Ym\
\xefs\xfc\xbf\x22\xc7u\x89*E\x9b_\xd9\xc4\xbf'\
\xae[\x07\xac\x9d\xfb\xfel\xdbf~q\x91\xab\x0b\x0b\
\xdc.\x14\x00\xa6t`\xe2f>\x7f\xdc\x05\xca\xb6\xcd\
\x82_\x05\xef\xd7\xb0]\x97\xc5R\x89?\xf2y\x80\x09\
\xf9\x7f\xff\x9e\xff\x17\xc5\xd6=\x9a\xb0\xf3k\xe8\x00\x00\
\x00\x00IEND\xaeB`\x82\
\x00\x00\x09\x9c\
s\
aveAsDetail=\xe5\xb0\x87\xe6\
\xa8\x99\xe7\xb1\xa4\xe4\xbf\x9d\xe5\xad\x98\xe5\x88\xb0\xe5\x85\
\xb6\xe4\xbb\x96\xe6\x96\x87\xe4\xbb\xb6\x0d\x0achan\
geSaveDir=\xe6\x94\xb9\xe8\xae\x8a\
\xe5\xad\x98\xe6\x94\xbe\xe7\x9b\xae\xe9\x8c\x84\x0d\x0aop\
enFile=\xe9\x96\x8b\xe5\x95\x9f\xe6\xaa\x94\
\xe6\xa1\x88\x0d\x0ashapeLineCo\
lorDetail=\xe6\x9b\xb4\xe6\x94\xb9\
\xe7\xb7\x9a\xe6\xa2\x9d\xe9\xa1\x8f\xe8\x89\xb2\x0d\x0are\
setAll=\xe9\x87\x8d\xe7\xbd\xae\x0d\x0ac\
rtBox=\xe5\x89\xb5\xe5\xbb\xba\xe5\x8d\x80\xe5\
\xa1\x8a\x0d\x0acrtBoxDetail\
=\xe7\x95\xab\xe4\xb8\x80\xe5\x80\x8b\xe5\x8d\x80\xe5\xa1\x8a\
\x0d\x0adupBoxDetail=\xe8\
\xa4\x87\xe8\xa3\xbd\xe5\x8d\x80\xe5\xa1\x8a\x0d\x0aver\
ifyImg=\xe9\xa9\x97\xe8\xad\x89\xe5\x9c\x96\
\xe5\x83\x8f\x0d\x0azoominDetai\
l=\xe6\x94\xbe\xe5\xa4\xa7\x0d\x0averify\
ImgDetail=\xe9\xa9\x97\xe8\xad\x89\
\xe5\x9c\x96\xe5\x83\x8f\x0d\x0asaveDeta\
il=\xe5\xb0\x87\xe6\xa8\x99\xe7\xb1\xa4\xe5\xad\x98\xe5\
\x88\xb0\x0d\x0aopenFileDeta\
il=\xe6\x89\x93\xe9\x96\x8b\xe5\x9c\x96\xe5\x83\x8f\x0d\
\x0afitWidthDetail=\
\xe8\xaa\xbf\xe6\x95\xb4\xe5\x88\xb0\xe7\xaa\x97\xe5\x8f\xa3\xe5\
\xaf\xac\xe5\xba\xa6\x0d\x0alightbrig\
hten=\xe8\xae\x8a\xe4\xba\xae\x0d\x0alig\
htbrightenDetail\
=\xe5\xa2\x9e\xe5\x8a\xa0\xe5\xbd\xb1\xe5\x83\x8f\xe4\xba\xae\
\xe5\xba\xa6\x0d\x0alightdarken\
=\xe8\xae\x8a\xe6\x9a\x97\x0d\x0alightda\
rkenDetail=\xe9\x99\x8d\xe4\xbd\
\x8e\xe5\xbd\xb1\xe5\x83\x8f\xe4\xba\xae\xe5\xba\xa6\x0d\x0al\
ightreset=\xe5\x8e\x9f\xe6\x9c\xac\
\xe4\xba\xae\xe5\xba\xa6\x0d\x0alightres\
etDetail=\xe6\x81\xa2\xe5\xbe\xa9\xe5\
\x8e\x9f\xe6\x9c\xac\xe4\xba\xae\xe5\xba\xa6\x0d\x0alig\
htWidgetTitle=\xe5\xbd\
\xb1\xe5\x83\x8f\xe9\x87\x8f\xe5\xba\xa6\x0d\x0atuto\
rialDefault=YouT\
ube\xe6\x95\x99\xe5\xad\xb8\x0d\x0atutor\
ialChrome=YouTub\
e\xe6\x95\x99\xe5\xad\xb8(Chrome)\x0d\
\x0ainfo=\xe7\x89\x88\xe6\x9c\xac\xe4\xbf\xa1\xe6\
\x81\xaf\x0d\x0ashortcut=\xe5\xbf\xab\
\xe6\x8d\xb7\xe9\x8d\xb5\x0d\x0aeditLabe\
l=\xe7\xb7\xa8\xe8\xbc\xaf\xe6\xa8\x99\xe7\xb1\xa4\x0d\x0a\
openAnnotationDe\
tail=\xe6\x89\x93\xe9\x96\x8b\xe6\xa8\x99\xe7\xb1\
\xa4\xe6\x96\x87\xe4\xbb\xb6\x0d\x0aquit=\xe7\xb5\
\x90\xe6\x9d\x9f\x0d\x0ashapeFillC\
olorDetail=\xe6\x9b\xb4\xe6\x94\
\xb9\xe5\xa1\xab\xe5\x85\x85\xe9\xa1\x8f\xe8\x89\xb2\x0d\x0ac\
loseCurDetail=\xe9\x97\
\x9c\xe9\x96\x89\xe7\x9b\xae\xe5\x89\x8d\xe6\xaa\x94\xe6\xa1\x88\
\x0d\x0acloseCur=\xe9\x97\x9c\xe9\x96\
\x89\x0d\x0adeleteImg=\xe5\x88\xaa\
\xe9\x99\xa4\xe5\x9c\x96\xe5\x83\x8f\x0d\x0adelet\
eImgDetail=\xe5\x88\xaa\xe9\x99\
\xa4\xe7\x9b\xae\xe5\x89\x8d\xe5\x9c\x96\xe5\x83\x8f\x0d\x0af\
itWin=\xe8\xaa\xbf\xe6\x95\xb4\xe5\x88\xb0\xe8\
\xb7\x9f\xe7\xaa\x97\xe5\x8f\xa3\xe4\xb8\x80\xe6\xa8\xa3\xe5\xa4\
\xa7\xe5\xb0\x8f\x0d\x0adelBox=\xe5\x88\xaa\
\xe9\x99\xa4\xe9\x81\xb8\xe5\x8f\x96\xe5\x8d\x80\xe5\xa1\x8a\x0d\
\x0aboxLineColorDet\
ail=\xe9\x81\xb8\xe6\x93\x87\xe6\xa1\x86\xe7\xb7\x9a\
\xe9\xa1\x8f\xe8\x89\xb2\x0d\x0aoriginal\
size=\xe5\x8e\x9f\xe5\xa7\x8b\xe5\xa4\xa7\xe5\xb0\
\x8f\x0d\x0aresetAllDetai\
l=\xe9\x87\x8d\xe8\xa8\xad\xe6\x89\x80\xe6\x9c\x89\xe8\xa8\
\xad\xe5\xae\x9a\x0d\x0azoomoutDet\
ail=\xe7\x95\xab\xe9\x9d\xa2\xe6\x94\xbe\xe5\xa4\xa7\
\x0d\x0asave=\xe5\x84\xb2\xe5\xad\x98\x0d\x0as\
aveAs=\xe5\x8f\xa6\xe5\xad\x98\xe7\x82\xba\x0d\
\x0afitWinDetail=\xe7\xb8\
\xae\xe6\x94\xbe\xe5\x88\xb0\xe7\xaa\x97\xe5\x8f\xa3\xe4\xb8\x80\
\xe6\xa8\xa3\x0d\x0aopenDir=\xe9\x96\x8b\
\xe5\x95\x9f\xe7\x9b\xae\xe9\x8c\x84\x0d\x0acopyP\
revBounding=\xe8\xa4\x87\xe8\
\xa3\xbd\xe7\x95\xb6\xe5\x89\x8d\xe5\x9c\x96\xe5\x83\x8f\xe4\xb8\
\xad\xe7\x9a\x84\xe4\xb8\x8a\xe4\xb8\x80\xe5\x80\x8b\xe9\x82\x8a\
\xe7\x95\x8c\xe6\xa1\x86\x0d\x0ashowHide\
=\xe9\xa1\xaf\xe7\xa4\xba/\xe9\x9a\xb1\xe8\x97\x8f\xe6\xa8\
\x99\xe7\xb1\xa4\x0d\x0achangeSave\
Format=\xe6\x9b\xb4\xe6\x94\xb9\xe5\x84\xb2\
\xe5\xad\x98\xe6\xa0\xbc\xe5\xbc\x8f\x0d\x0ashape\
FillColor=\xe5\xa1\xab\xe5\x85\x85\
\xe9\xa1\x8f\xe8\x89\xb2\x0d\x0aquitApp=\
\xe9\x9b\xa2\xe9\x96\x8b\xe6\x9c\xac\xe7\xa8\x8b\xe5\xbc\x8f\x0d\
\x0adupBox=\xe8\xa4\x87\xe8\xa3\xbd\xe5\x8d\
\x80\xe5\xa1\x8a\x0d\x0adelBoxDeta\
il=\xe5\x88\xaa\xe9\x99\xa4\xe5\x8d\x80\xe5\xa1\x8a\x0d\
\x0azoomin=\xe6\x94\xbe\xe5\xa4\xa7\xe7\x95\
\xab\xe9\x9d\xa2\x0d\x0ainfo=\xe8\xb3\x87\xe8\xa8\
\x8a\x0d\x0aopenAnnotatio\
n=\xe9\x96\x8b\xe5\x95\x9f\xe6\xa8\x99\xe7\xb1\xa4\x0d\x0a\
prevImgDetail=\xe4\xb8\
\x8a\xe4\xb8\x80\xe5\x80\x8b\xe5\x9c\x96\xe5\x83\x8f\x0d\x0af\
itWidth=\xe7\xb8\xae\xe6\x94\xbe\xe5\x88\
\xb0\xe8\xb7\x9f\xe7\x95\xab\xe9\x9d\xa2\xe4\xb8\x80\xe6\xa8\xa3\
\xe5\xaf\xac\x0d\x0azoomout=\xe7\xb8\xae\
\xe5\xb0\x8f\xe7\x95\xab\xe9\x9d\xa2\x0d\x0achang\
eSavedAnnotation\
Dir=\xe6\x9b\xb4\xe6\x94\xb9\xe9\xa0\x90\xe8\xa8\xad\
\xe6\xa8\x99\xe7\xb1\xa4\xe5\xad\x98\xe7\x9a\x84\xe7\x9b\xae\xe9\
\x8c\x84\x0d\x0anextImgDetai\
l=\xe4\xb8\x8b\xe4\xb8\x80\xe5\x80\x8b\xe5\x9c\x96\xe5\x83\
\x8f\x0d\x0aoriginalsizeD\
etail=\xe6\x94\xbe\xe5\xa4\xa7\xe5\x88\xb0\xe5\
\x8e\x9f\xe5\xa7\x8b\xe5\xa4\xa7\xe5\xb0\x8f\x0d\x0apre\
vImg=\xe4\xb8\x8a\xe4\xb8\x80\xe5\x80\x8b\xe5\x9c\
\x96\xe5\x83\x8f\x0d\x0atutorialDe\
tail=\xe9\xa1\xaf\xe7\xa4\xba\xe7\xa4\xba\xe7\xaf\
\x84\xe5\x85\xa7\xe5\xae\xb9\x0d\x0ashapeLi\
neColor=\xe5\xbd\xa2\xe7\x8b\x80\xe7\xb7\
\x9a\xe6\xa2\x9d\xe9\xa1\x8f\xe8\x89\xb2\x0d\x0aboxL\
ineColor=\xe6\x97\xa5\xe6\x9c\x9f\xe5\
\x88\x86\xe9\x9a\x94\xe7\xb7\x9a\xe9\xa1\x8f\xe8\x89\xb2\x0d\x0a\
editLabelDetail=\
\xe4\xbf\xae\xe6\x94\xb9\xe6\x89\x80\xe9\x81\xb8\xe5\x8d\x80\xe5\
\xa1\x8a\xe7\x9a\x84\xe6\xa8\x99\xe7\xb1\xa4\x0d\x0anex\
tImg=\xe4\xb8\x8b\xe4\xb8\x80\xe5\xbc\xb5\xe5\x9c\
\x96\xe7\x89\x87\x0d\x0auseDefault\
Label=\xe4\xbd\xbf\xe7\x94\xa8\xe9\xa0\x90\xe8\
\xa8\xad\xe6\xa8\x99\xe7\xb1\xa4\x0d\x0auseDif\
ficult=\xe6\x9c\x89\xe9\x9b\xa3\xe5\xba\xa6\
\xe7\x9a\x84\x0d\x0aboxLabelTex\
t=\xe5\x8d\x80\xe5\xa1\x8a\xe7\x9a\x84\xe6\xa8\x99\xe7\xb1\
\xa4\x0d\x0alabels=\xe6\xa8\x99\xe7\xb1\xa4\
\x0d\x0aautoSaveMode=\xe8\
\x87\xaa\xe5\x8b\x95\xe5\x84\xb2\xe5\xad\x98\xe6\xa8\xa1\xe5\xbc\
\x8f\x0d\x0asingleClsMode\
=\xe5\x96\xae\xe4\xb8\x80\xe9\xa1\x9e\xe5\x88\xa5\xe6\xa8\xa1\
\xe5\xbc\x8f\x0d\x0adisplayLabe\
l=\xe9\xa1\xaf\xe7\xa4\xba\xe9\xa1\x9e\xe5\x88\xa5\x0d\x0a\
fileList=\xe6\xaa\x94\xe6\xa1\x88\xe6\
\xb8\x85\xe5\x96\xae\x0d\x0afiles=\xe6\xaa\x94\
\xe6\xa1\x88\x0d\x0aadvancedMod\
e=\xe9\x80\xb2\xe9\x9a\x8e\xe6\xa8\xa1\xe5\xbc\x8f\x0d\x0a\
advancedModeDeta\
il=\xe5\x88\x87\xe5\x88\xb0\xe9\x80\xb2\xe9\x9a\x8e\xe6\
\xa8\xa1\xe5\xbc\x8f\x0d\x0ashowAllBo\
xDetail=\xe9\xa1\xaf\xe7\xa4\xba\xe6\x89\
\x80\xe6\x9c\x89\xe5\x8d\x80\xe5\xa1\x8a\x0d\x0ahide\
AllBoxDetail=\xe9\x9a\xb1\
\xe8\x97\x8f\xe6\x89\x80\xe6\x9c\x89\xe5\x8d\x80\xe5\xa1\x8a\x0d\
\x0amenu_file=\xe6\xaa\x94\xe6\xa1\
\x88(&F)\x0d\x0amenu_edit\
=\xe7\xb7\xa8\xe8\xbc\xaf(&E)\x0d\x0amen\
u_view=\xe6\xaa\xa2\xe8\xa6\x96(&V\
)\x0d\x0amenu_help=\xe8\xaa\xaa\
\xe6\x98\x8e(&H)\x0d\x0amenu_op\
enRecent=\xe6\x9c\x80\xe8\xbf\x91\xe9\
\x96\x8b\xe5\x95\x9f(&R)\x0d\x0a\
\x00\x00\x04K\
\x89\
PNG\x0d\x0a\x1a\x0a\x00\x00\x00\x0dIHDR\x00\
\x00\x00\x18\x00\x00\x00\x18\x08\x06\x00\x00\x00\xe0w=\xf8\
\x00\x00\x00\x04gAMA\x00\x00\xb1\x8f\x0b\xfca\x05\
\x00\x00\x00\x06bKGD\x00\xff\x00\xff\x00\xff\xa0\xbd\
\xa7\x93\x00\x00\x00\x09pHYs\x00\x00\x0b\x12\x00\x00\
\x0b\x12\x01\xd2\xdd~\xfc\x00\x00\x00\x07tIME\x07\
\xd2\x01\x07\x0b\x04'\xfe\xa6\x99\x03\x00\x00\x03\xc8ID\
ATx\xda\xb5\x96\xc1K\x1cg\x14\xc0\x7f\xdf\xb7:\
\x8b\xee\xaen\xddU\x10\xa3+\x9aC/Z\x0dzp\
\x84(\xe8e#\xae\x04\xebQ=\xd4\xc3^R07\
\xff\x02\x0fB\xc0\xff\xa0=\x84\x1e\x96\x88\x94V\xd0\x9e\
\x84D\xa3\xd2\x9a\x88 \xbaJR\xc1HX\x11Zu\
gfg\xbe\x99^\xdc\xa9m\xa3\x96b?x\xf0x\
\xf3x\xbf\xef\xbd\xc7{\xdf\xc0\xff|\xc4u\x1f\x92\xc9\
d*\x97\xcb\x8dX\x96\xa5;\x8e\xd3\xa0\x94\x028\x04\
V*++3\x1b\x1b\x1b\xdf\xff'\xc0\xe8\xe8\xe8\x83\
\xb7o\xdf>\x93R\xf6\xf4\xf5\xf5\xd1\xda\xdaJ,\x16\
\xc3u]r\xb9\x1c\xeb\xeb\xeb,..\xe28\xcer\
]]\xdd\xd3\xb5\xb5\xb5_\xfe5\xa0\xb7\xb77u|\
|\xfcB\xd7\xf5\x92\xe1\xe1ajjj(--E\
\x08\x81\xeb\xba\xd8\xb6\x8di\x9a|\xf8\xf0\x81\xe7\xcf\x9f\
\xb3\xba\xba\xeaD\xa3\xd1\xe1\x83\x83\x83k\xb3\x09\x14\x95\
\xa1\xa1\xa1\x07\xd9l\xf6\xa7\xc7\x8f\x1f\x97\x8c\x8f\x8f\x13\
\x8f\xc7\x89D\x22TUU\x11\x8f\xc7\xa9\xae\xae&\x16\
\x8b\x11\x0e\x87\x09\x87\xc3\xb4\xb4\xb4`\x18\x86|\xf3\xe6\
\xcd\xc8\xbd{\xf7~<===\xbe\x11P(\x14\xbe\
\xd3u\xbdibb\x82p8L4\x1a\xa5\xba\xba\x9a\
p8L0\x18$\x10\x08\x10\x08\x04\x08\x06\x83D\x22\
\x11B\xa1\x10\xcd\xcd\xcd\xec\xed\xed\xc9\xfd\xfd\xfd\xcf-\
\xcb\xfa\xe6S\x00\x09\xd0\xd6\xd6\x96r]\xb7gll\
\x8c\xf2\xf2r\xa2\xd1(\xf1x\x1cM\xd3\x08\x04\x02<\
z\xf4\x88\x81\x81\x01\x1f\x22\xa5$\x14\x0a\xd1\xd4\xd4D\
:\x9d\xc6\xf3\xbc\x9e\xaa\xaa\xaa\xd4\xb5\x80\x5c.7\x92\
J\xa5\xa8\xad\xad%\x14\x0aQQQ\x81\x10\x02)%\
B\xfc\xd9&!\x04B\x08\x1f\x22\xa5\xa4\xad\xad\x8dd\
2\x89a\x18#\xd7\x02,\xcb\xd2\xbb\xbb\xbb\xd14\x8d\
H$\x82\x10\x02\xcf\xf3\xf0<\xef/\xceE\xdbU\xbb\
\x10\x82\xfe\xfe~\x94R\xfa\xa7\x00%\x00J\xa9\x86\xfa\
\xfaz\x82\xc1\xa0\x1f|``\xc0\x0fpe6|@\
&\x93\xf1\xf5\xfb\xf7\xef\x034\xdc\x04@\x08AII\
\x09J)\x94Rx\x9e\xe7\xc3>\x95\x81R\x0a\xdb\xb6\
q\x1c\x07\xdb\xb6\xff\x91\xed\xdf\x01\x87\xef\xde\xbdk\xaa\
\xab\xab\xc3\xb6m\x84\x10\xcc\xcd\xcd\xf9\xb5\x1e\x1c\x1c\x04\
`~~\x1e\xc7qPJa\x9a&\xb6mS(\x14\
\xd8\xdd\xddE)uxm\x0f<\xcf[YZZ\xc2\
4M\x0a\x85\x02\x96eQ(\x14|\xddu]\x5c\xd7\
\xf5m\xa6ib\x18\x06\x96eaY\x16\x8b\x8b\x8b\xb8\
\xae\xbbr-@J\x99\xc9d2d\xb3Y\x0c\xc3 \
\x9f\xcfc\x18\x86/E@>\x9f\xf7\xc5\xb2,\x0c\xc3\
`gg\x87\x85\x85\x05\x80\xccM\xab\x22\xa1i\xda\xb7\
\x9d\x9d\x9d=\xb3\xb3\xb3h\x9a\x86\x94\x12M\xd3\xfc>\
\x08!\xfc\xfe\x14W\xc6\xc5\xc5\x05\x93\x93\x93lmm\
-\x03\xbd7M\xf2oR\xca\xad\xa3\xa3\xa3\xaf>~\
\xfc(\xdb\xdb\xdb\xfd\xe6\x15\xcbe\x18\x86_\x9e|>\
\xcf\xd9\xd9\x19333\xac\xae\xae:\xc0\xd7@\xf6\xc6\
U\xe1\xba\xae&\x84X\xde\xdd\xdd\x1d\xd9\xdc\xdc\x94\xf5\
\xf5\xf5\x94\x95\x95\xf9\xc1\x8b\xf5>??g{{\x9b\
\xe9\xe9i^\xbf~\xed\x00y\xe0K\xe0\x14\xf8\xf9\xb6\
u\x9d\x00bB\x88gR\xca\x9e\x87\x0f\x1f\xd2\xd5\xd5\
Ecc#\x00\x07\x07\x07\xbcz\xf5\x8a\x97/_\x02\
,\x03O\x81\x17\xc0g\x97\x97=\x01\x9e\x00?\xdc\xf6\
\xe0$\x80/\x80\x11@\xbf2D\x87\xc0\xcaeCO\
\x80#\x80\xc6\xc6\xc6m@\xbc\x7f\xff^\x026\x90\xbc\
\xf4\xbb\xf5$n\x90\xab>'\xe9t\xda\xee\xe8\xe80\
\x80\xdf/\xcb\x96\xb8\xcb\xa77\x01\x9cMMM)]\
\xd7\x1d\xe0\x0c8\xbfKH1+3\x9dN\xdb\x89D\
\xc2\xbek\xc0U\xc81\xa0\x80\x1e !\xee\xf8/\xe5\
\xea\x8d\x7f\x05\xf8\x03\xd8\xcb\xf0\xd4\x8e\x80^7\x00\x00\
\x00\x00IEND\xaeB`\x82\
\x00\x00\x09@\
\x89\
PNG\x0d\x0a\x1a\x0a\x00\x00\x00\x0dIHDR\x00\
\x00\x000\x00\x00\x000\x08\x06\x00\x00\x00W\x02\xf9\x87\
\x00\x00\x00\x04gAMA\x00\x00\xaf\xc87\x05\x8a\xe9\
\x00\x00\x00\x19tEXtSoftware\
\x00Adobe ImageRead\
yq\xc9e<\x00\x00\x08\xd2IDATx\xda\xed\
\x99yp\x95\xd5\x19\x87\x9f\xf3mw\xc9\xbeo\x04\xb3\
\x10C\x88D\xc4 \x8a \xc56\x18\x0ab\x15\xaa#\
\xa8m\xc5v\xb4Z\xa7\xa3N;\xb6\xce\xb4\x9d\xb1\x8e\
\xfd\xc3\xa9\x8e\xb5U+n\x80 \x19\xb1\x08&\xb2\x88\
\xa0 \xa2HX\x22\xa1,\x22\x89\x82Y\x09I\xee\xfe\
}\xdf\xe91\x89\x93\xb1\xf8g\xb9\x89S\xde\x99\xdf\xdc\
3s\xef\x9dy~\xef\xf7\x9e\xf9\xde\xf3\x1eCJ\xc9\
w9\x0c\xe0\xbc\x81\xf3\x06\xfeW\x06\xc4\xcd)|k\
H\x94\x84\x92\x0e\xae\x18\x5c\xbb\xda\x80\x86\xd7\x02\xa46\
(G\xfc\xd7\xef\x07\xbf\x1fZ\x9f\xfd\xdf\xe1\xc8C\xf2\
\x07\xe0r\x04\xcb`@\xedg\xe1\xec\xde=*\x9f\xc0\
X\x5c\xb1\x1c\x87\x19\xe8\x12l\xedb\x0c\xf7\x0e\x04?\
\x07\xb6\x8f\xf6\x12\xaa\xc4\x16\xaf[\x1e\xb7l\xec\xf5\xdd\
\xb4\xf9c\x84\xf7\xfb\x88\x1dH\x1d\x8fd#\x9a\xbc\x17\
xn\xb4\x1a\x98JL[\xa5\x99n\xd1\xec%\x9f\xa3\
UG8\xdd\xe6\xc5(\xe9 X\x14 \xd2\x90\xa7\x9c\
h\x7fC\x97g\x80\xba\xd1f`\x0eQ\xf1\x8c7%\
V8\xfb\x17\xad\x8c\x9f\xd2\xcb\xc9>?\x09\xc2CX\
\x97\xf8.\xe9\x07\xb3\x95H}\x81\x87\x90\xf1\x0c\xbal\
\x06\x9aF\x89\x019\x9f\x88\xbe21;\xe2\x9fsW\
+E\x13\xfb\x09\x07\x0d\xd2M\x9b|\xbf\xe4\x84\xeb\xc3\
\x13\x05\xaa\x02\xc8@\x1b\xd1\xfa1i\xe8\xf2i\xe0\x1a\
 0\xd2\x06\x16\x13\xd5\x96&\xe7\x85=s\xeeja\
lE\x88\x88\x82\x97RC\x13P\x99\xd0Gw,\x91\
^ib\xc5\xfc\xb8\xeaI8\xc7{p\x9aS\xaf\xc4\
to\x04^\x18!\x03\x02\xe07\x84\xb5\x87\xb3J\x02\
\xe6\xbc{ZI\xcf\x8b\x0e\xc1\x0b@\xe0HH\xd4\xa3\
\xcc\xcf)\xa1\xbe\xa3\x93\xce@\x17\x96n\xe1L\xeb!\
p,\x09\x5cm\xf1\x08\x1a\xe0A\x82\xfa#\xf9\x13\xfa\
\x98{g+\xc9\x996\xb1\xb0\xf1\xb51$.\xae\x94\
\x94%^MUJ\x0dS\xd2t\x1e?\xb6\x82#}\
-X\xf91B\xc96n\xb75i$\xf6\x80\x8e\xe4\
Q\xa2\xe2\x81\xe2\xcbz\xa8\xb9\xf5$I\xe9\x0a>2\
\x0c\xaf\xd0\xd10\xa9H\xbe\x9a\xf2\xa4\xef\x91\xee)\xe3\
\x82\x84\x14\xee.n\xa3\xaes\x05\xcd\x074\xce\x84t\
\x10\xf4\xc5\xdb\x80\x89\x94K\x89\xea\xb7\x96(\xf8yK\
\xbe\xc0\xb4$\xb1\xa8\x01\x00\x08\x5c\xe9 0\xa8L\xa9\
e\x5c\xe2U\xe4z\xcb\xd10\xf8\xa4w\x1b'\xec\xf5\
\xf8Z\x22t,\xcb\xc1\x0d\xeaA\x0c\xf9`\x1c\x0d\xc8\
d\xa4x\x8a\xa8v\xcb\xb8\xe9]\xd4,\xfe\x12\xc3\x00\
;\xa63\x0co#\xb0\xa8J\x9dOI\xe2\x15d{\
\xc6!\xd09\x12\xd8\xce\xde@\x1d{\x1a\xdby\xfb\xe9\
|\xfa\xdb\x8d^<\xf26`m\x9c\x0c\x88L\x5cV\
a\x8b\xefW\xd6\xb63\xf5\x87]X\x068\x8e@\x22\
\x00\x0dG:X\x22\x91\x8bS\xafgl\xc2dr=\
\x158\xd2\xa6\xb9\x7f3\xfb\x82u\xec\xda\xde\xcf\xd6g\
\xc7\x10\x0dh-\x0a~\x11\xb0#>/2A.\x0e\
kq\xc5e\xe5\xb3;\x98T\xdb\x8d\xa9\x03.\x80\x18\
\xca|\x0cKKd\xd2W\xf0\xfe)\xaal*\xb0\xdd\
\x10\xff\xee\xdf\xc6\xde\xd0J\xde\xdf\x12\xe3\xdd\xa5\x05\xd8\
\x11\xed\x04\x96\x5c\x08\xec\x8eS+!'\xe2h\xcf\x0b\
]V\x97_\xd3\xceE3\xce\xa0K\x94\x86\xe1\x1d\x05\
\xef\xd73T\xe6o\xa0\xd0\x7f\xe9@\xd9D\x9c>\x95\
\xf9M\xec\xeb\xff\x17\xef\xd5;\xec\xaa\xcb\xc5\xb6iT\
\xf0\x8b\x914\xc7\xab\x99\xab\xc6\x16\xab\x84\xe1\x96\x8e\x9f\
\xdbA\xe9\xe4\x00\xba\x0b\xa6\x01\x86\x0e \x88I\x87$\
#\x9b\xc9\xa97\x92\xef\x9b\xa8\xe0/$\xe0\x9c\xe6`\
_\x03{{\xd7\xf2\xee:\x9d\x0fWg\x83\xc6v\x0c\
\x95yW\xb4\xc5\xe7@#\x98\x8a\xea(u\xaf\x93W\
\x5c\xd3E\xfe\xc4 \x9a\x0d\xba\x05\xa6\x0e\x02\xb0\xa5K\
\xb2\x99\xc3\xe4\x94\x85\x83\xf0\xderzc\x1d4\x076\
\xd0xf\x0d\xef\xbc\xe6\xa5\xf1\x8d,0\xe5f\x04\xb7\
|\x0d\x1f\x0f\x03\x0b\x14\xfcsz\x82\x9dzAm'\
9%\x11t\x07\xcc!xS\x80#!\xdd\x1a\xc3%\
\xa97\x91\xe7\xad$S\x95Mw\xb4\x85\xa6\xc0:\xf6\
v5\xf0\xd6K)\x1c\xd9\x91\x0a\x96\xb3\x12!\x96(\
\xf8P\xbc\x8e\x94\x8b\x15\xfc?\xf4d;)\xbf\xa6\x93\
\xd4\xc2\x18\x9a\x03\x86\x05\xa6\x06\x96\x92\x03\xaaT\x8aT\
\xcd\xff\x98<\xcf\x042<\xc5tEO(\xf8\xd7i\
l\xdf\xc4\x86\x97S8\xba3\x19,\xf7Y\xa4\xb8\x07\
I,^g\xe2\xbb\x88\x89'\x8c\xac\x88\x991\xfd4\
I\xb96\x86\x03\x96\xa5\xa4\x83\xa1\xa4\x09(\xf0\x8d\xa7\
2e\xbe\xca\xfcE\xa4\x99\x85\xb4G\x8e)\xf85|\
\xd4\xba\x8dM\xcbS9\xf1q2x\xddG\x90\xe2\x8f\
J\xb18\x1c\xea\x05J\xbf\xc7\xe6a-'B\xd2\x95\
=\xf83\x9c\x01x\xd3\x1c*\x1b\x0d4\xa5\xc2\x84\xf1\
LJ]H\xb6\xa7\x82T\xab\x90\xb6p3\xfb\x02\xaf\
\xb2\xbbe\x07o\xfe3\x87\xf6\xc3~\x07\xbf\xf3\x10R\
<\xaa\x14\xaf\xa9\x84\xfc3\x8e\xfc\x1d9Q\xbcW\x9c\
\xc1\x93\xecb\xb8\xc3ec(!\xa04\xb1\x8aK\xd3\
\xaeW\xf5^F\x8a\x91\xcf\xa9p\x13\xfb\x83\xab\xd8u\
\xecC\xdez1\x9b\x8ec^\x1b\x9f{\x1fR<\x19\
\xaf\xb1\x8a\x07\xf8;\xb6\xb8\x9d\xc2\x10\xfa\xc5\xfdX>\
\x89)\x87\xb2\xae\x0f\xc2k\x02&\xa6M\xa3:}\xf6\
\xc0\x0b\xca\xafg\xf2yh\x0f\xfb\x82\xaf\xb0\xa3\xa9\x89\
\x8d/g\xd3{\xca\x13\xc4\xeb.Bjk\x91\x10\x0f\
\x03\xd6@S\xe6h\x8b)\x0a\xc1\x84\x00\xa6\x22\xb7\x00\
KS\x1a\x82\xd7\x05T)\xf8\xc9i\xb5\xe4\xf9*H\
02h\x0d\xeea\x7fh9\xdb\x0f4\xd1\xf0|\x1e\
\xc1\xd3f\x97\x82\xbf\x15W4\xc4g\xb0%\xc8\xc2\xe5\
y`\x1e\xa5A(\x0f\x22\x04\x98b8\xf3\xba\x18,\
\x9f\xea\xacYL\xc9\xac\xa1\xc0?\x1e\x9f\x9e\xc0g\xc1\
\x9d*\xf3\xcbxg\xe7q\xdeY\x9dK\xa8W?\x8e\
G\xde\x8e#\xb6\xc6k2g\x02/\x83\xa8\xa5,\x08\
\xe3\x22\xe0\x80\xc177\xab\xa9\x0bf\xe4\xcc\xe1\xd2\x8c\
\x99\x14\xfa\xcb\xf1\xea~\x8e\x07\xb7\xd3\xd8\xbf\x9c-;\
Z\xd9\xba:\x07;\xac\x1f\xc5\x94\xf3\x91\xa2\xf9\xdc\x8c\
\x16\x85\xcbY!\xc4Llj\xc9\x0dC\xc9 <\xf2\
\x9b\xf0>\xc3T\xf0?`\x92\x82\x1f\xa32\xef\xd1}\
\x0a~\x1b\x8d\xbd+\xd8\xfc\xde\xe7l}-\x07i\x8b\
\xbdX\xf2&\x5cq\xf8\xdc\xcdF5\xc9Y!\xb9\x03\
\x03\xacb\x97\xa8\x00\xdc\xc1r\xb1\xf4Ax\xbfa1\
\xbb\xe0:\x95\xf9\xcb)N\xacD\x10\xe5p\xa0\x81}\
}\xcbx\xb3\xbe\x8f\x8f6d\x83`#\x86\xfc\xa9\x82\
?un\x87\xbb\xe2,\x03\x13\x88E\xe7\xce*\xbd\x88\
\x84B\xc9\xfa\xce\xbd\xa0\x0d5f\x02\x12\x15\xfc\xbc\xb1\
\x0bT\xe6/\xa3(\xa9b\xa0E\xfe4\xb4\x99\x03}\
\xcbY\xbf.@\xe3\xd6t\xd0\xe5\x06\x04_e\xfe\x0c\
@|\x0dH\xf9\x80a\xea\x89\xbf\xbe|6I\xf9\x89\
\xbc}\xfa !7\x0a@\xa67\x85\x1f\x15]\xcb\xa4\
t\x05\x9fXF\xcc\x0dq(P\xcf\xfe\xae\xd7\xd8\xf4\
V?M\xef\x0f\xc0\xbf\x08\xe2WH\xfaa8\xe2U\
B\x05D\x22\x0bf^8\x99YeU\xf8\xbd\xe9\xdc\
>v\x1eO\x1d]\xc3\x98\xb4,\x16\x14_\xc7\xa4\xcc\
K(M\x1eO\xc8\xe9\xe6`\x7f=\xbb;W\xb2\xe5\
\x0d\xf8tO*X\xee\x13 \xee\xc3\xfd\xb6\x8d\x05\xe7\
~\x13K\x16\xa1\x91\xbc\xa8j:\x1eo2a\xcd\xe0\
\xa1\x8a;9\x108\x81\xe1\xf5R\x9d\xa5j>\xa9\x94\
\xdeX;\xfb\xfb\xd6\xb3\xeb\xcb:\xd5\xcb\x0b\xbehN\
\x00\x9f\xfb\x18R<\xa0\xe0\xf9F\xc4\xb1\x84\xf2\xb0\xed\
\xfb\xa7\x97M\xe4\xda\xcai\x84\x85\x01\x86E\x967\x83\
53\x97r\xdb\xce\xfby\xe5\xe8Zn.\x9b\xcb\x91\
\xd0Fv\x1c_\xcf\x07\x0d:\xdd-~\xf0\xca{q\
\x87[\x83\x912p\x03\x8e\xcc\xb9*w\x0aYi\xb9\
\xf4\xc5$\x9a\x95@L7\xc8\xf0\xa4\xf3f\xcdK<\
yh)\x7f\xd9\xf5$\x9d'\x0f\xd3y\xc8 \xd0\xe6\
u\xb1\xdc%H\xedE\x80\x914`\xa8\xcf\x9f\xe0\xf8\
y\xfa\x95\x83\xcc(>F\xed\xf4\xa9\x80\x1f,\x1f]\
=\xed\xbc\x7ft\x0f-\xcd\x1d\x9c\xfa8\xc0\xc9/\x0d\
\x94\xbbV<\xeeo\x91b%\x12F\xda\xc0B4w\
\x0a=9tw\x84\xf9\xe5_\xebx5\xb3\x003\x05\
\xd66nb\xc5\x07\xeb8r\xf2\x18\xc4l\x1b\xd3\xf7\
1\x1e\xbd\x1e)_@\x8aV\x00\x18Y\x03:\x9a\xbc\
\x9b\xde$\xe8\xcc\x80\x94\x18\xc7\xc3\x9f0\xeb\xf1\x9f\xe1\
\xf8{\x09\xf7\xf6\xc7\x10\xdaa\x0ck\xb3\xd2j\xa4\xf8\
P\xc9\x1e\xce\xfa\xc8\x1b\xa8\x06\xa6\xe1\xe8P\xf4\x19$\
\xf7\x82a;\x01\xc7=@X[\x85\xc7\xb3\x19)\x9a\
\x94\x22H@\x8e\xbek\xd6\xb9H4\xd2z$\x82C\
8\xdaJ\x5c\xb1\x19a\xeeACA\x8f\xfe{\xe2\x04\
\xe0OH\xb6(\xf0\xddH\x82\xdf\xa9{b\xf9\x8c\xbc\
\xff\xfcM\xfdy\x03\xffg\x06\xfe\x03\x1b\x85\x94\x1a\x1f\
\xbes\xb2\x00\x00\x00\x00IEND\xaeB`\x82\
\x00\x00\x0b\xe1\
\x89\
PNG\x0d\x0a\x1a\x0a\x00\x00\x00\x0dIHDR\x00\
\x00\x000\x00\x00\x000\x08\x06\x00\x00\x00W\x02\xf9\x87\
\x00\x00\x00\x04gAMA\x00\x00\xb1\x8f\x0b\xfca\x05\
\x00\x00\x00 cHRM\x00\x00z&\x00\x00\x80\x84\
\x00\x00\xfa\x00\x00\x00\x80\xe8\x00\x00u0\x00\x00\xea`\
\x00\x00:\x98\x00\x00\x17p\x9c\xbaQ<\x00\x00\x00\x06\
bKGD\x00\xff\x00\xff\x00\xff\xa0\xbd\xa7\x93\x00\x00\
\x00\x07tIME\x07\xe1\x0a\x1f\x04\x05\x06\xc0\x1b\xc4\
C\x00\x00\x0a\xe5IDATh\xde\xcdZk\x90T\
\xc5\x15\xfeN\xdf;wfv\x96\x9degqQy\
I\x10\xe5!(\x02\x0a\x18\x5ce\x92\xd2\x98\x94\x86\x94\
\x92hH~\x04\x1f\x100\xbb\x1b+e\xa5|\x96)\
\xab\xccC\x17\xe5Q%\x8f\xca\x8f\x18c\x02>\x10\x9f\
Y\x17j\x85\x22 *\x06p\x05\x04\x91\xa7`\xf61\
;\xbb;3\xf7\xde\xee\x93\x1fsg\xf6\xce\x9d;\x0b\
\x05\x04s\xfe\xf4\xd6\xdcs\xbaO\x9f\xaf\xcf\xe9\xaf\xbb\
\x97\xe2\xf1Z\x81B!\x00\xec\xb4\x0a\x80\xf0i\xd9\xa5\
\xf7M\xda\xb2p\x19\x0b\xa7u\xff\xad9\xdfK\xb5\xe2\
\x9b\xb6uO\xc0\xdd\x96\x8a\x0c\xbb\x22\xe2\xfe\xfd\x9b\xb2\
e=\x07E\x89Np\x1a\x9d\xf4'gl\x9bJ\xa5\
x\xf3\xe6\xad*\xa7;q\xe28\x15\x8b\xc54!\x84\
\xbbO\xd2]\xf0\xfd_8\xcf\xcc\xf8\xe2\x8b\xfd2\x1e\
\xbfy\xc0\xd4\xa9\xd3&\x03\x18\x0a\xd0\x7fl\xdb\xda\xd3\
\xd9\xd9yp\xc7\x8e\xed\x5cS38\xe7\xb3\x22'\x89\
\xc5\xb9r\xe0ll-\xcbBOO\xb7\x9a1\xe3\xfa\
\x09\x9a\xa6?\x08\xe0\x16\x00\x11\x00\x16\x80\xa3\xcc\xfc\x9a\
\x94\xf2\xd9\x0d\x1b\xde9TSs!\x01`\x8a\xc7k\
5\x9fN\xf3\x0e03\x1d;vL\xb6\xb6\xee\xf3:\
\xe6u\xa8\xd4\xb7\xfeZ\xcc\x9c9]3\x0c\x83:;\
;x\xe2\xc4\xab\xf5\x8a\x8a\xe8\x1c\x22z\x14\xc0\xc8\x12\
\xf3|\xb5\xbb;\xf9\xf3]\xbbv\xf4\x94\x95EXw\
\xa2\xa3\xf99\x9fHtb\xd4\xa8\xcb0v\xec\x15\x97\
\xdct\xd3\xf7\xc7\x02\x18\x0e@Gq\x89#\x00 \x02\
\x98\x01\x22\x023\x83\x88\x98\x99\x05\x11\x14\xb3oY$\
f\xfe\xf0\xbd\xf7\xde\xde4s\xe6\xac\x01\x86a\xfc\x86\
\x88\xeew\xa2\xee'\x12@\x92Y)\x91\xad?\x94s\
\xc6\x13\x1d\xe6\xcf>k\xe5\xd9\xb3\x7f|\xb1\xa6i\xbf\
$\xa2\x1f\x01\x18\x06\xc08\xc5\xd2\x01Q\xae%O\xeb\
\xab\xbeI)\xf9Nm\xedw\x06\xe9\xba\xfe\x14\x11\xdd\
\xe5\x09\xa6[\x0e3\xf3\xe2L&\xfd\xe7\x9d;w\xa4\
\xca\xcb\x07\x10\x00\xe5F ?\x89O?\xdd\xc5w\xdc\
1w\x82\x10b\x09\x80\x19\xa7r\xfa\x0ce\xab\x94\xf2\
\x1e\x80\x12\x81\x80\xbe\x0c\xc0m\xf0\xcf\x0f\x06\xf0\x9eR\
\xf2\x91={Z\xb7\xf5\xf4$\xe18\x0f8\xd1/@\
\xe0\xc8\x91/q\xfb\xedw\x0d\x15B,\xfd\x1f:\xdf\
\xaa\x94\x5c\x08\xa0M\xd3\xb4%\x00~X\xc2\xf9\x0c\x80\
\xe5\xa6i\xfe\xac\xb1q\xf1\xbfL3C\x86\x11,\xc8\
\xb9\x02\x04\x94R4z\xf4X\x08\xa1-\x020\xdd'\
\x12I\xa7S\xaf\x9cn\xd2\x0a\x00\x1dJ\xa9\x07l[\
\xee5\x0c\xe39\xc7y?I2\xf3\x93\xdd\xdd\xc9\xe7\
^\x7f\xfd\xe5\x94Sl\xdc\xbe\xe4\x97P\x0e\x01\xd1\xdc\
\xdcb\xdf\x7f\xff\xa2K\x89h\xb6\xa7\xb3.\x00\xcb\x95\
\x92\xaf3\xa3+\x9b\x98\xa4|Zr\x12\x97\xb2k\xbf\
\xaf\x98e\xff 0\xab\x94iZG\xc3\xe1\xf0#\x00\
\xee*\xe1|\x82\x99\x7f\xdb\xdd\xdd\xbd\xaa\xab+\xa1\xc6\
\x8e\x1d/|\x9c\xcf#\xc0\x0e\x02\x0a\x00k\x9a>\x01\
\xc0PO\x87\xcf\x1d:\xf4\xe5\xe3k\xd6\xac\xb5.\xb8\
\xa0RX\x96\xc5\x81\x80N\xa6i\xb1a\x04\xc84m\
6\x0c\x9dl[\xb2\xa6i\xa4\x94\xca\xcf\x80\x99!\x84\
 )%KiS\x22\x91V\xf5\xf5\xf5\xf3\x88h\x11\
\xfc\x13\xb6\x8b\x99\x1fL$:WG\xa3\x95s\x22\x91\
H\xc7K/\xfdc}<^\xab\xa3\x18M\x99\xdb\x89\
\x15\xb2%\x0d\x0d\x0d\x0d\x97 [*s\xd2\xae\x94|\
u\xcd\x9a\xb5\x96\xab\x13\xe1\x99\xb8p\xfd^R\x9a\x9a\
6\xdauuu\xd3\x88\xe8a\x00e>*if~\
\xa2\xab+\xb1:\x1a\xad\xbc\x93\x88\x9e!\xa2F\x00o\
\xa0\xc4\xe6X\x90\xc0N\xd4\x02\x9eNS\xcc\x9c\x88\xc5\
\x22\x02g\xb1;\x1f<\xb8_-X0\x7f\x90\x10\xe2\
QdK\xb2W\x143/M\xa5z\x97TTDo\
%\xa2\xdf\x03\xa8d\xe6\xb2\x12\xe3\x0a\xb8\xe84;\x08\
\xf8F\x91\x99E[[\xcf\x19;\xaf\x94\xe2\x9a\x9a\x0b\
E(\x14\x9e\x07 ^Bm]&\x93y2\x14\x0a\
_CD\x7f\x000\x08\x00\x88\xc8\x8bpn\xdc<\x02\
@~'%8\x1f\x0a\x84\x88\xb8\xa6&z\xc6\xbc\xa8\
\xb9\xb9\x85\xa7L\x99~\x15\x80\x05\xf0_\xf7\xbb\xa5\x94\
\x0f)\xa5X\x08\xf18\xb2;~>x(\xde\xf5\xf3\
\xc1t#\x80,\x00\xbe\x08\xd0\x89\x13\x09\x06 R\xa9\
^\xb5w\xefg\xdc\xd4\xb4\xd1nj\xda\xa8zz\xba\
\x15\xb3B\x09\xe1L&M\xf7\xde{OX\x08Q\x0f\
`\x88\x8fN\x92\x99\x7f\xd7\xd8\xd8\xb8[\xd7\xf5\x0ax\
\x0a\x08\x11\x95<\x0b\xe4\x10\xc8\xd3\xe9\xd2\x08\x085x\
p%%\x93Iy\xe9\xa5c\x82\xb3g\xcf\x99PW\
Ww[]]\xddw'O\x9e6<\x14*c\xdb\
\xb6\xbcGD\x06 ZZ\xb6\xd8eee7\x03\xb8\
\xb5\xc4$\xff\xd2\xd9\xd9\xf1J$\x22\x84\xe3lA?\
NPK\x1d\x82Xx\x0d\x88\x8a\x97\x84RJ|\xf5\
U\xa7\x1a3f|\xb8\xaa*\xf6\x98\x10Z\x93\x10\xe2\
\xefB\x88\xd7\x02\x81\xc0\x9b\xa3G\x8f\xb9s\xe0\xc0\x18\
\x99\xa6\x99?\xab\x02\xa0\xe3\xc7\x8f\xc8\xf9\xf3\xe7W\x13\
\x89\x05\xf0\xaf:\xbb\xa4\x94O\xaf_\xbf\xd6\x1a0 \
\x0af.:\x9b8Au\x17\x90\x82\xcf\xc2\xfd#3\
g\xb7\x1c\x8f\xe4NA\x91Hy\x19\x80\x1b\x01\xc4\x90\
\xadVA\x00\x97\x13\xd13#F|\xeb\x8eL&\x03\
)e\x1e\xe2\xdd\xbb?\xe7p8\xfc=\xf8S\x12\x93\
\x99\x9f^\xbcx\xf1\xfe\x09\x13&QEE\x05\x09q\
J\x04\xbc\x92O\x90\xdcl\x89\x8ai#)\xa5\x08\x00\
>\xfahk\x073/\x06\xd0\xe1\xd1\x89\x11\xd1\x1f\xa6\
O\x9f\x19oiy\x9f\x99\x99\x13\x89\x0e,\x5c\xb80\
FDw\xc3\x9f\xc56\xa5\xd3\xa9W&M\x1a/\x88\
\x88\xbe\xfe\xfa$;\xe3\xf8!\xe0w\x8b\x91G \xbf\
\x8c8+\xc5\xb3\x14\xc4UUe\x14\x08\x18|\xe8\xd0\
\xc1\xbf1\xf3\xc3\x00\xba=z\x17\x11\xd1\x1f\x17-\xaa\
\x1b\xbb}\xfb\x16\xde\xb6m\x87\x0c\x04\x02\xb7\x00\xb8\xc6\
g\xe0\xa4Rj\xf9\xb2e\xcb;\xab\xaa\xaa\x09\x00\xd7\
\xd4\x5cH\x0e\xd2~\x08\xe4&Q\xf0\xc9\x8d@~#\
\xf3C\x80\x99\xa9\xbd\xbd\x97\x0d\xc3\xa0\xe3\xc7\x8f\xa8\xf6\
\xf6\xb6\x95\xcc\xfc\x0c\x00\xdb\xa3;^\x08\xf1\xc4\xdc\xb9\
wG\xef\xbb\xef\xdeJ\x22\xfa)\x8a7F\x00x\xa7\
\xb7\xb7\xa7y\xe6\xcciyzp\xf4\xe8!\xd5\x0f\x02\
~\x92O\x8e|\x82\x94B\x80\x888\x12\x11\x04\x00e\
e\x11\xfa\xe4\x93\xed\xb6if\xfe\x04`\xadO\xc7?\
\x08\x04\x8cyee\x91\xebP\xcch\x81,\xd7y\xfe\
\xf9\xe7W\xa4\x82\xc1P>_\x86\x0c\x19&J \xe0\
\xb7tr\x08\x90\x1f\x02E7f\xcc@*\xd5W]\
\xab\xab/\xa0\xa5K\x97%\x95R\x8f\x01\xd8\xed\xd1\xd7\
\x88\xe8WD\xf4\x18\xfc+Os2\xd9\xb5e\xda\xb4\
\xc9\xb9\x02\xc2\x00\xc4\xe1\xc3%\x11\xe8\xf7\xc2\xc1\x8d\x80\
p\x10\x10~\xca\xca\xb3;\xc4\xe3\xb5\xd4\xd8\xd8\xb8\x87\
\x99\x9f\x02\x90\xf2\xd8\x5c\x0c\xe0j\x9f\x813\xcc\xea\xaf\
+V\xac\xec\x8eD\xca\x0b\xe8\xc1\x90!\xc3\x04\x91\xf0\
\x8bvn\xe4\x82\x12\xedF \xdf\x89\x83\x80w##\
\x00\x5c^^\xc0\x00\x18\x00M\x99r%uu%^\
E\x96-\x9e\x8e|hYv\xf3\xd4\xa9W\xb9Y\xac\
\x02@'N\x1ccg\x1f\xf0L\xa2\xe0\xfa\xd3\xcb\xc7\
8\x07c\x8eN\x97D\xa0\xbb[\x16E \x1a\xad\xd4\
V\xae\x5c\x95TJ-\x03\xd0~\x1a\x13X\xb3d\xc9\
\x92\xf6h\xb4\x12\xf0\xd0\x83A\x83\x06\xe7\x96\xaf'k\
Iy\xc7\xc5)\xe8\xb4\x1f\xb1\xe1X,\xe2{WY\
[{\x9d\x9eLvm\x01\xf0\xf6)\x9c?l\xdb\xf6\
\xbb\xce\xdfE\xdc&\x91\xe8`\xa0\x18\x01'\xa0gG\
\xa7\x01\xa6Rt:\x10\x08\xf0\xaaU\xab3\xcc\xfc\x02\
\x80\xde~&\xb0\xb1\xad\xed\xeb}7\xdc\xf0\xed\xdc\xf2\
)\xe06\xe5\xe5\x03\xdcQ\xee\x8b\xff\xf9\xa0\xd3\x93&\
\x8d\x17\x99Lz+\x80\x8fK8o2\xf3\xba\x17^\
x\xd1\xd24\xcd\xefV\x0f\xa6i\x02>;\xee9\xa7\
\xd3~\xd1\xab\xaa\xaa\xa6e\xcb\x96\xb73\xf3\xbb\xf0\x97\
\xfd\x96en\x1b80L\x80\xff9\x22{\x9b\xd7\x17\
Lw\xf0p\xae\xe84Nq\x90QJ\xad\x03p\xa0\
\xd8\x7f\xde\xf0\xf9\xe7{\x8fN\x9a4\xa5\x14\xab\x84\xae\
\xeb8Wt\xba\x08\x01\x87N\xfbB\x9f\x93Y\xb3\xae\
\xd7Z[w\xeeTJ\xdd\x03\xe0M\x00\xc7\x01\xb4\x01\
\xf8\xa7R\xbc|\xf7\xee\x1d\xec\xd4y_n\x90J\xf5\
\x9e3:mz\x94\x0cM\xd3\x82\xfd9\x9f\x1bHJ\
I\xef\xbf\xdf\xbc!\x99L\xfcDJy\xa3m\xdb\xf1\
t:=\xa7\xa5\xa5\xb9\xf5\xb2\xcb\xc6\xf5\xf7\x0e\x81\xde\
\xde\x1e\xe8\xbaf\xc0\xc3\x5c\x99\xd9\xe2\xec\x91\xcf\x97N\
\x17\xdcN\x13\x11\xea\xeb\xeb\x8f\xa2/i\x80,U\x8e\
\x03\xd8\xb9o\xdf\x1e\x94\x97\x0f\xe0@@')\x15\x13\
\x01D\x82\xa4\xb49\x10\x08P:\x9d\xe1p8D\xcd\
\xcdM\xc9\xfd\xfb\xbf\xdcSQ\x11\xe6\xea\xea\x98\x08\x06\
\x83hkSd\x9a\xa6\xf2\xb3\xed\xed\xedE\x22a\xaa\
\x86\x86\x86\x1b\x01\x0c\xf68y\x94\x88\x10\x8f\xd7\xfa\xc6\
\xcd{;MR\xca\x7f\xeb\xba\xfe\x15\x80\x8b\x1c%A\
D\x0f\xd4\xd7\xd7\xa7\xa5\xb4\xdf\x92R\xa5\x89re\x17\
\xce\x15\xba\x22\x22\xc1\xcc\x8a\x84\x10,\xa5\x22M\x13\xac\
T\xdf\xefY\xbdl\xaezm5M7\x1a\x1a\x1a\xe2\
D\xf4\x10\x0a\xef\xa4\xda\x94R\x1f\x95\x8a>\x9c\x07\x8e\
\xdc\xab \xdb\xb6M\xc3\x87_\xa2\xc5b\x83\x96\x02\xf8\
\x85\xc7\xc0t\xd6u\x0f|\xaa\x01\xfc\x0f\x1c\xbeQ\xf3\
\xb1\x09!\xcb\x9f\x82\x1e\xdd\x17\x13\x89\xcey\xfb\xf6\xb5\
\x9a\x86\x11\xf4\xeb\xab\xe0n\x94t]\xe7\xf5\xeb_\xb6\
\xe6\xce\xbd\xfbY!\xc4\x0c\x00\x97\xbb\x94\x0d\xb8\xae;\
\xce\x83\x1cPJ5\xaeZ\xb5\xda{\xb1\xebF\x80\xb4\
\x91#G\xc05\x091x\xf0E\xf8\xe0\x83-'G\
\x8f\x1e\xb3\x97\x88\xaeE\xf6\xfc{\xbe\xe5 3\xd7\xbf\
\xf5\xd6\xba\x8dW^9A\xf39\xd4\xe4\x11\xd4F\x8e\
\x1c\xe1~<VDD\x15\x15Q\xb4\xb6\xee<0|\
\xf8\xc8MD\x14E\x16\xde\xf0yp<\x01\xe0\x0d\xa5\
\xd4\xaf7on\xd9P]\x1d\x13B\x14\xef\xabp-\
\xc3\xdc+e\x11?af>y\xf2\x04_{\xedu\
\xe1H$r\x05\x91\xb8\x86\x88\x86\x02\x1c\x02\xf2W\xea\
\x9c\xcf\xcc\xc2\x96\x00V}\x07&\x16.\x1b?[\x93\
\x08G\x94R\x1f\xf4\xf4\xf4|\xbcb\xc5\xca\xdeY\xb3\
\xae\xef7\xf2N\xc0%\xb9\xd6\x97o\x9d\xb7m\x9b7\
n\xdc\xa4\x00\xf0\xa8Q\xc3\x84eY\x1c\x0e\x87E:\
\x9dV\xa1PH\xa4\xd3i\x15\x0c\x06\x85eY*\x10\
\x08\x90\x94\x12D\x04\x22\x82R\x0a\x9a\xa6\xc1\xb2,\x18\
\x86\x81t:\xc3\xa1P\xb0\xc06\x14\x0a\x89\x03\x07\x0e\
+\xd3\xb40n\xdch\x0c\x1c8P\x84B\xe1RU\
\xc7\xcb\xc7\xe0~'>\x17\xef\xbf~}\x94z\xa99\
\xdbwg\x01@\x0a\x1f\x05?\xe3\xfe:9S\xe7\xc5\
Y\x8e[p\xa0\x01\xfaH\x5c\xee\xff\x13r-{\xbe\
\x01\xd9\xf7Zw\xfb\x8d\xd9\xfe\x17Zb.\xda\x22\x1b\
\xb0\x80\x00\x00\x00%tEXtdate:c\
reate\x002017-10-31\
T12:05:01+08:00\xff\
\x8c,\xfe\x00\x00\x00%tEXtdate:\
modify\x002017-10-3\
1T12:05:01+08:00\
\x8e\xd1\x94B\x00\x00\x00\x00IEND\xaeB`\x82\
\
\x00\x00\x09M\
\x89\
PNG\x0d\x0a\x1a\x0a\x00\x00\x00\x0dIHDR\x00\
\x00\x000\x00\x00\x000\x08\x06\x00\x00\x00W\x02\xf9\x87\
\x00\x00\x00\x06bKGD\x00\xff\x00\xff\x00\xff\xa0\xbd\
\xa7\x93\x00\x00\x09\x02IDATh\x81\xed\x9a{T\
\x93\xf7\x19\xc7?o\x02\x04\x84p\xf1\x08\x82\x17D\x10\
\xc1\x8a\xab\xb48\xb1\xd5\xf5\x88\x99RV\x95z\xc6,\
\x9d\xb50\xd63\xa7\xa7\xdd\xe9m-;nmW\xb7\
\xb5\xb5\xad\xae\xb6\xdb\xa9\xb6\xd4V]\xab]wJq\
0\x10[j[\xeaD\x04\x05\xa3\xf5\x16\xa1H\x02(\
\x97$\xe4\x9e\xbc\xfb\x83\x06\xd3\x98@\x02\xa8\xff\xec9\
'\xe7yy\xf3\xfb=\xf9|\x7f\xcf\xf3\xbb\xbc\x09\xf0\
\x7f\xbb\xb9&x\xba\xa9P(\x12\x81mR\xa9\xf4N\
A\x10\x22n0\x93\xbb\xd9\xecv\xfb)Q\x147U\
WW\xef\x1b\xb6\xb5B\xa1\x88\xc8\xcb\xcb\xeb\xac\xab\xab\
\x13M&\x938Rs8\x1cc\xf22\x1a\x8db]\
]\x9d\x98\x97\x97'.\x5c\xb8\xf0\x01w\xde\x00\xf7\x1b\
\xfd\xfd\xfdk6l\xd8\x10\x9d\x91\x91\x81(\x8a8\x1c\
\x0e\x00DQ\xfc\x9e\xf7to$\xde\x97x\xb3g\xcf\
&??\x9f-[\xb6<\x01\xfc\x03\xb0;\xfbH\xdc\
\x05\x88\xa2xKBB\xc2\xf7\x82{\x83wX\xad\xf4\
*\x95X\xf5\xfa\xeb\x06/\x8a\x22\x16\x8b\x85\xe9\xd3\xa7\
#\x08\xc2\x14 \xdc\x95\xd7\x93\x00\xe9P\x01\x9d\xd7\xa7\
\xb7o\xe7\xc3\x193\xa8\x5c\xba\x98\x0a\x85\x82+\x97.\
]\x17x76\x80`\xd7{\xd7\x94\xd0P\x81\x01\x1c\
v;_\xad[\x87U\xd5\xc8\xfd\x7f\x9e\x87\xc4x\x86\
\xb6\xb4U\x1c.( c\xe7N\xa2\xe3\xe2\xc6\x14\xde\
S[W\xbb&\x03\xce\x9a\xf7&\xa8\xae\xb8\x98\x10s\
+KW\x9a\x90\x98\xcfry\xee\x1a\xda\x02W\xb0\xf8\
\xd5\x1f\xd1\xf8\xd8c\xf4\xf6\xf4\x8c9\xbc\xd3\xbb\xb3y\
\x15\xe0M}\xf7\x89\x13\xa8v\x95\x90\xb9H\x0fa\x12\
\xfa\xa6\xccB\x1f\xbb\x86\x84\xf8\xf1\x84K\x0e\x90\xf5\xdb\
x\xea7nD\xefeN\x8cv\x01\xf0I\x80\xfb\x07\
\xb8^\xb7VV\x92V\xa0\xa0?\xc4As\xf4\x22\xbe\
tl\xa0]}\x85(\xe1k\xa4S\x1e\x22,\xa4\x9a\
\xdbsd\x1c\xdb\xbc\x19\xa3\xd18\xa6\xf0\xde\xcc\xd3$\
\xf6\xfaaSrs\xf9f\x7f#\xff\x11WR\xdf\x97\
K\x88\xb4\x83Y\x92Bd\xda\xd7A\x10a\xf2#\xc4\
%\x1fb\xf2\xf8\x16\x1av\xec\xc0b\xb1\x8c\x19\xbc\xcf\
\x19pm\xe4\x1ed|R\x12\xb7\xfem\x07\x92\xb7?\
dU\xdaF\xb2&\xddO\x94\xec\x04\xf4\x1f\x82\xde\x8f\
@\x12\x0c\xb1E\xccY~\x860\xf5g4\xec\xd9\x83\
\xd5j\x1d\x13xw\xb6a\x05x\x0b\x92\xb0`\x01\xd3\
\x1f\x7f\x96#/\x06\x22JbA\xca\xc0\xab\xbf\x0a\xb4\
\xa5\x10\x18\x0d\x13V\xb3`\xbd\x16s\xd5NN\x94\x96\
b\xb7\xdbG\x0d\xef~\xedU\xc0P\x1b\x98\xd3\xa7d\
g3NQ\xc8\xb1\x0f\xe7\xe3\x10\xc6\x0f\x08\x90\x88\xd0\
_\x06\xba*\x08\x8a\x87\xf0e\xe4\xbc\x22\xa7k\xc7\xcb\
(kj|\x8a;\xdc\xeae\xb7\x0fn\xc0\xde\x05\x0c\
\x97\x01\xa7\xbfu\xcd\x1at\xf2;\xb8\xd8\x90\x8b(\x91\
\x0f\x88\x10\xec\xa0\xdb\x0b\x86\x1a\x187\x0bBo'o\
\xd7t.<S\xcc\xd9\xfa\xfa\x11\xc3\xbb\x0e\xee\xb0\x02\
\xfc\x09\x9a\xb1~=\xe7\x1a#8\x7fd\x05\xa2$\xe2\
\xbbLXA\xbb\x1b\x8c_B\xd8|\x08\x9e\xca\x9aO\
28\xf1\xf0\xc3\xb4~\xf3\xcd\xa8\xe0\xfd\xda\xc8|\x09\
.\x08\x02\x99\xcf>\xcb\xa9\xcf\x03\xd1\xb4\xfc\x1c\xd1\x18\
\x046@0A\xdf{`\xaa\x87\xb0\xc5\x08R(\xd8\
\x7f\x17\x8d\x8f>\x8a\xa6\xadm\xc4\x22|\x9a\xc4\xfe\xd6\
\xaaD\x22a\xc1K/Q\xfbz\x0bZ\xd3:\xd0I\
A\x07\x98t\xd0\xf3\x16X\x9a b\x05\xd2@5\xab\
\xdf\xce\xa0\xa1\xb8\x98\xcb]]~\x8b\x18\xd12\xeak\
\xf0 \x99\x8c;\xdf|\x93\xf2\xe2F\x8c!\xeb\x07\x04\
h\x81\xdenP\x97\x80\xf1\x0cD\xe4#\x1b\xa7\xe4\xee\
\xdf%\xd3\xf0\xdcsh\xb5Z\xbfD\xb8_\xfb$\xc0\
\xd7\x91\x01\x18'\x97s\xc7\xf6\xed\xec+\xa8\xc1\x1a\xfe\
\xcb\xab\x22\xba\xdb\xa1\xad\x04\xfa[!\xbc\x88\xa8\xb8z\
\xee\xfcY\x14\x0d\xaf\xbd\x86\xc1`\xf0K\x84_\xcb\xa8\
?\xf0\xce\xbf#ccYPR\xc2\xae\xb5\x87\xb0D\
\xe4_\x15\xd1\xa9\x82\x96\x120t\x80\xfc!\xa6\xa4\xd6\
3sZ\x0f\x8d%%\x98\xcdf\x9f\xe1\xfd:\x0b\xf9\
\x0b\xef\xf413f\x90\xbe\xe5\xaf|\xb0\xa1\x0e{H\
\xd6\x80\x08\x1d\xa09\x0d\xaa=`\xd4C\xc4C\xa4-\
\xb9\x80\xd0\xfc)\xcd\x07\x0fb\xb1X|\x161\xac\x00\
\xe7it$\xf0N\x9f0\x7f>3\x7f\xff\x17\xca\xb6\
j\xb1\xc92\xaff\xa2\xed(\xa8\xf6\x82U\x80\x88|\
2s\x17\xd2YVF[[\x9bO\xf0~md#\
\x85w\xfa\x99YYD\xe6\x16\xf2\xd9G!8\x82R\
\xae\x8a8\x7f\x08.|\x0c\xd6`\x82\xa6\xdfNGM\
\x0d\xad*\x95_\xc7\x8d!\x05\x8cf\xe4\xdd\xfd\x9c\xd5\
\xab\xb1\xcf]\xc6\xd1\xa6t\xec!\xf1`\x06\xf4\x22\xf4\
;\xb0}\xeb x\xce\x5c\xa2oI\xc6r\xfa4}\
}}\xc3B\xfbUB\xa3\x85w\xfa\x8c\xa2\x22\xd4\x8e\
\xc9\x5c\xd0\xe5\xc0\xd4\x1c\xc4\x99O\xa3\x0f\xcd\xc18s\
\x16\x0e\xbb\x85[\xf2\x96cmjB\xa3\xd1\x8c\xed>\
0\x16\xf0N\x9f\xf9\xe4\x9346\xdbx\xf1\xfe\x83\xec\
\xd9\x5cA\xbbN\x8b\xcdp\x19\x9b\xb1\x9b\xbe\x94D\xba\
\x8e\xd5\xa3Q\xab\xbd\x0e\x9e;\x9b\xab]\xf3P?\xd6\
\xf0\x00\x82 \xb0\xe8\xf9\xe7\x09[\xb6\x8c\xcb\xe5\xe5|\
\x5c\xb8\x99\x98\xb4x\xc8\xfd1\x8f\xfc\xab\x96_\xa4&\
1\xf1\xdc9t\xb7\xddFxx\xb8\xd7\xf2\xf1TB\
\xd7\x08p\xcd\xc0X\xc0\xbb\x8a\xb8m\xd1\x22\xf4\xe9\xe9\
\x9c\xbb\xf7^:++Qo\xd9K~\xcaT4a\
!\xd8\x95J:::\x90\xcb\xe5\x1e\xfb\xbb_{\x15\
\xe0I\xe9h\xe1]}hh(?\xc8\xc8\xc0\x94\x96\
\xc6\xc5\x95+\x99TQAGi)\x97\xcdfd+\
V\x90\x98\x98\x88 \x08\xd7\xf4\xf36\x07\x9c\x02\x96\x00\
I\x00:\x9dnVii)\xf5\xf5\xf5\x1e\xf7\x03o\
\xa3\xe1o\xbby\xf3\xe6\x912{6\xf1\x89\x89\xa8r\
r\xb8t\xe4\x08f\xbd\x1e\xbd^\x8f\x5c.\xf7/\x03\
\xf1\xf1\xf1\xc5EEEw\xc5\xc4\xc4\x88\x0e\x87C*\
\x95J\x07G\xc1[\xc7\xd1Xmm-6\x9b\x8d\xe4\
\xe4d\x82\x83\x83IMM%))\x89\xde\xde^\x82\
\x83\x83\xbdf\xd0\xd3F\x16\x00 \x08\x82\x90\x9f\x9f\x1f\
\x90\x9c\x9c<\xf8F\xc7\xc9F\x9a[\xd5\x04\x8d\x8f%\
)\xfdV&\x05\x0dy\xea\xf0\xcb\x02\x03\x03\xd1h4\
\xdf\x83\x0b\x08\x08`\xc2\x84\x09C\x96\x9f_g!s\
\xe7\xbfQ\xe4\xe4Pz\xbe\x13\xb9\xf4\xbb\x9a\xb4\xf7q\
\xf8\x9cv\xb0\xcd\xc5\xa3'\xe9\xeb\xfd\x96O+?\xe5\
L\xef\xc0y\xc6f\xd0\xf0yy\x19\x15\x07j8\xda\
\xd8D\xf3\x89\xa3TW~\x81Zo\x1b\x88\xdb\xd3\xca\
\xa9\xe3\x8d(\x95J\xaa??\xeb\x15\xd6\x93\xf7d^\
\x05\xc8B\x1b\x91\x04D\xf2\xc7\xfb\x96\x0e\x0a\xd8\xff\xf0\
=\xfcd\xf9\x07\x83m\xfa\x9a~\xcd\xf8\xe89h\x8e\
<\xc1\xdc\xe4\xd5\x004\xec\xfe)Y+\xee\xe3l\xc3\
\xd7<}w6\xbd\xb5\xbfa\xd9\xf2\x5c\x8e+;\xd1\
\xb5lgrl*Zl\x5c\xfc\xba\x8c_\xad\xff\x83\
_\x0b\x80_\x19P\xbd\xab$tb!\xe3$\x03\xf0\
\xbd\xa7\xdf\xa0\xe8X\x02\x01]\xef\x0f\xb61\x1f\xefA\
\x1a\x18\xc3?\xf7\x99yj\xdb\x0b\x00\xd8\x9bzp\xd8\
\x0dl\xdcv\x85*\xd5E\x02\x9a{\x09\x9dXH\xf6\
\x0f'a\xedW\xa3\xb7\x99\xf8\xef)-w=\xb0\x8e\
\xea\x8a\xad>\xc3\x83\x8f\x8f\x94N\xab\xa9\xb8Dt\xe6\
\xf2\x81\x8e\xb6N\xa2g\x9d\xa5\xf3\xf0.\x9e\x8a8N\
\x8by`2}\xb9\xbf\x8d\xa99o2\xb9\xbb\x95\xd2\
\xd3\x03\x0f'_\x94\xb73n\xc2*\x9e*.\xa4\xba\
\xa2\x8cg\xdeP\x12\xb3\xe0\x1e@d\xfb\xbe\xf9\xa8\xbe\
\xdaM[\xcd\xfb\xbcWgb\xda\x94h\xbf\xca\xc7\xa7\
}\x00\xe0\xe8+\x8f\xf2j\x9b\x1eq\xc2V\x0a\x0av\
\xf2\xee\xbb\xefA\xd2;\x98\xba?\xa1\xbc\xdb\xc8\xe1\xb7\
\xce\xb0%\xa9\x9c\x17ZuH\xa7\xbe\xc6\x91\x99K\xf8\
\xd3\xba\x14.U\xbe\xccK\xdf\xea\x08\x9bg\xe5\xb3\x9d\
\xcb\xd8Xw\x09\x80\xb8+o\xb1v\xf9\xe3\xec\xda\x7f\
\x0cu\xdf#\x84OM%3-\xd2oxO\x19\x10\
\x00\xa6M\x9bv\xf0\xc0\x81\x03Y\xae\xab\xd0\xf5\xb4\x92\
\x92\x12\xda\xdb\xdbY\xbbv\xadO\x22d2\x19*\x95\
\x8a\xec\xec\xecn\x83\xc1\x90\x06\xa8\x9d\xb1\x063P[\
[KKK\xcb\x0d\x11\xa0T*\x89\x8c\xf4=\x03\xce\
\x0d\xd5k\x09\x19\x0c\x86\xdd\x9b6mj\x010\x99L\
w(\x14\x8a\x94\xa8\xa8\xa8!\xeb\xcf\xdb\xd2\xe6k\xbb\
\xb4\xb44\x9f\xe1\x9d\xe6u#\xeb\xea\xeaz\xa7\xab\xab\
\xeb\x1d\x00\xa9T\xfa\xf7\x07\x1f|0%==}\xf0\
\x9b\xe5\xb1<\x0b\x8d\xd4;\x1c\x0e\x9f\xbf\xd8:\x7f\xf2\
\xe4I\x02\x03\x03o:\xb4\xd3\x87\x85\x85\xd1\xd4\xd4\x04\
\xd0\x81\xcbO\xac\xdelb\x5c\x5c\x5cgUU\x95h\
\xb5Z\xc5\x9bmV\xabU\xac\xac\xac\x14cbb\x1c\
\x12\x89\xe4y \xcc\x15\xd6\xe3\xbf\x1a\x009\xc0\x8b\xc0\
4\xbc,\xb57\xd8\xae\x00\xfb\x81m\x80\xd2\xf5\x0do\
\x02\x00\x22\x81\x14@v\xfd\xb8|6=\xd0\xce@\x09\
\x8d\xed\xd1\xf8f\xdb\xff\x00\x0bb\x0d\xcf\xef\xd6r'\
\x00\x00\x00\x00IEND\xaeB`\x82\
\x00\x00\x01\xdd\
\x89\
PNG\x0d\x0a\x1a\x0a\x00\x00\x00\x0dIHDR\x00\
\x00\x00\x18\x00\x00\x00\x18\x08\x06\x00\x00\x00\xe0w=\xf8\
\x00\x00\x00\x09pHYs\x00\x00\x01\x80\x00\x00\x01\x80\
\x01h\xe3\xfb\xb4\x00\x00\x00\x19tEXtSof\
tware\x00www.inksca\
pe.org\x9b\xee<\x1a\x00\x00\x01jID\
ATH\x89\xb5\xd6\xbfJ\x1cQ\x14\x06\xf0\xdf\xeaF\
\xc1\x98D\x1f!Ez\xab\x05\x15b-y\x92@4\
\xa5\xa5\xb3\x8a\x90X\x1a\xc8\x03X\x88\x85U*\xeb`\
 $\xf8\x06\x0av6\x82E\x8c\xf9C\xccZ\xcc\xcc\
2\xb9\xdc\x9d\xdd;K>\xb8\x0cs\xce\xfd\xbes\xe6\
\xcc\x9cs\x874l\xe1M\x0a\xa1\x9d\x18`\x01S)\
\x84\x89\xc4\x00\xc9\x08\x03\xacbm\x0c\xbdWxQ\x17\
\xe0)\xf6\xb0\xdd@\xbc\x8bw\x85F-2\xf4\xf06\
\xe2;\xc0Q\x22\xa76H7\xb0?\xc2\xe3\x01{\xb7\
F\x15/\xb1\x89\xef\x98\xae\xd8\xa6\x22\xf77\x91DF\
F\xf9Iv\xf0\x11w\xf8\x8b\x13,\x06{\x1a\xa3\x83\
\x1f\xf22T\xd7O,\x8d+N\x9ey(^\xae\xcf\
\xc3\xc8-\xec\xe0Y`\xbf\xc5Ky9n\x0dn\xc8\
\x1e\x9e\xe0\x0f\xde\xe3a\xe0?oc\x06\xf3\x91\xc0\x13\
\x85@kH\x82\xe5\x9a\xc5\x5c\xe0\x9f\xa9\xe1\xf6\xf1\xc9\
\xe0\x12}\x1dE`\x18\x96\xf0+\x22\xfe\x1b+\xe3\x8a\
?(\xae\xcb\xf8R\x11?\xc5\xf3\xc27\xd9T<\xc3\
\xb7J\x10\xf2\x17Z\xad\xf3$\xae5\xe8\xe2\xae<\xd3\
,\xb0O\xfb\xb7\x93\xc9;\xbe'a@\x96\xe2\xb1\x93\
k\x1f\x87\x11\xfbF\xc1\xd9\x1d&\xbe&>\xe4J|\
\xc0\xf1\x00_Vp_W\x8d\xe1\x91y\x81u\xf9\x5c\
OE\x86+\x5c6\xe0\xf6Q\xf7\x04Q\xfc\xf739\
\xf5\xaf\xe2L\xe2x\xbe\x07\xe1HV\x95\xedZ&\xa3\
\x00\x00\x00\x00IEND\xaeB`\x82\
\x00\x00\x08X\
\x89\
PNG\x0d\x0a\x1a\x0a\x00\x00\x00\x0dIHDR\x00\
\x00\x00 \x00\x00\x00 \x08\x06\x00\x00\x00szz\xf4\
\x00\x00\x00\x04gAMA\x00\x00\xaf\xc87\x05\x8a\xe9\
\x00\x00\x00\x19tEXtSoftware\
\x00Adobe ImageRead\
yq\xc9e<\x00\x00\x07\xeaIDATx\xda\xed\
Wkl\x14\xd7\x15>\xf7\xce\xecz\xd7v6~\xcb\
N\x00\x97\x85\x04'\x04(\xe0\xdax\xcd\x8a&1v\
l\x13'\x8e\xb0\x1b\xa2\x18\xc5\xb44\x22R\x15J\xca\
\x8f\xa8\xf4G\x9bV\xaa\xd2\x87\xaa:\xa1R\x10\xa2U\
\xdd(\x8a\xa5\x22\x12\x22\xa74\xb1\x1d\xdb<m\x8c\xa1\
\xf1\x0f\xc0\x8f\xf8\x0d\xc6k\xf0\xae=\xbb;;\x8f~\
3\xf6vefA\xfc\xcb\x9f^\xe9jvf\xee\x9c\
\xef;\xdf9\xe7\x9e\xbbL\xd7u\xfa6\x07\xa7oy\
\x88\xd1\x1f\xbf\xcc\xcd%UQ\x88\x18#\xa8\x92\xc88\
?\xe4JIy1\x18\x08\x9cQe\xf9gXx\x87\
C-\xaei&k\x86\xdf\xc2\xe2o\xba[E\xdc\xc3\
F\x12c\xec7\xc9\xc9\xc9/H\x81@\x1b\xbe; \
2v\xdb\xfc\x1e\xf3GssQ\x02K\x87\xa6i\x5c\
\x13\x84\xdf}\x7f\xed\xda7\xf2gg\xe9\x9a\xcb\xf5\xc4\
\xbf\xc6\xc6\xb25Y\xde\x0d\xb0\x19z\x80\xa1\xe9z\x02\
(5\x14\xaf[W\x9f\xb7l\x19\x0dJ\xd2k\xa7[\
[]j$\xb2\x9b\x0b\xc2\xfc=C\xa0\xa9*\x8f0\
\xf6{\xef\x86\x0do\x94\x80\xa1\x0b\xaa\xe4\x87BT\x9a\
\x99Y\xc9D\xf1\x98\xaa\xeb\xae\x07\x00\xb7\xa9\x9a\xd6P\
\xe8v\xd7o\xca\xc9\xa1\xa4\xf5\xebi\xa3\xdbM\x9e\xed\
\xdb_\xc2\xf3\x0f@\xc2\x01\x95-\x04L\xc94Q|\
o[Q\xd1O\xb7\xdf\xbeMzY\x19\x89\x1f}D\
\xda\x81\x03\xf4]\x9f\x8f\x9eKM\xad\x12m\xb6&\x8d\
(\xe7>\xe0.x~\xd4\x93\x9b\xbbwcz:\xe9\
\xd5\xd5d;x\x90\xb4\x92\x12\xda\xb8r%m\xdd\xb9\
\xf3\x15\xe2\xfcCMQ\xb2,\x04`\xf8\xe7\xdb\xbc\xde\
}\x15\xf0\x5c|\xfai\x12\xf6\xef'\x1a\x1b#{U\
\x15\xb1C\x87h\xed\xcc\x0c\x95;\x1c\xa5\x82(\x1e\x85\
\x12)w\x83\xc3\x01Qg\xacakVV\xdd\x06\xa7\
\x93Xm-%\x94\x96\x12\x8d\x8f\x93PXH\xac\xb8\
\x986\xe5\xe5Qq]]5\x13\x84\xdfZ\x08<\x94\
\x99Y\xe31\xa4\xe1x\xf4\xe6\x9bD\x13\x13D~\xbf\
i\xc0QQA\xec\xed\xb7i\x15\xee\x9f\x15\x84r\xc4\
\xb1\x11\xde\xa6Q\x8c\xbcCe\xec\xf0\x16\x97k\xf7\x13\
\xa2Hl\xd7.J4\xc0o\xde$\x0a\x04\xcc+\xcb\
\xcf'JK\xa3u \x91\x91\x97Wf!\x10\x9a\x99\
i\xef3\xc0Q\x09\xfa\xb1cd\xc6)\x18\x5c0\x00\
%\x9c0\xc8A\xc2\x1d\x0e\xd33\x8aR)r\xde\xa8\
\xc1$\xa6\x91p\x87\x0bEqo\x1e\xc0\xa9\xae\x8e\x92\
\x10>\xbauk\xe1[I\x22RU\xd2\xbb\xbaL\x87\
\x86\xe0\x90\x7fh\xa8\xdbR\x86Z(t\xf0\xf3\x8e\x8e\
,\xf2xv\x14~\xfc1)\x00\x17w\xec \x9a_\
LZ\x18JBh(\x12!\xf7;\xef\x90\x9d\xa8\xbc\
5!\xe1\x84\xa2\xeb\x92W\xd3JW\xa3\xb4l\x00w\
\x81\xa8\x09\x8e{s8\x1c\xa4^\xbeL\xbc\xb7\x97\xfa\
a\xa3\xbd\xb1\xf1\x82*I\xfb\xa3\xb8\xff\xdb\x09\x7f\xf5\
\xe8\xa3\xa4E\x22\xe9\xdcn\xff[EAAe~\x7f\
?)\x95\x95$\x96\x97\x9b$`pA\x95\xe4d\xf2\
\xb7\xb6R\xf0\xddwi\x14\x9e\xc9\x82@n\x82\x0c\xfb\
\xf6Q\xea\xf3\xcf/\xac\x85MsmB\x02)CC\
\xc4/]\xa2aTSkS\xd3\x05E\x92j\xc4\x84\
\x84\x91=Xg)C\xce\xb9\x8fB\xa1W\xff\xdd\xdd\
\xdd|e\xc5\x0ab'N\x90\xfc\xe9\xa7\xa61SJ\
$\xa8\x11OWQ\x119\x90\xa4\xd9\x00Z\x01\xa5l\
\xf5\xf5\x94\x8aL\xa7\xe9isMT\xf6H_\x1f\xe9\
\x9d\x9d4\x8aP|u\xfcx\x8f2?_+\xda\xed\
#\x06\xc1\xb8\x0a\xe0\xa3\x05F\x8a\x92cs:\xffZ\
\xf2\xf8\xe3\xa5O!\x19\x19d\xb5{<\x04r1\xef\
\x12\x13\xe9N{;\xc1(e \xe6\xd1w\x98\xa6\xe7\
\xf2\xe8(\xa9\xdd\xdd4\x81\x9c\xeahk\xbb$\x07\x02\
?\x80\xe7\xd7\xa3\xe0{$\xe9\xde\x04\x04<\xd3\x15\xc5\
\xc5m\xb6\xbf\x97\xb8\xddUOMN\x92\x0e\x0f\x9d \
\x01\xefb$\xecvC\xb6\x18\xf8b\xcc\xc3##\xa4\
\xf4\xf4\xd0\xa4,S\xfb\xd9\xb3\xe7\x91O\xb5\x00_\xe2\
9\x08,MB=v5\xa7\xc0\xb9\x1f\xdbo}\xdb\
\xe0\xe0?\xec\xcb\x97?\xe7nn&\x09\x06\x137o\
6\x01\xa3\x89\x89\x11\x03\x07\xa1\xd0\xd5\xab$#\xe3\xa7\
\x913\x1d\xbd\xbd]j8\xbc+*\xfb}\x9bQ2\
\xa4\x8a.b\xb82\xc2\x10\x84\x194\xa2]_\x0e\x0f\
\x7f\xa2dfz\xbfs\xea\x141\xa8\xe4\xc4\xf6J\xb2\
\x1c\x03f\xccXK\xe1\xc1A\x92\xce\x9d\xa3i\xd8:\
\xd3\xdf\x7fE\x09\x85^\xc0\xc65\xf9@\xddP\x84A\
\xdd\x00fl\xc1)\x5c\x99qE\x99)\x91\x88$\xdb\
l\xa4\xa3\x04o\xb7\xb4\x98W\x8e\x1c@\x7f0\xc0\xcd\
{\x10\xa5Yxo\x83*jR\x12Ed9\xcc4\
\xcd\xcf\xf1\xdc\xec\x80\xb0mvQL\x81\xc8\x9a\x84\x7f\
JM]B\x00?\x16\xba\x1a\xe7\x7f\xf1\xaeZU\xff\
\xe4\xd4\x14\xf9\x86\x87)b\xe4(\xa6\x8eDC\xef0\
\x89rcrN\x22\xb6`\x013\xed\x91G\xc8p\xfb\
tW\xd7g\x0c\x1d\x104g\xee&P\x8b\xfb\xa5e\
hm\xcb6l2\x0d\x85k\xd6\xd4\xafC[\xf6\x03\
\x5c7\x0cD\xdfcG\x94Q\x01\x11\x94\x9d\x06\x05\x18\
\x08\x80\x85y\xf5\xa3y-\xc3~QT\x5c\x5c\x89\xfb\
c\xda}\xba(\xbf\x07\xb8\x0b\x9e\x1f-\xde\xb4i\xef\
f\xd4\xb0\xff\xda\xb5%\xe0,6\xcd\xd83L(\x16\
{\x07\x12\x81\x1b7h%T-*+\xab\x12\xecv\
\xb3\x8b>\x10\x01]\xd3D\x8d\xf3\x06oQQ]!\
\xf6n\xe9\xeb\xaf\x01\x1e\x1bQ\x10\x153\x053\x1dS\
\xb3\xda5I\xcc\xa1\x87\xb8\xd1\x96=\xd5\xd5\xa5(\xe9\
\xa3\x1a>\xb9/\x01\x80; \xfba\x8f\xd7\xbb;\x1f\
\xedW\xbax1\xeaylD\xc1\x11\xff\x08j~\x1e\
\xa5\x97\x0e\x05 \xf3\x92u\xa6\x22X3\x8f\xd0\xe5B\
\x89\x82\x9a\x9ar$m#\xec\xa5\xc5%\x80\x04L\xc6\
Q\xec\xfd-\xa5\xa5{\xb7 \xe6A\x94\x93\x1a/<\
\x068\x80e\xc4\xf8\x0c\xe7\xff9Mta\x16\xde\xa6\
\xe3Y<%\x08\xe4\xa4\x81\x01Z\x9d\x9dM\xf9uu\
\x95\xe85\x06\x89l\x0b\x01H\xf6\xeb\xe2\xb2\xb2=^\
\x80+\xed\xed\xa61\x16\x07\xfca\x00\xcf\xc1\xa3\x8eH\
\xa4+\xac\xeb\x15x\xb6\xfdl0x\xf2\x16\x14HE\
i\xaaf\x17\xb4*\x11\xbe~\x9d\xd6\xe0\x88\xf7\xbd\xd7\
_/\xe7N\xe7\x1f-\x04\x92\xb2\xb2v\xacw!Y\
\xbf\xf8\x22\xae\xe7\xba\x01\x8e\xf7\x81\xccL\xea\xf4\xfb/\
\xc8\xaa\xbaS$\x1a\x83\x01?\xd4{\xad\xcb\xe7\xfb\xec\
\x96\xaaR*\xd6 \x94\x96\xbc\xd1\xa1\x84\x8a\xe6\xb4\x0a\
\x07\x92\x94\xd5\xab\xb7Y\x08\x04\xa7\xa6\xbe\xbcf\xb4H\
\xaf7\xae\xe7\x0f!\x99\x028\xe1v\xfa|=\xb2\xa2\
\xd4\x8a\x8c\x8d\xc4\x9cd>T\xce\xab\x17\xc7\xc6\x9a}\
\x8aB\x0f\xe3\xe4\xa3\xdf\xad\x04\x9e\x0b\x8f=F#\xd8\
-g\x87\x86\xba,\x04\xb8\xaa\xfe\xa2\xb3\xb9\xf9x\x0f\
6\x11{AA\xec\x85\x01\x8e\xf8\xf9\x96/\xa7\xb6\xf1\
\xf1K\xe1p\xf8e\x1b\xe7\xc3\x96l\xe6\xfc\x8e\xaa(\
?<\x7f\xf5\xea\xa9\x1b\x92D.\x10&\x90@r\x99\
\x87\x98\x04\x9c\x8c\xbfAx\xcf\x1f9rF\x99\x9b{\
\xcbB\x00\xb5<\xc5d\xf9\x95\xce\x93'?\xbc\x0c\x12\
N4\x1d\xe3e2\xbc\xbe\x81\x8f\xbf\x1a\x188\x1f\x0e\
\x06_\x149\xbf\x1e\x83\xb5\x90\x98\x04\x89\x9a\xee+W\
>\x19\x87\x9a\x06q\x06\x12I8\x11\x8f\xa0\xa4\xcf\x1d\
9\xd2\xa2\xfa\xfd/\x09D\x03q\xcbP\xb0\xd9B\xa2\
\xae\xff\xf8\x5cK\xcb?\xfb22\xc8\xb1u+M \
q\xda\xfb\xfa\xba\x14\xa3\xab\x09\xc2\x88%7\x183\xe3\
\x1d\x9d\x9c1?\xc2Q\xdf\xdb\xdd\xfd\xf9\x04@\x9d\x90\
}\x1c\xbb\xe5\xc5\xa6\xa6\xd3h`u\x00\xbfI\xf1z\
\xc1\xfb\x88[\xb4i ^\xa90\xf4\x87\x8c\x9c\x9cg\
f\xa7\xa7{q\x8c\xfa\x09\x17\x84Q\x8a3\x9c\x0b]\
1\xd6A\x17\xaf\xb0\x92\xc1E\xf1\xcf)99\xc5\xfe\
\xa9\xa9n8\xf0\x16\xbc\xfd&\xfa]\xcd\x22\xee\xff\xff\
\x1d\xff\x17\xef\xd2\xfe\x9f\xb7=\x84H\x00\x00\x00\x00I\
END\xaeB`\x82\
\x00\x00\x02\x86\
\x89\
PNG\x0d\x0a\x1a\x0a\x00\x00\x00\x0dIHDR\x00\
\x00\x00\x18\x00\x00\x00\x18\x08\x06\x00\x00\x00\xe0w=\xf8\
\x00\x00\x00\x04gAMA\x00\x00\xb1\x8f\x0b\xfca\x05\
\x00\x00\x00\x06bKGD\x00\xff\x00\xff\x00\xff\xa0\xbd\
\xa7\x93\x00\x00\x00\x09pHYs\x00\x00\x0b\x12\x00\x00\
\x0b\x12\x01\xd2\xdd~\xfc\x00\x00\x00\x07tIME\x07\
\xd2\x02\x01\x0b\x00\x03\xc4\x02\x9d\xda\x00\x00\x02\x03ID\
ATx\xda\xbd\x95\xbf\xab\xdaP\x14\xc7?y}-\
\x0a\xa5\x94\x82\x98t+\x05A\xfac\x08\x8a\xbc\xff\xc1\
\xff\xc11\x05A\xb2\xb9\x14\xb4\x0e\xdd\x8an% \xd4\
\xd1\xcdA\xe7.\x19D\x04G\xfd\x0b\x1e\xa8\x9b\xa0I\
\x906\xb7K\xae\xcd\x8b\xfa\x12-\xf4\xc0\x81\x5c\xc8=\
\x9fs\xee\xf7\xdcs\xe1?\xd9\x17@\x5c\xe8\x9f\x81\xa7\
\x80\x92\x04 F\xa3\x91\xf0</\xd6\x1d\xc7\x11\xb6m\
K\xc8\xab\x00r\xd6$]x\x9e\xc7f\xb3I\x5cr\
6\x9b\x05x\x0b\xac\x81]\x00<\xb2\xdb\xf0b0\x18\
\xb0^\xaf\x01H\xa5RT*\x15\xa6\xd3)\xb3\xd9\x0c\
\xc30\xb0,\x0b]\xd7)\x16\x8brK*\x88\xa1\x9c\
\x03\x5cT\x81\x10\x7fc\xa8\xaa\x0a\xf0\x11\xb8\x076\x80\
\x7fj\xcb\x03@\xb5Z\xc5u]\xda\xed6\xadV\x8b\
l6\x8b\xae\xeb\x14\x0a\x05\x19\xf0\x123\x80\x1f\x84\x00\
b\xb5Z\x9dt@\x0c\x87C\x91\xd4\xe6\xf3\xf9\xa1\x09\
\xcej \xcf\x5c\x1eK\xb9\x5cN\x9cz>\x9f\x97\x9f\
/c5\x10B\xa0\xaa*B\x08\xfa\xfd>\xcb\xe5\x12\
\x80t:\x8da\x18\x8c\xc7c&\x93\x09\xa6i\xd2\xe9\
t(\x95J\xdc\xdd\xdd\xa1(\x0a\xc0\xbb\x93\x1a\x00\x07\
\x1d2\x99\x0c\xcdf\xf3\x81\xc0I,\x00|\x88\xad\xc0\
\xf7}4MC\x08A\xadV\xc3q\x1c\xba\xdd.\xf5\
z\x1dM\xd3\x0e\x19\x87+9\x0b\xe8\xf5z'5h\
4\x1a\xd7V\xf0\xfe\x00\xd8\xedvl\xb7\xdb\xc4\x1a\xc8\
3\x07\x0eUX\x96\x85\xeb\xba\x98\xa6y\x0c\xb0m\x9b\
\x5c.\xf7(\xe0_*\xf8\x04|\x8f\xbb\xc5R\x03 \
V\x87(\xe0\x16x\x0e\xbc\x00\x9e\x05#D\xfak\xe0\
\xe7\xb5]$/\xdao`\x0b\xec\x81\x9b\xd0\x8cR\x80\
\x95\xdct\x89\x06\xd1Y\x14\x1d~\xe1\xb5\x02\xfc\xbaV\
\x83\x9b\xe8QG\xdc\x97Sr\xb1X$\x0e\x1e\xfa\xd7\
O\x94\x0c\xf0\xf5\x8a'\xf5\x1b\xf0FI\x98\xd4cM\
\xa0D\xdf\x96\xc0\xf7\xc0&)@\x01\x9e\x04\xc1\xa3M\
p*\x86\x08\x1ag\xaf\x5c\xf8\x88\xc45\xc5\x91\x9e\x7f\
\x00\xb7\xae\x9eC}\xb2\x82g\x00\x00\x00\x00IEN\
D\xaeB`\x82\
\x00\x00\x07\xe2\
\x89\
PNG\x0d\x0a\x1a\x0a\x00\x00\x00\x0dIHDR\x00\
\x00\x000\x00\x00\x000\x08\x06\x00\x00\x00W\x02\xf9\x87\
\x00\x00\x00\x04gAMA\x00\x00\xaf\xc87\x05\x8a\xe9\
\x00\x00\x00\x19tEXtSoftware\
\x00Adobe ImageRead\
yq\xc9e<\x00\x00\x07tIDATx\xda\xd5\
YiLTW\x185!\xe2\x8a\xfc \x10\x11\xca\xa8\
\xd8ap`\x06J\x91\xaaX\x94hT\xa4.5&\
`c\xa8h0\x06\xe2\xb8Gb\x0d\xee\x8a\x8e\xe2\x86\
\xbb\x8e\xbb\xb8\xa2\xe3.(n\xe3\x8a\x8e\xbb\xb8'(\
\x7f\xc4\xa4\x09\x86_\xfe8\xbd\xe7\xbe\xe2e\x22\x10A\
h\x99\x97|,a\xde{\xe7|\xdf\xf9\xce\xfd\xee\xa5\
\x05\x80\x16\x8du\xf5\x8a\x8a\xf2\x16a\x13Q$\x22\xa5\
E\x13_\x00\xe4\x97\xc6\x02o\xeec6\xbf\x1d\xd3\xa6\
\x0d,\x9e\x9e\x18\xa0\xd7\xe3\x07\x7f\x7f\x9d;\x10 x\
\x0b\x01g\xb4m\x0b\xc7\xd0\xa1\xb0\xf7\xe8\x81\xe1\xfe\xfe\
\xe8\xa6\xd3\xa55_\x02J2\xf9\x04\x9b\xd9\xa1\x03J\
O\x9e\x04N\x9fv\x03\x02J2\xce?\xda\xb7Gn\
t4*_\xbf\x06\x00\xf7 \xc0\x06\x8d7\x18\xfe\xfe\
Sh\xbd0=\x1d\xa8\xa8\x00>\x7f\xd6BT\xa1\x99\
\x12P.\xf3[` ,\xadZ\xa1t\xff~\xe0\xd3\
'\xd78v\xacY\x12 x\x1d%\x93\xe4\xed\x0d\xab\
h\xd8\xca\x9b7\x81\x8f\x1f\x81\xf2r\x15\x1f>\x00\x87\
\x0f\x7f!\x10\xd1\xbd\xfb&\xde\xf7\x7f\x13 \xf8a\x94\
\x0c-\xd2\x9e\x9c\x0c\xbcy\x03\x94\x95\x01\xef\xdfk\xf1\
\xee\x9d\x16\xa5\xa5@^\x9e$@y\xfd\xee\xe7\x87\x04\
\x9d\x0e$.\x9e\x91E2\xff5\x01\x82\xcf!\x88\x8c\
v\xedP\xb2j\x95\x06\x9e\x0d\xcbx\xf5J\x8b\x97/\
\x81\x17/\xb4x\xfe\x1c()Ai~>\x1c\x8b\x16\
\xc16h\x10,^^`\xe5\x06\x06\x07\x83\xae%\x22\
\xae\x89\x09(\xc9\x8c\xf2\xf1\xc1\xfc\xa0 \x94\x9f8!\
\x81\xe1\xd93\xe0\xe9S-\x9e<\x01\x1e?\x06\x1e=\
\x02\x1e>\xd4\xe2\xc1\x03\xe0\xfe}\xc0\xe9\x04\xee\xdd\xd3\
\xe2\xee]8\x17.\x84\xd5hdedU\xd8K|\
G\x93\x10`\x86\xe2\xc2\xc2\xa4d\xf2\x12\x12\x80[\xb7\
j\x04G`(.\x06\xee\xdc\x01n\xdf\xd6>\xc7\xde\
\xb8q\x03\xb8~]\x0b\x87\x03\xb8v\x0d\xb8z\x15\xb8\
rEV\xd1\xda\xb5+h\xbf\x94%\x1d\xadQ\x09P\
\xab,u\x86x\x81s\xce\x9c\xda@\xd6\x08\x0e\x97/\
\x03\x97.\x01EE\xc0\xc5\x8b\xc0\x85\x0b@a!p\
\xfe\xbc\x16g\xcf\x02g\xce\xc8\xb5\xc29q\x22,-\
[\x82\x8e\xc6j|\x1f\x01e\x91El<J\xa6t\
\xeb\xd6\x9a\x80\xd6\x0c\xb2\xa0@\x03x\xee\x9c\x02y\xea\
\x94\x5c\x13@\xe9\xd9\xed\xd2^!\xfa\x02G\x8f\x02G\
\x8e\x00\x87\x0e\xa1r\xdd:X\x85[Q\xa6\x94+1\
4\x88\x00\xb5\x18k6K\xc9\xd8\xfa\xf4A\xe5\xf1\xe3\
5\x81e6k\x07J\x90\xbc\x8f@5\x90\xd2Rq\
\xf0 p\xe0\x80t'\xec\xdb\x07\xec\xdd\x0b\xec\xde\x0d\
\xec\xda\x05\xec\xdc\x09l\xde\x0c\x9b\xe8\x0d\xbe[\x91\xa8\
?\x01\x0b]\xa2\xd0b\xd1@\xec\xd9CpZf]\
\xc12\xa3\x0a\xac\x96Q\x02eF\xab\x03\xe53\x14\xd0\
\x1d;\x80\xed\xdb\x81m\xdb\x80-[$hl\xdc\x08\
l\xd8\x00\xac_\x0f\xe4\xe4\xc0\x11\x1b\xebB\xa2\xbe\x04\
\xe2\xe8\x0c\x16\xa1\xfb\x92M\x9b\x98y\xbe\x80/\xd4\xc0\
\xa9\xcc\xbaf\x95+\xb1\x06Ve\xd4f\xd3\xee\xa3\x04\
\xab\x03\xcd\xcd\x05\xd6\xae\x05\xd6\xac\x01h\xc7+W\x02\
+V\x00\xcb\x97\x03\xd9\xd9\x80p\xa9<\xa3Q6w\
Ld\xe4)\x81\xcf\xa3\xbe=\x90\xd2\xcf`\xa8\x90\xf3\
\xcd\xd4\xa9\xd4\xbf\x06\xc8j\xd5^Fb\xfc]I@\
eV\x03\xcb\xcf\xb8\x82]\xbdZ\x81\xe5s\x96-\x03\
\x96.\x05\x16/\x06\xc4\x1a\x81\x05\x0b\x80y\xf3\x80\xac\
,\x80\x86!\xdek\xeb\xd4\x09\xec\xc3h\xb39\xbb\xde\
.$\x96\xfe\x9e\xbd\xc3\xc3\x9f\xc8\x093.\x0e\x95\xd4\
>%C\x00K\x96\xf0\xa5\xcc\x14\x7ff\xf6\x08N\x03\
)\x9aQeV\x81ef\xf9Y\xde\xf3\x15\xd8\xd9\xb3\
\x81\x193\x80I\x93\x80q\xe3\x00\xae\xf0b/Q\x19\
\x1f\x8f\xf9\xe2\xfdtB\x81'\xb1\xde6\x1a\xda\xad\x9b\
\x1fK(g|\x11\xa5\xcc8\x1b\x9a I`\xfe|\
`\xee\x5c\x05b\xd6,`\xe6L`\xda4\xfe\xac\x81\
b\x05'O\xd6\xc0ed\x00\xc221a\x020~\
<\x90\x9a\xaa\x81\x1d5\x0a\x189\x12\x18>\x5c\x02\xc7\
\x90!\xc0\xe0\xc1\xc0\xc0\x81(\x8d\x89\xc18\x0f\x0f\xf4\
6\x99\xca\x04\xa46\x0dY\x89=\xa2M\xa6L\xee\xb2\
\xf8 \x07\xb3V\x5c\xcc\x06\xad\x9b\xc0\x94)\xb5\x83N\
I\x01\xc6\x8c\x01F\x8f\x06\x92\x92\xea$\x80\xfe\xfda\
\xef\xd2E\xdakTxxN\x83g\xa1p\x83!\x96\
Y\xa0\xa4l\x89\x89\x94\x14]\x89\xd2\xa8\x8b\x00m\x95\
\x84U\xd0\x04\xd8'\xd4\xfe\xd8\xb1\xdfD\xa0R\xd8y\
f\xeb\xd6`_v\xf4\xf5\xd57\x80\x80\x92\xd4/\x91\
\x91\x0e\xb9\xc0\xe9\xf5\x94\x14G\x05\xda_\xad\x04J\x84\
\x8c\xeciiUAg#yE\x88\xee\xc5\xcf\xd7A\
\x00\xfd\xfa\xc1\x11\x12\x22])\xd2h\xcc\xa5*\xbeg\
?\xe0AW\x90#\x86\xb7\xb7\xab\xa4X\x09W\x02\x1c\
\xa7Y~9&\xb0\x97\xb8\xc6\x08wc\x02\xe8p\x8a\
\x0c\x17;\xca\xac\x16\x02\x10F\x92\xd9\xaa\x95\xaa\xc2\xf7\
\xee\xc8~\x0a\x0b\x1b\x1cg4V\xc8!\x8f\x8dH\x10\
\x85\x85\x94\xc6W\x04\x08\xdcd0X\xb9+\xe3w\xd1\
SE\x04\x22*\xc9\xbe\xa2$\x15\x11\x1aD-\x04\x1c\
\x824\x93a\x0e\x0d\xcdf\x22\xbf{O,\x00\xf9\xc7\
DD\xdc\xe4C\x99\xd1r\xbb\x9d \xb8\x0e(\x02_\
o)\xdb\x8b\xf0\x11\xa1\x0b\x0b\x09\xf9\xab\xa7\xd1X\xcc\
\xbf\xb3\x9a\xac\x08\xef\x97v=b\xc4W\x04*{\xf6\
\x84E9\x92Oc\x9dJx\xf40\x9b7q\xf5&\
\x08'}\x9f 8jL\x9f\xfe-{b\xef\xf0\x90\
\x90\xb4_\xbbw/sYs\x0a\x0a\xe8V.\x04 \
\x9a\xd9\xa6\xed\xec\xd05(hX\xa3\x9e\x0b\x09\x8bK\
\xa6,()6+Ipz\xb5\x8b]\x98\x22Pw\
5Eo\x1df\xaf\xb0\x9a$!\xd7\x9c\xc4D\x17\x02\
N\x83A\xf6\x91\x90\xf0^q\x9bg\xa3\x9e\xcc\x09I\
\x84r\xf5\xa6\xa4\xacQQ\x04A2\xb5\x11\xa8u\xcd\
\x11\x19V$(\xcb\x84\x84/\x04\xd0\xabWu\x19\xf9\
5\xc5\xd9\xa8g\x8f\x88\x88<f\x92\x03!\x89\x10\x90\
.  \xf9[\x1f \xac:\xd5\x85\x04g*E\x00\
6__\xf9\xcc\x80\x8e\x1d\xe3\x1b\x99\x80\xba~6\x99\
&RRr\x97\x15\x1e^B\x95\xd5\xf7\x8c\x95\x95c\
OH9\xa6\xa7\x7f!\xe0\x10\x16\xce*\x1b\xf5\xfa,\
V\xadI\x08\xf0\xe2\x89\xf4\x8f\x9d;\xa7\xfe\x0b^\xd7\
\x80S?[R\x95;\xb1\x1f\x06\x0c\x90\x04\xca#\x22\
\xb8_\xe0ha\xa7\x094\x11\x01\xa5k\x0ea\x0d=\
0\xe61=\xdd\x8d\x16\xcd\xa9\x97\x04\x10\x13\xc3>\xa8\
\xaal\xa0\x0b\x81fvUm\xb0\x94\x94\x84+\x91\x80\
\xd5\xcb\x8b\xffw `}\xf3%\xa0H\xe4S2\x9c\
\xa3\xb8A\x22\x01{@\x00\xd8_4\x07w \xa0c\
\xb6\xe9h\xf2\xc8\xa6o_8\xc4\x88\xcd&7\x04\x07\
O\xa5\xf35c\x02\xaa\xa1Y\x05N\xc0\x9czK\x0c\
\x06N\xa7\xf2\xd0\x98\xe3\x89;\x100\xb3\x178\xf8\xf1\
P\xa1\xdcd\xaaN\xc0\xafy\x13P$\x9c\x9c^\xe5\
\xe2&F\x944\x01Y\xcca\xc5\xe2O\xfe\xeeB \
\x85\x0b\x18\xf7 \xdcwT#\x10\xe8.\x04\xbc\xb9\x91\
\xa2\xa5\xf2\x0c*\xd3\xd3\xb3\x8a\x80\xde\x0d\x08(K\xad\
\x92\x11\xd7\x02\x8e\xe1\xeeF\xc0B\x19q\xdfA[\xa5\
\xbd\xba\x1b\x01\x1d\xdd\x88\xdbX\xb7$\xc0\xab\xaf\xd1\xf8\
\x96\xa3v5\x02anE\x80}\xc0\x93\x0d\xee78\
\xb2s\xdau7\x02f\xfe\xdb+>4T\xee\x09\xdc\
\xab\x02\xeajC\xe0\x22\xcc\x22|\x88\xfd\x1f\xf9\x92A\
H?q\x1a\xd8\x00\x00\x00\x00IEND\xaeB`\
\x82\
\x00\x00\x02\xa3\
\x89\
PNG\x0d\x0a\x1a\x0a\x00\x00\x00\x0dIHDR\x00\
\x00\x00<\x00\x00\x00<\x08\x06\x00\x00\x00:\xfc\xd9r\
\x00\x00\x00\x06bKGD\x00\xff\x00\xff\x00\xff\xa0\xbd\
\xa7\x93\x00\x00\x00\x09pHYs\x00\x00\x0b\x13\x00\x00\
\x0b\x13\x01\x00\x9a\x9c\x18\x00\x00\x00\x07tIME\x07\
\xe2\x03\x02\x0441\x97\x0c\xf9c\x00\x00\x00\x19tE\
XtComment\x00Create\
d with GIMPW\x81\x0e\x17\x00\
\x00\x02\x0bIDATh\xde\xed\x98\xcdK\x94Q\x14\
\xc6\x7f\x16\x96},\xa2U\x1b?\x90\xc0E`!n\
[\x04\x15E\x14\x06#\xaeZ\xbb\x90r!mJ\xa5\
vA\x7fA\xae\xda\x88\x91\xd2\x22\x17f\x10\xa2\x92P\
\x18E\x05\x81\x04\xd9*\x22\xa5`H\xc4\x84is\x16\
\x0f/3\x13\xfa^!\xc6\xe7\x07\x97\xfb\xces\xce}\
\xee\xdc\x97s\xefe\x06\x8c1\xc6\x18c\x8c1\xc6\x18\
c\x8cIN\x0fP\x8av&\xb5\xf9\x9e\xffp\xc1\xed\
\xf2\xfca7-\xf8\x1b\xb0\xb2\x9b\x16\xfc~'\xcc\xb7\
\xb2\xe0Y\xd9[\xa72\xb1\xe3\xc0\x9f\x88}\x02\xf6I\
\xac\x1e\xb8\x01\xbc\x04~F\x9b\x03z\xcb\xcc\x7f\x04h\
\xaaP\xce[\xf1I\xc2}YpO&\xf6Hbg\
E\xef\x00\xdeJ,\xdb\x9e\x03{%\xff\xb4\xc4\xae\xe5\
\xf0IB\xb7L0,z\xa7\xe8\xe3\xa2\x9f\x00\xd6$\
6\x0d\xdc\x01\x1e\x02\x9b\xa2\xdf\x941}\xa2\x9f\xcc\xe1\
\x93\x84f1\x1f\x0d\xad\x0ex\x11\xda\x9a\x94\xe3\x81(\
\xc9\x12\xb0\x01\x5c\xcex\x15\xc4\xeb\xb5\xe8\x0fB\xdb\x04\
\xf6\xe7\xf0IB\x1d\xf0=\xcc\x17C\xbb \x13\xde\x92\
\xdc\xeb\xa2\xdf\xae\xe0\xb5\x1a\xf1\xdf\xa2/\x84\xf61\xa7\
O2&\xc3\xbc\x18{\xe6]|\xfe\x0c4H\xde\x94\
|\xd1\xd62>\xf5R\xa6_\xe5\x00-\x866\x96\xc3\
'\xe9\xb5\xf4*\xfa\xc3\xc0\x80\xec\xb3~`]\xf2\x8e\
\xc9s\xb1\x8c\xcf\x95(W\x80g\xd1\xb7\x84\xaf^I\
\xdb\xf1I\xcayy\xe3\x1b\xd1?-\x937V\xa5\x14\
;\x81\x1f\x11[\x05\x1aC\xef\x921\x97r\xf8$\xe5\
h\xe6:X\xafPj\x85L\xde\x13`\x08x,\xf7\
u\x09\xb8(c\x86Eo\xca\xe1\x93\x9c%\x99\xe8n\
\x95\xbc\x91*\xf7\xe6\x978\xf0\x94\x89\x88\xfd\x8a\xc3h\
\xbb>Ii\x00\x96c\xb2e\xe0\xe0?N\xf5\x020\
\x13%W\x04\xde\x00\x83\xc0\xa1*/r>\xa7OR\
\x06\xe5\xed^\xad\xf5\xdf\xa9\xcdr\x05Lg\xca\xae&\
\x99\x90\xd3\xb9\xad\xd6\x17{NJ\xf9\x9e\xff\x941\xc6\
\x18c\x8c1\xc6\x18c\x8c1\xc6\x98T\xfc\x05\x944\
\xe4\xeb\x87\xd7;\x14\x00\x00\x00\x00IEND\xaeB\
`\x82\
\x00\x00\x04s\
\x89\
PNG\x0d\x0a\x1a\x0a\x00\x00\x00\x0dIHDR\x00\
\x00\x00\x18\x00\x00\x00\x18\x08\x06\x00\x00\x00\xe0w=\xf8\
\x00\x00\x00\x04gAMA\x00\x00\xb1\x8f\x0b\xfca\x05\
\x00\x00\x00\x06bKGD\x00\xff\x00\xff\x00\xff\xa0\xbd\
\xa7\x93\x00\x00\x00\x09pHYs\x00\x00\x0b\x12\x00\x00\
\x0b\x12\x01\xd2\xdd~\xfc\x00\x00\x00\x07tIME\x07\
\xd2\x01\x07\x0b\x02+\xa1Jr\xae\x00\x00\x03\xf0ID\
ATx\xda\xb5\x96\xcfkTW\x14\xc7?\xf7\xcd\xf8\
\x06\x99IL3\x89 \x1a_h\xb2\xe8F\x1bE\x17\
>\xc1\x04\x0c\xc2\xb8\x98\x89\xa4\x83\x9b\x8a\x90F\xc8\xa6\
\x05\xdd\xf9\x17\xb8\x10\x04\xff\x02\xdb\x85\x14\x19\x14\x0c\xad\
0v\x15\xd0\xfc\x92V\x0dA\xc9/\x92\x86\xc4A&\
\x04\x9a\xc4y\xbf\xee\x8f.\x9a\x0cI\xeb\xc4R\xd2\x03\
\x17.\xf7\x1c\xce\xe7\x9e\xef}\xf7\xdc\x07\xff\xb3\x89Z\
\x8eL&\x93-\x97\xcb\xf9 \x08\x5c)\xe5Q\xa5\x14\
\xc0\x220|\xe0\xc0\x81\xc2\x8b\x17/\x06\xff\x13\xe0\xca\
\x95+'_\xbf~}\xc7\xb2\xac\xce\xf3\xe7\xcfs\xfc\
\xf8q\xd2\xe94Zk\xca\xe52\xe3\xe3\xe3\x14\x8bE\
\xa4\x94C\x87\x0f\x1f\xbe166\xf6\xdb\xbf\x06tu\
ueK\xa5\xd2C\xd7u\xe3\xbd\xbd\xbd\x1c<x\x90\
}\xfb\xf6!\x84@kM\x14E\xf8\xbe\xcf\xbbw\xef\
\xb8\x7f\xff>###\xb2\xa1\xa1\xa1wnn\xaef\
5\xb1\xadI.\x97;933\xf3\xcb\xa5K\x97\xe2\
W\xaf^\xa5\xa9\xa9\x89\xba\xba:\x1a\x1b\x1bijj\
\xa2\xb9\xb9\x99t:M*\x95\x22\x95Jq\xec\xd81\
<\xcf\xb3^\xbdz\x95?r\xe4\xc8\xcf\xab\xab\xab\xa5\
]\x01a\x18\xfe\xe8\xba\xee\xe7\xfd\xfd\xfd\xa4R)\x1a\
\x1a\x1ahnn&\x95J\x91H$\x88\xc5b\xc4b\
1\x12\x89\x04uuu$\x93I\xda\xda\xda\x98\x9e\x9e\
\xb6fgg\xbf\x08\x82\xe0\xfb\x9a:uttd\x1d\
\xc71\xc5b\xd1\xbcy\xf3\xc6\x94J%s\xf1\xe2E\
\x13E\x91QJ\x19\xa5\x94\x91R\x9a(\x8a\x8c\xef\xfb\
fmm\xcd\x5c\xb8p\xc1,--\x99B\xa1`\xea\
\xeb\xebMccc\xf6c\xb9-\x80r\xb9\x9c\xcff\
\xb3\x1c:t\x88d2I__\xdf_N\xcbB\x08\
A6\x9b%\x97\xcb!\x84@\x08\xc1\xe5\xcb\x97\xab\xfe\
\x8e\x8e\x0e2\x99\x0c\x9e\xe7\xe5k\x02\x82 p\xcf\x9e\
=\x8bm\xdb\x5c\xbbv\xad\xea4\xc6\xec\x086\xc6\xd0\
\xd3\xd3\xb3c]\x08Aww7J)\xb7&@)\
u\xb4\xa5\xa5\x85D\x22\xc1\x83\x07\x0f\xaa\xc9\xb6\xc6\xe0\
\xe0 \x8f\x1f?\xc6\x18\xc3\xa3G\x8fv\x00\x8d1\xb4\
\xb7\xb7\x03\x1c\xfd\x18 \xbe\x09@\x08A<\x1eG)\
\x851\x06!Du\xbeeJ\xa9\xea\x9a1\x86(\x8a\
\x90R\x12E\xd1?\xaa\xfd{\x05\x8b\xf3\xf3\xf3\xd5o\
]k\x8d\xd6\x1a)%RJr\xb9\x1c\xb9\x5cnG\
\xb2\xad\xd80\x0c\x99\x9a\x9aB)\xb5X\x13`\x8c\x19\
~\xfa\xf4)\xbe\xef\x13\x86!Zk\x8c1\x84aH\
\x10\x04h\xadQJ\x11\x86!a\x18\xa2\x94BkM\
\x10\x04\x04A@\xb1XDk=\x5cS\x22\xcb\xb2\x0a\
\x85B\xe1\xeb|>O{{{U\x06\xcf\xf3\x10B\
p\xef\xde=\x84\x10T*\x15\xa4\x94;\xfco\xdf\xbe\
\xe5\xc9\x93'\x00\x85\xddZ\x85c\xdb\xf6\x0f\xa7O\x9f\
\xee\xbc{\xf7.\xb6mcY\x16\xb6m#\x84\xd8q\
&J\xa9j\xcb\xf8\xf0\xe1\x03\xd7\xaf_gbbb\
\x08\xe8\xda\xed&\xffaY\xd6\xc4\xf2\xf2\xf27\xef\xdf\
\xbf\xb7N\x9c8Q\xd5;\x08\x02\xc20\xc4\xf3<\xc2\
0\xc4\xf7}*\x95\x0a\xeb\xeb\xeb\xdc\xbe}\x9b\x91\x91\
\x11\x09|\x07\xcc\xec\xda*\xb4\xd6\xb6\x10bhjj\
*\xff\xf2\xe5K\xab\xa5\xa5\x85\xfd\xfb\xf7W\x93o\xe9\
\xbd\xb1\xb1\xc1\xe4\xe4$\xb7n\xddbttT\x02\x15\
\xe0+`\x15\xf8\xf5S\xed\xda\x01\xd2B\x88;\x96e\
u\x9e;w\x8e3g\xce\xd0\xda\xda\x0a\xc0\xdc\xdc\x1c\
\xcf\x9f?\xe7\xd9\xb3g\x00C\xc0\x0d\xe0!\xf0\xd9\xe6\
fW\x80o\x81\x9f>\xf5\xe08\xc0\x97@\x1ep\xb7\
]\xa2E`x\xf3@W\x80e\x80\xd6\xd6\xd6I@\
,,,X@\x04d6\xe3>i\xce.c{\xcc\
\xca\xc0\xc0@t\xea\xd4)\x0fX\xdb\x94\xcd\xd9\xcb\xa7\
\xd7\x01\xd6o\xde\xbc\xa9\x5c\xd7\x95\xc0:\xb0\xb1\x97\x90\
\xad\xaa\xfc\x81\x81\x81\xc8q\x9ch\xaf\x01\xdb!%@\
\x01\x9d\x80#\xf6\xf8/e\xfb\x8e\x7f\x07\xf8\x13\x7f\x10\
##c\x99\xf1\x1a\x00\x00\x00\x00IEND\xaeB\
`\x82\
\x00\x00vP\
\x89\
PNG\x0d\x0a\x1a\x0a\x00\x00\x00\x0dIHDR\x00\
\x00\x01*\x00\x00\x01\x08\x08\x06\x00\x00\x00\xe8^\xb9\x12\
\x00\x00\x00\x06bKGD\x00\xff\x00\xff\x00\xff\xa0\xbd\
\xa7\x93\x00\x00\x00\x09pHYs\x00\x00\xd0\xcb\x00\x00\
\xd0\xcb\x01\x9f\x0e\xc0#\x00\x00\x00\x09vpAg\x00\
\x00\x01*\x00\x00\x01\x08\x00\xdc\x89p\xd2\x00\x00t\x99\
IDATx\xda\xed\xbdg\x98]\xd7y\x1e\xfa\xae\
s\xce\xcc\x99r\xa6bf0\x00\x06\x04+\xc0\xde\x04\
RP\xa5,Q\x85\x12e9\xb2d\xcbE\x91\xcbu\
B\xdf\x9b\x9b\xe7\x96'\xbenq\xb9Vl\xc5\x92\x15\
\xeb\xdaJd;\x91\xe4\xc4\x91\x13;\x11%\xf6\x02\x12\
 \x08\x90`\x01\x09\x90\x00\x89N\xf46\xfd\xcc\xcc\xe9\
{\xaf\xfbc\xb7U\xf7^\xfb\x94)\xc4\xfe\xf0\x0c\xce\
\xde\xab\xaf]\xde\xfd~\xdfZ\xdfZ\x04\x89\x5c\xf62\
\xba\xe5\x01\xef\xf0#\x00\xfe\x0f\x00\xb7\x00(\x02\xf8\x01\
\x80\xff\x02\xe04\x00\x5c\xd8\xfd\x9d\xa5nj\x22\x97\xa9\
\xa4\x97\xba\x01\x89,\xad0 \xb5\x05\xc0\xb7\x01\xdc\x03\
`\x00\xc0\x08\x80\x0f\x03\xb8\x19\xc0~\x00\x17sc\x9b\
1\x7f\xe6\xd5\xa5nr\x22\x97\xa1\xa4\x96\xba\x01\x89,\
\x0bi\x03\xf0\xcf\x01\xdc\xaa\x08\xff\x14\x80\xef\x03\xf88\
\x00\xc2\x00[\x22\x89,\x9a$@\x95\x08\x00\xf4\x01\xb8\
=$\xfev\x00\x7f\x03\xe0\x17\x01\xb4%`\x95\xc8b\
K\x02T\x89\x00@\xb7\xfb\x17&\x1b\x00|\x0b\xc0\xff\
\x05\xa0'\x01\xabD\x16S\x12\xa0J$\x8e\x0c\x00\xf8\
}\x00\xff\x06\xc0H\x02V\x89,\x96$@\x95H\x5c\
\xe9\x04\xf0\xeb\x00\xfe\x03\x80\xebF\xb7<\x80\x04\xb0\x12\
i\xb5$@\x95H=\x92\x01\xf0y\x00\xdf\x833Z\
\x98\x80U\x22-\x95\x04\xa8\x12iD>\x00\x07\xac>\
\x07 \x95\x80U\x22\xad\x92\x04\xa8\x12iT\xae\x07\xf0\
\x1d\x00\xff\x0c@G\x02V\x89\xb4B\x12\xa0J\xa4\x19\
2\x0a\xe0O\x01\xfc\x0e\x80\xfe\x04\xac\x12i\xb6$@\
\x95H\xa4\xa4Ri\xd0\xe8d=\x00~\x03\xc07\x01\
\x8c%F\xf6D\x9a)\x09P%\x12*\x94R\xac\x1d\
\x1b\xc3]w\xde\x8ct:\x0dJC!\xab\x1d\xc0W\
\xe0L\x0e\xbd\x05H\x8c\xec\x894G\x12\xa0J$T\
(\x05z{\xba\xf1K_\xfc8>\xff\xe9\x0f\xa2\xb3\
\xb3#\x0a\xacR\x08\xdcn>\x8a\xc4\xed&\x91&H\
\x02T\x89D\x0a\xa5\x14\xb9\xee,\xbe\xf4\x93\x1f\xc2W\
\xbe\xf8q\xf4\xf7\xf5\xc0\xb6#\x95\xc1;\x01\xfcG\x00\
_\x02\x90I\xc0*\x91F$\x01\xaaD\x8c\x84R\x8a\
\xf6L\x06\xf7}\xe4N\xfc\xfaW>\x8buk\x86M\
\xc0\xea*\x00\x7f\x01g\xe9\x98\xee\x04\xac\x12\xa9W\x12\
\xa0J\xc4X(\x00B\x08\xdew\xe7&\xfc\xcb_\xfd\
\x1cn\xd8\xb8!J\x0d\x04\x80U\x00\xfe\x10\xc0W\x01\
\x0c%`\x95H=\x92\x00U\x22\xb1\x85R\x8a\x9b\xae\
\x1b\xc3\xbf\xfc\x95\xcfa\xcb{n\x02@\xa2\x00\xab\x0b\
\xc0\xbf\x80\xb3\xde\xd55\xc9\x88`\x22q%\x01\xaaD\
\xc2\x85\xb8\xbf\x94\xfd\xa1\xb0m\x8a\xf5\xa3\x83x\xe0\xcb\
\x9f\xc6'\x7f\xe2.\xb4\xb5\xb5E\x81U\x06\xc0\xcf\x00\
\xf8.\x80\xbb\x80dD0\x11sI\x80*\x11#\xa1\
\x00\xa8\xfb\xbf\x07Z6\xa5\x18\xec\xeb\xc6/}\xf1c\
\xf8\xe2g\xefAww'\xechU\xf0\xc3pF\x04\
?\x83\xc4\xed&\x11CI\x80*\x11s\xa1\x01Hy\
bS\x8a\xce\x8ev|\xfe\xbe\xf7\xe1W\xbet\x1f\x86\
\x06\xfbM\x8c\xec7\x02\xf8k\x00\xbf\x02 \x9b\x80U\
\x22Q\x92\x00U\x22\x91B#\xc2)\xa5hK\xa7\xf0\
\xb1\xf7\xdf\x82\xff\xf5+\x9f\xc5\x86\xf5\xa3&\xccj-\
\x80?\x03\xf0\x9b\x00\xfa\x12\xb0J$L\x92\xcd\x1d.\
s\xc9\x8dm\x06\x80~\x00\xff\x14\xce\x08\x1d'\x14\xc0\
\xf0\xc80>\xf0\x9eM\xe8\xcaf\xfc0\xa8\x12\x02X\
\xb7z\x10\xd7^\xb5\x0e\x17.\xcd\xe0\xe2\xf84\x08A\
\x98d\x01\xbc\x0f\xc0j\x00{rc\x9b\xe7\x92\x0d$\
\x12QI\xc2\xa8\x121\x12\xc7:Ed\x90r\xcdV\
\xde\xa1M)6^\xb9\x06\xff\xdb/}\x16\x1f\xdar\
+H*\x15ed\xcf\x02\xf8U8\xaa\xe0\x8d@b\
dOD\x96\x04\xa8\x121\x10\xaa\xa6QTy\x08\x9b\
\xda\x18\x1d\xee\xc3\xaf\xfd\xfc'q\xff\xbd[\x90\xcd\xb6\
\x9b\xb8\xdd|\x06\x8e\x91\xfd\xc3@\x02V\x89\xf0\x92\x00\
U\x22\x86\x22\xa0\x12\x95\x0e\xb9t\x94R\xf4\xe6:\xf1\
\xf3?u\x0f~\xee\x9f|\x0c\xbd=9\x13#\xfb]\
p\xa6/\xfc\x0c\x12\xb7\x9bD\x18I\x80*\x11s\x89\
\x04(>\xc4\xb6)\xb2\xed\x19\xdc\xff\xd1\xcd\xf8_~\
\xe1\xd3\x18]\xbd\xca\x04\xac\xae\x8131\xf4_\x00\xe8\
J\xc0*\x11 1\xa6_\xf6\x12\xcf\x98\xde\xa6\xd0\x00\
\x15!B\x10!\x04W\xac\x1d\xc6\x95c\xa38}~\
\x02S\xd3y\x90p+{\x17\x1c\x150\x07\xc7\xc8^\
L\x8c\xec\x97\xb7$\x8c*\x91h\xa1\xe1\x0c\xaaZ\xb3\
aY\x9e\xca'\xe7u\xfe(n\xd9t\x05\xfe\xc5/\
\xfd$\xee\xbcu\x93I\xad]p\x9c\x99\xff\x12\xc0\x95\
@b\xb7\xba\x9c%\x01\xaaDb\x08\x85\x08Y\x04\xc0\
\xecB\x05'/\xe6Q\xaeX br\xe6\xd0\xa6\x14\
\x1b\xd6\x0d\xe3\x81/\x7f\x06\x1f\xfd\xe0\x9d&\x0b\xf1e\
\xe0,\x13\xf3]8\xcb\xc6$`u\x99J\x02T\x89\
D\x0a\xe5\xff\x93\xe2(\xa5\x98\x98-\xe1\xf8\xf9Y,\
\x94\xaaL&\xe9\x106\xa5X5\x90\xc3W\xbex/\
~\xea\xbe\x0f\xa2+z!>\x02\xe0'\xe0\x8c\x08~\
\x0a\xc9B|\x97\xa5$@\x95Hl\xa14\xf8cB\
1;_\xc6\xb1\xb33\x98\x9d/\xbb!\xcc\xecu\xff\
\x98\x82R\x8a\xee\xce,~\xfa\xbe\xf7\xe3\x17\xbf\xf0\x09\
\x0c\xf4\xf7\x9a\xccd\xbf\x05\xce\x12\xc7\xbf\x04\xa0=\x01\
\xab\xcbK\x12c\xfae.F\xc6\xf4\xe1a\xbc\xff=\
\x9b\xd0\x99\xcd\xc8\x86r\x00\x85R\x0d\xd3s\x0e8U\
,\x1b\xf9B\x05\xe94AW\xb6\x0d\x84\x04\x00\xc5\x15\
\x0a \x9dJ\xe1\xaa+F\xb1vt\x18'\xcf\x5cD\
~n!\xca\xc8\xde\x0b\xe0#n\xb5\xaf\xe7\xc66W\
\x12#\xfb\xe5!\x09\xa3J\xc4L(\x00\x10E\x18\xcf\
\x9a\x00\xa0\x5c\xb1p\xf2B\x1e\xe7&\xe7a\xd96t\
z\xa0\xb3\x10\x1fp\xd7m\xd7\xe2\xd7\xbf\xf2\x93\xb8a\
\xe3U\x88&V\xe8\x03\xf0\xbbp\xb6\xe7\x1a\x05\x12\xbb\
\xd5\xe5 \x09P%b.\x14\x92=\x9d\x03)&\xbc\
fQ\x9c\x19\x9f\xc3\xa9\x8byTk\xb6\x03q\x9a9\
X\x94R\x5c\x7f\xf5Z\xfc\xfa?\xbd\x1f[6\xdf\x84\
T\x8aD\x01V\x16\xc0\xaf\xc1\xd9\xf8t\x13\x90\x80\xd5\
\xbb]\x12\xa0J\xc4Hh\xd8\xf4Nf\x99*\xca \
\x19\xa5\x14\x17\xa7\x0b8~n\x16\x85r\xcdO\xaa\x12\
\xdb\xa6X;2\x80_\xfd\xb9O\xe1\x13\x1fy/\xda\
\xdb#\x17\xe2K\xc3\xd9J\xfe\xfbp\xb6\x96O\xc0\xea\
],\x09P%b,\xf2\xe4\x84\x00\x9c\xa8\x10\xc3\x1a\
\xdc\xa7\xe6J8vv\x06\xf9BE[\xb07}\xa1\
\xbf\xa7\x0b?\xf7\xb9{\xf0\x85\xcf\xde\x83\x9e\x5c\xb7\xc9\
\x9a\xec[\x00|\x0f\xc0\xe7\x01\xa4\x13\xb0zwJ\x02\
T\x89\xc4\x12^\xfbS\xcfJ\xa7\x0a\x93T\xbeP\xc5\
\xb1\xb33\x98\xca\x17\xa5\xc2x5\xd0FgG\x1b>\
\xfb\xb1\xbb\xf0\x95\x9f\xfd$\x86\x87\x06M\xc0\xea:\x00\
\xff\x01\xc0\xaf\x03\xe8H\xc0\xea\xdd'\xc9\xa8\xdfe.\
&\xa3~C\xc3\xc3x\xdf\x1d\x9b\xd0\xd9\x91\x81\xa8\xbc\
\x11\x00\x0b\xee\xa8\x9f\x0a\xa0\xbc\x03\x02\x8a\xaae#\xbf\
P\x01!\x04\xdd\x1dm \x84]6\x86/7\x95r\
\xdcn\xc6\xd6\x8e\xe0\xcc\xf9IL\xcfD\xba\xddt\x03\
\xb8\x07@'\x80\xd7rc\x9bK\xc9\x88\xe0\xbbG\x12\
F\x95H\xb4\x88\x96r\xf1T0\x92\xf3\xc9y\xeeU\
\xa9\xd98u1\x8fS\x97\xe6P\xb5l\xbe\x00\xef\x8c\
ae\xb7\xddp%\x1e\xf8\xf2\xfd\xb8\xed\xe6\xebLZ\
\xda\x0d\xe0\xff\x06\xf0-\x00W\x00\x89\xdd\xea\xdd\x22\x09\
P%b.\x94(\xf1\xca\xffe\xfc\xfaD\xd3:\x9b\
\xcf\xb2)\xceO\xcc\xe3\x9d\xf33(Wj\xdc\xa4\x07\
Q\xcb\xa3\x94\xe2\xaa\xf5#\xf8\xb5\x9f\xff4>\xfc\xbe\
\xdbM\xdcn\xda\x00\xfc\x22\x80\xff\x04\xe06 \x01\xab\
w\x83$@\x95\x88\x91\x883\xcc%B\xa5\x00'/\
\xc8\xdb\x13\x22P\x07\x9d\x11\xc1\xf1\x99\x22\x8e\x9e\x9d\xc1\
\x5c\xb1\x0a\xbf\x08U\xdd\x94bdU/\xbe\xfc\x85\x8f\
\xe1\xfe\x8f\xbf\x1f\x9dfn7\xf7\x02\xf8[\xf77q\
\xbbY\xe1\x92\x00U\x22\xc6BCcd\xf6$\xad\xb8\
\xe0\xeatl\xf8\xcc|\x19G\xceLcj\xae\x14Z\
\xbaM)z\xba;\xf1\xf9\xfb>\x80/\xfd\xd4\xc7\xd0\
\xdf\xdfkbd\xbf\x0d\x0e\xb3\xfaE\x00m\x09X\xad\
\x5cI\x80*\x113\x89\xd8\x8aF\xcb\x9e\xbcHJ\xa5\
p\x0fg\x16\x8a5\x1c;;\x8b\x8b\xd3\x05\x0e|\xc4\
\xb9Z\xd4\xa6\xc8\xb6\xa7\xf1\xf1\x0f\xdd\x86_\xfe\xd2}\
X\xbbf\xd8\x04\xac\xae\x80c\xb3\xfa\xbf\x01\xe4\x12\xb0\
Z\x99\x92\x00U\x22\xf5\x09;;\x9d*6~`&\
R\xa9\x00\x8a\xc5\x17B\x80r\xb5\x86w\xce\xcf\xe2\xcc\
\xf8<,q\x15P\x06\xad(\xa5H\x11\x82\xbbo\xbb\
\x0e\xbf\xf6\x8b\xf7c\xd3u\x1bLZ;\x00\xe0\xf7\x01\
\xfc\x09\x80\x91\x04\xacV\x9e$\xd3\x13.s1\x9d\x9e\
\xb0\xe5\xce\x8d\xe8\xca\xb6\xc9\xfb<\x10`\xa1T\xc5\xf4\
\x5c\x89C\x1f\xe5^\x10:\x1b\x94[\xa8M)\xe6\x0a\
\x15Tk6\xba;\xdb\x90I\xa7\xa4\xe5e\xd8\x22\x86\
\x07{q\xdd\xd5\xeb1\x93/\xe0\xc2\xa5I\xd86\x0d\
\xdb\x9e+\x03\xe0=\x00\xae\x85\xe3\xd0<\x95L_X\
9\x920\xaaD\xcc\x84z3\xd0\xb5\x91\xea\x99\xeb\xca\
%a\xbc\x5c\xd4\x07)/\xda\xa6\x14\x17\xa6\x16p\xf4\
\xec\x8c\xbb\xb6\x95\x1e\xfc\xa8M1\xb6z\x10\xbf\xf43\
\x1f\xc7\xc7>\xb4\x19\xd9\xac\x91\xdb\xcd\xe7\xe1\xccd\xdf\
\x02$#\x82+E\x12\xa0J$R\xd4^~\xe2(\
\x9f\xda}F.\xcb\xfd\xe7\x1a\xb3\xa4]\xe2=\xb7\x9b\
|\x11\x87OOcv\xa1\xacX\x06\x19>\xd3\xa2\xd4\
\xc6@_7~\xf6'?\x8c\xcf\xdd\xf7!\xe4r]\
&v\xab\x0f\xc0\x01\xab\xcf\x01H%`\xb5\xfc%\x01\
\xaaD\x0cD\xc5\x95\xf8\xa80pr\x92\x05\xecI=\
\x22\x08\x9f\xb5y1s\x85\x0a\x0e\x9f\x9e\xc1\xc4LQ\
r\x80fW\xb9\xa2\x94\xa2\xab\xb3\x1d\x9f\xf9\xe8]\xf8\
\x85\x9f\xfe\x04\x86\x87\x06L\xc0\xeaz8\xab/\xfcs\
\x00\xd9\x04\xac\x96\xb7$@\x95H\xb4x\xac\x87:\x06\
 \x16\x94\x02X!\x8al4\x16@\x89\xac\x0c\x00\x8a\
\x95\x1a\x8e\x9e\x9d\xc1\xb9\xf1yf\xab-\x95\x81\x9e\xa2\
=\x93\xc2\x87\xef\xbe\x11\xbf\xfc\xa5O\xe3\xca+\xd6\x9a\
\x80\xd5(\x9cu\xad\xfe5\x80\xfe\x04\xac\x96\xaf$@\
\x95H\xa8\xf8\xf0\xe3\x81\x8c\xf6\xdd\x0fT@\x09\x9cb\
\x02\x147\x22\x08g\x97\x9b\x13\x17\xf28qa\x16\xd5\
\x9a\x05}\x0b\x9c\x11\xc4\xdbo\xbc\x12\xbf\xfa\xf3\x9f\xc6\
\xad7]\x87P\xef@Gr\x00\xfe\x15\x80\x7f\x07`\
,\x01\xab\xe5)\xc9\xa8\xdfe.Q\xa3~\x00\xb0j\
h\x08\xef\xbbc#\xba:\xda\xa48\xe2\x8e\xfaM\xcd\
\x15u\x0by*\x03\xa5\xf5\xadTZ%\xa3\xefy#\
\x82\xa5\xaa\x85\x5cg;\xda\xd2\xa9\x90\xf4\xc0`\x7f\x0e\
\xd7^=\x86\x85b\x05\xe7.N\xc0\xb2\xec0\xa7\xe6\
4\x80[\x01\xdc\x0c`_nl\xf3\xa5dDpy\
I\xc2\xa8\x12i\x5c\x04\xb5N\xc5\x9cX\xf6\x14\xc6\xa0\
\xd8p\xd1\xa1\x99\x02\xb84]\xc4\xa1S\xd3\xc8\x17\xaa\
\x8a\xf4\xec9\xc5\xe8P\x1f~\xfe\xf3\x1f\xc5\xa7>\xba\
\xc5d\xb7\x9b\x14\x80O\xc2Y\x88\xef\xa3H\xdcn\x96\
\x95$@\x95\x88\x91\xc8\x8b\xe5\xa9\xfd\xfe\xc4\x04a\xe0\
$\x83\x8b\xf7'\xb8\xe40\xf1\x000\xb3P\xc2\xa1\xd3\
S\x98\xcc\x97\xc2\x0d\xf8\x94\xa27\xd7\x81\x9f\xfa\xe4\xfb\
\xf0\xd3\x9f\xfd\x09S\xb7\x9b;\xe1\xb8\xdd\xfc\x1c\x80L\
\x02V\xcbC\x12\xa0J\xc4H\xb4\xe3~\x0c\xdd\xf1@\
&\x0e8\xb1q\x92\xcf\xa0\x14\xef\x08\x01\xb0P\xac\xe2\
\xf0\xe9i\x9c\x9f\x5cP\x82\x8f\xdf\x02\x9b\xa2#\x9b\xc1\
\xbd\x1f\xb8\x0d_\xfe\xc2'L\xddn\xae\x04\xf0\x17p\
vj\xeeN\xc0j\xe9%\x01\xaaD\xcc\x85R5\x8d\
\xa2\x1e$\xc9v\xa7p\xc6\x13\x0f\xa0\xfctnX\xb9\
j\xe1\xd8\xb9\x19\x9c\xbc8\x87\x9a\xbf\xb6U0\xd3\x9d\
u\xf1I\xa7\x09\xee\xbe\xfd:\xfc\xf2\x97\xee\xc3\xa6k\
\x8d\xdcn\x06\x01\xfc!\x80\xaf\x02\x18N\xc0ji%\
1\xa6_\xe6bbL\x1f\x1c\x1a\xc2\x96\xdb7\xa2K\
\xb5\xc2'\x01\xe6\x8bUL\xb9jX\x94\xb0\x06r@\
\xc1\xd0\xa0\x026*\x85\xfb\x18i\x03\xf9\x852*U\
\x1b=]m\xc8\xa4\x89\xbaPW\x86W\xf5\xe1\xaa+\
\xd7!?W\xc0\x85KS\xb0\xedP#{\x1b\x80\xcd\
\x00\xae\x86\xb3j\xe8tbd_\x1aI\x18U\x22\x86\
\xc2\xf3\x1d\x89T\x85\xe5\x14lOa\xecI\xc7\xa0\xbc\
pn\xbe\xa7\x1bfS\x8a\xf3S\xf38tj\x1a\xf3\
\xc5\xaa\x5c?\xdbNJq\xc5\x9aU\xf8\x85\x9f\xbe\x17\
?\xf1\xc1\xf7 \x9bm\x8fR\x053\x00\xbe\x08g&\
\xfb\xdd@\xe2v\xb3\x14\x92\x00U\x22F\xe2\xbc\xecD\
7?\xddI\xc3\xae\xa6\x10\x02Nf\xea]4@\x01\
\xbc\x9a7\x99/\xe1\xed\x93\xd3\x98v\xb7\x94\x074\x8c\
\xcd\xa6\x18\xea\xcf\xe1\x0b\x9f\xf9\x10>\xfb\xc9\x0f\x9a\xee\
v\xf3!8`u?\x12\xb7\x9bE\x97\x04\xa8\x12i\
L\xc4\x91:\x0e\x98\xc2\xc1)\x8a=\x01\xe1\x00\xc5:\
4{Qs\x85\x0a\x0e\x9d\x9a\xc2\xc5\xe9\x02\xc4\xd5b\
x\xbb\x15EwW;>\xf5\x91\xf7\xe0g\xff\xc9\xc7\
L\xddnn\x04\xf0W\x00~\x15\x89\xdb\xcd\xa2J\x02\
T\x89\x98\x897-\x9d3\xa6\xf3\x8a\x9fv\xba\x02\xa2\
\xc0\xa9N\x80\xa2r=\x84\x00\xc5r\x0d\x87OO\xe3\
\xf4\xa5\xb9`m+E\xd9\x94Rd\xdb\xd2\xf8\xc0\xe6\
\x1b\xf0\xe5/~\xca\xd4\xedf-\x80o\x00\xf8-\x00\
}\x09X-\x8e$@\x95\x08\x10nb\xe2\x9c\x80\xc5\
\x99Q\xf2\xd6\xa3n*Z?8Q\x05\xdaE\x01\x94\
S'\xf5\x81\xa6j\xd9x\xe7\xfc,\x8e\x9f\x9dA\xa5\
j\xfb\xae4<\xa4:\xff\xa7S\x04\xb7\xdd\xb0\x01_\
\xf9\xd9O\xe1\x96\x1b\xafu\xb6\xf1\x0a\xbf\x22\xbd\x00~\
\x13\x0e`\xadM\xc0\xaa\xf5\x92Y\xea\x06x\xe2\xde\xec\
4\x9c\xd5\x18\xc7\x00d\x15\xc9\x0c\xc6\x95\xa4\xf4\xa4\x09\
e4*\xf5\x94\xd1h\xbd\xa6\xf9)\x1c\x96\x90\xd5\xa6\
\xf07\x9f\xa1\xdaB\xf5\xd3\x10\xf8\xb9T\xa1)\xc4\x09\
\xa0\xe0\xd9\x90\xben*\x97G\x1d#\xfb\x99\xf1y\x94\
\xab6\xae^\xdb\x87\xaelFU\x89/W_\xb1\x1a\
_\xfe\xc2'\xf0\xd0S\xbb\xf0\xd2\x9e\x03\xa8Vka\
#\x82Y\x00\xbf\x02`\x0d\x80\xffgt\xcb\x03\x07\x00\
\xe0\xc2\xee\xef\x18^\xf6D\xe2\xc8\xb2\x00*\x17\xa4\x06\
\x01\xfc\xef\x00>\x03`\x03Z\xcb\xf6\x9a\x01>\xad\x96\
\xc5lc\x1a\xce\x14\x85\x88\x96\x10u\xb3T:\x9a\x17\
\x15\x13\x9c\x9c\xa0\x06\x00J\xc8@\x01\x5c\x9a)\xa0\x5c\
\xad\xe1\x9au\xfd\xe8\xebn\xe7\x22y\xb2G1:\xdc\
\x87\x9f\xf9\xecG\xd0\xd7\x9b\xc3\xb6\x9d{P(\x94\xc2\
\xc0*\x05\xe7y\x1d\x81\xe3\xd8\xbcct\xcb\x034\x01\
\xab\xe6\xcb\x92\x03\x95\x0bRY8\x8b\xef\xff+8s\
W\x12Yi\x122\xb1\xd3\x8d\xd6\x9cxA\xf2$\xa9\
F\x00\x8a\x0f\xa7\x98\x99+\xe3\xed\x93\x93\xb8fm?\
\x86\xfb:\xb5\xe5SJ\xd1\xdf\xdb\x85\xfb?\xbe\x05\xfd\
}=x\xec\xe9\x17Lvi\xbe\x0b\x8e\xdb\xcd\xef\x00\
\xf8\x9f\xa3[\x1e\xa8%`\xd5\x5cY\xf2\x09\x9f\xee\x84\
\xc3;\x01|\x13@\xcfR\xb7'\x11Y\x06\x87\x86\xb0\
\xe5\x8e\xeb\x9c5\xd3!\x03\xd2|\xb1\x8a\xc9|\xb0\xdd\
U\x84\x06\xc8\x04\x99\x83\x93So|\x80\xf2\xcf\x09P\
\xa9\xda\x98\x99/#\x95\x22\xe8\xeej\xd3\x82\x0f\x05\xd0\
\x9eIc\xfd\xba\x11\x0c\xad\x1a\xc0\xb9\x0b\x93\xc8\xcf-\
D\x81\xd5 \x80\x8f\x00\xa8\x00x#7\xb6\xb9\x9aL\
\x0cm\x9e,\x17\xa0\xfa0\x9c\xbd\xd7\x0c\x96\x0fJd\
\xb1e\xd5\xf00\xee\xbe\xed:tu\xb4I E\x08\
0_p\x80*L\x9d\x0b\xa2\x14\xd3\xcb\xd1B\x80b\
\x22\x09\x80\x9aM13_\x86M)z\xbb\xda\x91N\
\x11\xb9\x0c7c:\x05\xacY=\x88ukG01\
9\x8b\xc9\xe9\xd9\xa8K\xd5\x05\xe0\x83p>\xb8\xaf\xe5\
\xc66\x17\x12\xb0j\x8e,\x17\xa0\xba\x1b\xc0O\x22\x01\
\xaa\xe5'$\x85\xd5k\xc7p\xd7-Wi\xd7\xa3\x9a\
/V11[2fM\xc2\xa1R\xb4\xe0\xa4\xc8\x1c\
\x05P|\x98\xb3\xb6\xd5\xecB\x19\xe5\x8a\x85\x9e\xae,\
\xda2)\x01\xfc\x82\xd4\x84\x00C\x83\xbd\xd8p\xc5Z\
\xcc-\x14q1\xda\xed\xa6\x1d\x8e*\xb8\x01\x0eX\xcd\
$n7\x8d\xcbr\x01\xaa;\x90\x00\xd5\xf2\x13J\x91\
\xcd\xf5at\xfd\x95\xb8c\xd3\x1a-P\xcd\x15+\x98\
\xcc\x17\xe51\xc1\x18\xc0\xe4T\xa70\xc6\x87\x14\x10\x0a\
Pn\x00\x15R\xb3v\xff\xf9b\x15\x0b\xa5*\xba;\
\xda\x90mKK \xc5\x96\xd7\xd7\xd3\x85\xab7\xacE\
\xcd\xb6q\xfe\xc2\x04j5+j!\xbe\x9b\xe1\xec\xd4\
|\x00\xc0\xb9\x04\xac\x1a\x93\x15\x01T\xa2\x1bE\xf2\xd7\
\xcc?\xaa\x08# \xe94\xda\xbaz\xd1;\xba\x01}\
\xfd}\xb8\xfd\xdaatwd\x14\x13\x14\x88\x92Q\x19\
\xcf\x8d\x88\x09N||L\x80\x12\x12S\x00\xc5R\x0d\
\xb3\x0bet\xb6g\xd0\x99\xcd@\x91\xcc\xaf\xaa\xbb3\
\x8b\xab\xaeX\x8b\xf6l;\xce\x9e\x1fG\xb9\x5c\x09\x03\
+\x02\xe0*\x00\xef\x07p\x02\xc0\xb1\x04\xac\xea\x97%\
\x1f\xf5\x8b\x92l\xb6\x1d7\xdc\xb0\x09\xab\x06{#R\
\x12\xf7\x7f\xaa\x1c}\xe2\x9e'\xcaey\x17K4r\
\xa8\x82\x09!\xc8d;\xd1\xd6\xd1\x0d\x92J\xa3\xa7\xab\
\x1d\xedmi\x7f\x8b+>1\xe5>$\x91-\xd2\x0c\
\x0dF\x8f\x0a\xfa\x05\xe8\xeb\x8a\x01P\xecA~\xa1\x82\
\xb7NN\xe2\xea\xb5\xfd\x18\x1d\xec\x9661\x0d|\x18\
)z\xba\xb3\xb8\xf7Cw\xa2\xaf7\x87G\x9e\xda\x85\
K\xe3SQF\xf6\x9b\x01\xfc5\x9c\x9d\x9a\xffnt\
\xcb\x03\x95dD0\xbe,k\xa0r\xb6A\xea\xc0G\
\xdf\x7f+6]\xb3\x16\x80\x06[\x88\xf3_\x14\xee\xa8\
\x9e'\xa2;#\xe68F\xd4\x85)\xcb5Hb^\
_LQ\x82\x92.\x9d\x00(\xa9\x141\x9f~\xc0\x86\
\xd7\x09Lr\x1a={\xe2\xc3\xf5\x00\x15\xf4\xcd;v\
\x0e\x1c\xb7\x1b\x0b\x87NM\xa3T\xb1p\xc5\xea\x1e\xa4\
5\xfd\xa5\x14\xe8h\xcf`\xcb\x9d\xd7\xa3'\xd7\x85\x87\
\x9ex\x1e\xef\x9c<\x17\x05VcpF\xb5\xd7\x01\xf8\
\xd6\xe8\x96\x07\xf2\x09X\xc5\x93e\x0dT\x80\xf3\x10\xa5\
R\x04)\x12L6T\x83\x15E\xc0\xaa\xc2\xcb\x93\xc2\
\xfc#\x86j\x11D\x96%\xe7\xd7e\xe0)\xdcR\x82\
\x95y\x05qk\xa0\x91~rM\x03'&0\x16@\
\xb9\x07\xba\x8d%j\x96\x8dw\xce\xcd\xa2\x5c\xa9\xe1\xaa\
5}\xc8\xb6\xa75\x9b\xa8\x02\xe9t\x0a\xb7\x5c\xbf\x01\
\xb9\xeeN<\xfc\xe4N\xec\x7f\xfbx\xd4\x96\xf2}\x00\
~\x1b\x0eX\xfd\xc1\xe8\x96\x07.\x00\xc9LvSY\
\xf66\xaa\xae\xce\x0e\xdc~\xeb&\x0c\x0d\xe4\xa4\xbcD\
\x1b\xd0\x0cv\xc5\x84\xc4\x00-\xa1\x19&\xa9L\x93\xd5\
-\xcd\x005-\x04\xb9\xc6\xf4\x89\xd9Rxz\xe3\xc9\
\xa0\xd4\xa8\x8cz\x00\xca\xf9ar*\xdadS\x8a\xfc\
B\x05\x85r\xcdWy\xd5M\xa0 \x00\x06\xfa\xbaq\
\xe5\x15kQ\xaeTq!z\xb7\x9b\x0c\x9cg}\x13\
\x80\xbd\x00&\x12\xbb\x95\x99\xac\x08\xa0\xba\xe3\xd6M\x18\
\xeaw\xe7\x82\x0a)\xc2TAm<\x9bt\xc9\x01K\
N\x14\x99|\x19\xd9\xd6\xbc\xe9\x09\x93\xb3f\xf3\xa8\x94\
\xd1a\xcc\x89\x89PAX\xb3\x00Jd\x83\x0b\xa5*\
\xf2\x0b\x15tw\xb4\xa1\xa3=\xc3\x14%\x1b\xe4r]\
\x1d\xb8j\xc3:\xa4Ri\x9c\xbb0\x8eJ\xb8\x8f`\
\x0a\x0eP\xdd\x05\xe0\x10\x80\xd3\x09XE\xcb\xcaX=\
\x81j\x8e\x11\x8cT\xc9\xe9\xbd1\xad\x88\xa2\xa9\xfc\xe0\
\xcae\xba!\xfc\x8fQ\xb3\xa9[Gt&v\x1c\x8e\
\x1f\x85\x0bI\xaa\xfek\xb5(\xea\x0c\xeb\xa3\xd4<f\
Y\x05J\xa9\xfe\x1ez\xc9\xc0\x82\x04\x0d\xbd\xaeA\x1d\
\xde\xbd\x0a\x5c\xa9\xf5\x9bKP9?\x80\x99\xf92\x0e\
\x1c\x9f\xc0\xc5\xe9BP\xab\xa2\xb1\x14@_O'>\
\xf9\xd1\xbb\xf1\xb9\xfb\xee\xc1\xe0\x80\xd1n7\xef\x85\xe3\
v\xf3\xd3\x00\xd2\xc9\x0a\x0c\xe1\xb22\x18\xd5-\x9b\xb0\
j\xa0'D\xd5\x0bcV\xce\x81\x91\xad\xa9\x85\xecJ\
\xd1\xa4zr5F\xa6\xe2\x9b\x9d\xa2\x8b$\x04\xf3\xae\
\xea\xa7\x06UjV\xa4v\x80R\xc1\xb6\x22\xd8\x93s\
\x18\xce\xa0\x9c\xf0h5\xb3bY\x98\xce\x97\x90J\x11\
\xf4t\xb6sLI\xcc\xd3\x96Ic\xdd\x9aa\xacZ\
5\x80\x8b\x97\xa6L\xdcnV\x01\xf8\x09\x00E\x00\xfb\
\x13\xb7\x1b\xbd,{c:+\xd2\xac\x02\xea\xd8\x14,\
f)\xc700\xab\xd7v\xc5\x15\xa3\xb0\x9c\x13!\xbc\
n\xf02\xceLb\x84\xb6V\x08!\xb0l\xd7\x90n\
\x0aJ\x8a\x04q\xc1\x89\x0bR\xa8w\x80\x19@\xe9\xea\
\xf1Z@\xe0\xecvs\xe4\xf44Je\xc7\xc8\xde\xd6\
\x96\x92\xcbv\xcf\xdb3i\xdcq\xf3\xb5\xe8\xc9u\xe1\
\x91'w\xe2\xd0\xd1SQWa\x18\xc0\x1f\xc3\x19\x19\
\xfc\xb7\xa3[\x1e\x98J\x0c\xec\xb2\xac(\xa0\xf2$\x18\
\xdf\x03\xceO.\xe0\xec\xc4<\x08\x91y\x87\x9e!\xc9\
\xa8BT\xe9\x88\x1c\xa3\x08\xe2\xcb\x8cbZD\x0f3\
\xe1\xacP[\x9cad|\x18srD\xd3\xaar\xd5\
\xf2U8\xad\xd0\xb0S\x0d\xb3\xa1\x11\xc5\xb4\x0c\xa0\xdc\
R\x99\x04\x96Mq\xf2B\x1e\xa5\x8a\x85k\xc7\xfa\xd1\
\xd5\x91\x11\x178\xf5\x0f\xd3)\x82\x8dW\xad\xc3\xcf\xfc\
\xd4\xbdx|\xeb\x8bx\xfd\xcdCQ3\xd9s\x00\xfe\
O8\xeb\x82\xfd\xee\xe8\x96\x07N\x02\xc9\x88 ++\
\x0c\xa8\x02N\xe5\x1d\x15J5L\xcd\x16}Tb\x1f\
\x05\xd5\x83AT\x0c+\xcc@O\xf4\x8a\x97\x16\x08\xa3\
\x8c\xf9&\x03\x02P\x03`\x1ci\x05\xc3\xd2\x81\x91r\
B\xad6O4`D\xc5\xab`\xb1\x15\x00\xc5\x8aM\
\x81\xf3\x93\xf3(Wk\xd8\xb8~\x10}\xdd\xed\xca-\
\xbc\x9c\xebA\xb1~\xcd >\x7f\xff=\xe8\xed\xe9\xc6\
\xae\x97\xf7\xa1T\xaaDm\xcd\xf5\x0b\x00F\x01\xfc\x06\
\x80\xd7G\xb7<\x90\x80\x95++\xc3\x98.Y0\x19\
U\x8f8\xff\x110\xf8@\xbc\x17'\x98\xd0G\x08\xff\
29\xe7\x94\xc3\x01\xe2\x97\xc7\x94#\xb4CU\x16[\
\x07\xab\x97J\x84\xc6\xcb\xcbW!\xa5\x01[\x16\xa1\xee\
\x1c1\xa1\xbe\xb0?\x22\xf7\xa3Y\x7f\xaa\xf6\xfb\x97Z\
0~\xab\x86\x06$\x97\x1d\xcd@\x00o|\xf7\xca\x8e\
\xbb\x033\xd5\x1a\xcae\xdb\xb8\xdb>\xcd$Oo\xa3\
T\x0a`r\xb6\x847\x8f\x8dc|\xa6\xa8x\x22\xf9\
\x8e\x0c\x0d\xe4\xf0\xe9{\xdf\x87O\xdf\xfb\x01\xf4\xf6D\
\xeevC\x00\xdc\x0bg\xb7\x9bO\x00 \x89\x91\xdd\x91\
\x95mL\x0705W\xc6\xd4\x9c3\x87G\xa5\xe9\xb0\
\xacD\xc9\x80\x04\xe3\x93\xce\xd8-\xa9\x86!FR5\
\xd3R\x1b\xb1\xe2\xcc\xa1\x8ak\x99j6\xa3\xa21c\
i\xccBL\x99\x13`\xce\x9e\xf4\xe5\xf2\x01:\x80\xe2\
\xd20\x19\xcbU\x1bSs%d\xd2i\xe4\xfc\xb5\xad\
\xd4*h\xb6=\x83\xb1u#\xe8\xef\xeb\xc5\xf9\x8b\x13\
\x98_(F\x19\xd9G\xe1\xacm5\x05\xe0\xed\xdc\xd8\
f\xebr7\xb2\xaf\x1c\xa0r\xe7Q\x89\xf7w*_\
\xc2T>X.VeL7\xb2]\xd5\x09XN\xde\
x\xa0\xe5\x94S\x07pi\x12\x98\x01R\xbd\xb0\x15o\
\xbeC\x1cp\xd2\xa9|q\xc1\xc9\x8930\xe4\xd3\x06\
\x00J,\x94\x00U\x8bbz\xce\xd9!\xba\xb7\xbb\x8d\
[\xdbJ,7\x93Natd\x15V\x8f\x0cab\
r\x1a3\xb3\xf3Q\x97\xb2\x0f\xc0=n\xad\xfbrc\
\x9b+\x973X\xad\x1c\xa0\x1a\xe0\x17\xff\xf4\x00`*\
_\xc2\xa4\xc7\xa8\x88\x08I\xfcI3\x01K\x15\x14\xf1\
\x954\x03-E\xc1\xc6\x10\xd3$\x0aE\x22c\xf5\x7f\
\x84W\x08\x95\x05\xca\x00\xa5\x86\xa6\xa8\xa9H\x91\xec\x89\
\x09h\x16@\x09X\x05\xcb\xb613WF\xa5f\xa3\
7\x97E&\xad\x1f\x11L\xa7\x08\x86\x06\xfb0\xb6n\
5\xf2s\x0b\x18\x9f\x98\x01\xa5\x08s\xbb\xe9\x04\xf0\x01\
8\xab\x87\xee\xc9\x8dm^\xb8\x5c'\x87\xaeX\xa0\x02\
\x9c\x1b<\x95/aj\xae\xe4g\x14\xc1\xa2Y\x80\xc5\
\x1d5\xc8\xb2\xe4:\x14q\x06\x954\x05\x97\x04\x1b\x9d\
\x0c6Z\x8b\x9a\xd1\xbc\xa9\xd0\xb4~\xfdD\xeao\xdd\
\xaa\x9d\x10h\x02PAx\x08\x83\x12NE\xdbW~\
\xa1\x82\x85b\x0d\xbd]\xed\xc8\xb6\xa7\x95\x99(\x9c\xe7\
\xa2\xbf7\x87+\xd6\xafE\xb5Z\xc5\x85K\x93\xb0\xac\
\xd0\x11\xc1\x0c\x80\xf7\x00\xb8\x0e\xc0\xeb\x00&/G\xb0\
Z9@\xa5q\xa1\x99\x9a\xf3T?>\x5c\xcb\xae\x98\
\x00\x13\xc0\xe2\xc3\xe3\xb3,\xb1-a\x12\x95\x8c\xd4\x81\
Vf\xaa\xa4\x1a\x88x1T\x01M\xd1S\xc9R\xf4\
\xed0U\xed\xf88\x13pb\xd2i\x0a\xd7\x01\x94X\
\xceB\xa9\x8a\xd9\xf92\xba:\xda\x9c\xb5\xad\xa8\xb28\
\x10\x02\xe4\xba\xb2\xd80\xb6\x16\x99t\x1a\xe7/N\xa0\
R\xa9F\xb9\xdd\xdc\x00\x07\xb0\x0e\xe22t\xbbYy\
@\xe5\x89R\xf5\x93\xcbo%`qG10\xa4Y\
\xc0\xc5\xd7\x15J\xcf\x22\xdbd\x9e\xc0K\xc4\xfcQ5\
\xfb\xa2\x11mRr#\xaa\x06!\xe2\x0f\xb7F\x19\xc7\
\x83\xb3V\x03\x94X\x07\x05E\xb1\xe2\xccd\xcf\xb6e\
\x90\xebj\xd7\x5c\x01'SG\xb6\x0d\xeb\xd6\xadFO\
w7\xce_\x98@\xa1X\x8az6\xd6\xc3Y\x93\xfd\
\x0c\x80#\xb9\xb1\xcd\xf4r\x01\xab\x15\x03T\x83\x9e1\
\x9d\x8d$\xc0d\xbe\x84\xa9\xb9\xa2\xff\xa2F\x81\x15\xd0\
8`\xf1q\x0a#~L\xe2c\x0a\x5cr\xdd\x11\xe9\
\xf4\xb3K\xe3\xd9\xa1\x88\x08HB!Ra\xe1C{\
\x91\x03\xf4:\x9b\x16U\xb7\x5c\x9c\xc7\xdeL\x80r\xf2\
\x85\xcf\xd9b\xf7!$\x00*\x96\x8d\xa9|\x11)B\
\xd0\xdb\x9du\x97(R\xb7\xb1=\x93\xc6\x9a\xd1!\x0c\
\x0d\xf5\xe3\xd2\xf8\x14f\xa3\xddn\x86\xe0\xb8\xdd,\x00\
x37\xb6\xb9v9\x80\xd5\x8a\x01*\x91Qy\x09\
\xa7\xe6\x8a\xceVM\x84g\x15\x8b\x0fXL\xfa\xd0J\
B\x83\x95\xed4\x15n\x9eX\x0c\x8b|\xd0j\x8d\xfa\
\xc7\x02\x92?iJ/F@D\xd4\x91\xd4\x07DU\
YT[\xa4\x9f\xa2\xdeQ<\xc4\x07('\x8f\x1ay\
-\x8bbj\xae\x84\x9aE\xd1\x9bkG&\x1d>\x22\
8\xbcj\x00k\xd6\x8c`f&\x8f\xa9\xa9YDH\
\x0e\xce\x88`\x07\x9c\x0d$J\xefv\xb0Z\xb1@\x05\
71gL\xf7\x81\xa6\xd9\x80\x15\x9c\xc5\x05-\xa9\x9c\
\xba\x18\x8e\xba\xdd\xea\xfae\x14\x88\xb6}\xc5\x15Q\xbd\
\x13\x98W\x84\x11>\x96\xaf\x8d\x10,\xaa}\xb2}\x8b\
\x89\xa6|\x8e\xa6\x03\x94\x90\x99-\x9f\xba\xe5\xcc.\x94\
Q,W\xd1\xeb\xedv\xa3\x99y\x9fJ\x11\x0c\xf4\xe5\
\xb0~l\x0d\x8a\xc52.\x8e\x1b\xedv\xb3\x05\xceB\
|{rc\x9b\xf3\xeff\xbb\xd5\x0a\x03**%\x11\
G\xfd\x00H\xec\x0a\xa8\x13\xb0\x98@\x15\xec\xb4\x0a\xb4\
L\xa2\x89\xa6\x01D\xcaH\x22\xe2Cj \xba?\x98\
\xd9\xdfM'\x81Bf&z\xeeD\xb4i$\x10 \
\xf2D\xcd\xb0\xb64\x03\xa0\x82\x9f \xc1\x5c\xa1\x8a|\
\xa1\x82\x9e\xaevt\xb6g\x84\xf2\xd8\xde\x11\xf4\xe4:\
q\xc5\xfaQ\x80\x02\x17.N\xa2Z\x0b]\xdb*\x0d\
g\xa7\x9b\x9b\x00\xbc\x01\xe0\xe2\xbb\x15\xacV\x84\x0b\x8d\
L\xff\x05\x87\x05\xaa\xf8\xd2R\xb5\xab\x05\x97\xcc[\x0f\
\x89Y\xb8Mt\xd6\xd1\xb9Zx\xee\x16a\xf6\x90\xe0\
O\xe3B\x22\xba\x8f(\xbe\xf4\xcah\x02\x0d\xf2B\xb0\
\xee\xcb\xea\x1fU\x1a\xb15\x0c\x88F\xfdQM'\xd4\
\x9d\xa1B0\x9f\x92gd\xdc\x87\x86\x8a9\xa0\xe8\x04\
\x05\xebj\xe4\x97)|\xb2\xc4\xd6\x89\xcf\x80x\xff\x82\
|4\x00S\x11\xa4\x94\xcfHP\x0e\xe0\xd8R\xf7\x1e\
\x1d\xc7\xc5\xe9Bh\xb7\x08\x80U\xfd=\xf8\xc4O\xbc\
\x17\xf7\xdd\xfb>\xf4\xf5\xe6L\xdcn>\x09\xe0\xfb\x00\
>\x0a\xbc;\xddnV\x04\xa3\xba\xfd\x96M\x18\xecS\
\xcdL'\xc1\xcct@\xc1~\xd803u\xa8>\x96\
\x15\x9c\x99\x98\x97\xe44f\xaa(S\x8b\xa6\x1d\x81\x0a\
\xa6m\x061$T\xd1\xbd0\xfe\xd3\xd8\xc0\xf9 \x95\
q\x9aI(\xb1\x1f\x01\x87Y\xdb\x96\xa8\x82\xf9\x9df\
\xd3\x1b\x8c\xe2qm\xd1\xa9\x8b\xdcG2\xdc\xa0_\xae\
Z\x98\xcc\x17\x91N\xa7\xd0\xd3\xed\xaem\xa5\x99g\x91\
m\xcf`\xcd\xe8\x08\x06\x06zq\xf1\xd2\xa4\x89\xdb\xcd\
\x1a\x00\x1f\x010\x0e\xe0`nl\xb3\xfdnbV+\
\x06\xa8$c\xba\x9br2_\xc2d\xbe\x08\x0e\x8aZ\
\x00XRyau\x19\xaa\x87\xe1\xed` Ie\x17\
\x17;\xab\x0e\x82\xceU'\xb4O~\x8c\xa1\xcd)L\
\xa8z\x92\x82\xf4~\x12\xf8\x8c\x88h\xd32\xf5\x87\xcf\
 e\xce4\xc6-\xb9\x99B\x9d\xf5\x01\x94X\x16\x15\
\x02\xab\x16\xc5T\xdeq\xbb\xe9\xeb\xce\xf2n7B9\
m\x99\x14V\x0f\x0fb\xf5\xc8\x10\xa6\xa6f1=;\
\x17u\xb5\xfb\xe1\x80U\x0d\x8e\xdb\xcd\xbbf!\xbe\x15\
\x04T9e\xfe\xa9\xb9b\xc0\xa8\xc4Q7%\x88@\
\x09Z\xe1\xf6\xa6\xc5\x05-6\xbd\x0ah\x88\x22@\xdd\
G\xd3A\x03\xc7(N\xea\x01\x22\x00:\xd4\xf0\x99\x94\
\xa2Xe\x0d\x945\xd0\xeb\x8b\xa7\xde<\x00)\x8d\x8c\
\x10\x94\xb9F:\xc3\xbbn\xaa\x81\xb2\x09\x1a;\x94\x5c\
\x0e\x1f\xe8\x9d\x13\x00\xb6M1=WF\xa9j\xa1/\
\x97E&\x93\x82\xce\xbf1M\x08\x06\x07z1\xb6v\
\x14\xf3\xf3\x05\x8cON\xc3\xb6C\x9f\xa5N8s\xad\
\x06\xe0\x18\xd9\x0b\xef\x06\xbb\xd5\xca\x07\xaa\xbcjfz\
\xfd\x80\x054\x81e\x09\x11ap\x11^\x97\x00IL\
\x87\x88\xa2SA\xaf\x09\x10\xa3\xad\x04J\x5c3\x10\xc2\
\x95@%TR\x03\x0e5-^J\xeb2.\xe5\x8c\
P\x80\xe1O|\xd5\x94h\x08U\x10\xde,\x80\xf2c\
U\x1bV0eP8n7s\xc5\x0az\xbb\xda\xd1\
\xd1\x9eV\x14\xe2\x8e\x08\x12\x82\xde\x9en\xac_?\x0a\
\xabV\xc3\xc5K\x93\xa8\x85\xbb\xdd\xb4\x01\xd8\x0c\xe0\x1a\
\x00\xaf\x01\x98^\xe9`\xb5\x22\x8c\xe9\x80\xd2<\xcb\xc7\
),\xe0~\x1e\xc9\xd8\xc9\x17\xaa[\xe3H\xaaGa\
x\xd5\x9a\x8f\x99@~\x8d&>\x07ot\x07\xd7\x06\
\xc9\xf0\xcct\x88\x8aO=S>e+\x15\x9a$\x89\
g`'*s\xb8\x0c>\x94\xfb\xd3\x9a\xce\xf9\x0a\x84\
\xca\xd5lJ\x1cjp\xd3R\xbe,\x0a\xc2\xd9\xa7\xf8\
\xeb\xe2u(\xb8\xdf\x8aB\xdc\xfc|\x22\xc9\xd7P\xfb\
\xec\xe8\x9f\x93 \x0fU>\x0fb\x18\xa5\x14\x17\xa7\x0b\
\xd8{t\x1c\x13\xcc\xdaV\xaa\xb4)\x02\x8c\x0c\xf6\xe1\
S\xf7\xbe\x1f\xf7\xdes7r\xdd\x9dQF\xf64\x80\
/\xc0Y\xdb\xean\x00X\xc9F\xf6\x15\x03T\x9eH\
7\x9b=\x96\x00\xa6>\xc0\x12w-1\x05-\xb6}\
\xaaA\xa9P\xe0\x22\xe2\xe6\x95Tz\xc1\x04\x92\xc5\xab\
Vl\xba\xb0p\xf6D\x19 \xb3\xa1h0\x12S)\
:\x1bR\x0e7\xf2\xc7\xd4M\x01\xcddx\x22\x00\x91\
W\x8ew-\xc1\xa8\xc3T6\xe6\xbb\x05S./\xfc\
L\xf2\xb3\xc2\xb7<\x0c\xa0<\x90\x12#E\x80\xf2\x9e\
\x1b\x02`f\xae\x8c\xbdG\xc7qv|^\xf5}\xe1\
\xee\x7f_\xae\x0b\x1f\xfe\xc0\x9d\xb8\xff\x93\x1f\xc2\xd0`\
\x9f\xc9n7\x1f\x823\x22\xf8Y\x00\xa9\x95\x0aV+\
F\xf5\x1b\xec\xcf9wPH15\xeb\x1a\xd3\x15#\
]\xa1\x06j\xe6 \xdc\xde\xa4P\xa1\x22T$\x1d%\
\xd7\xd5C\x84B\x09\xf3\x1fQ\xa6\x97QH^b9\
\xacs\xea\x81\x86\x88^\xb9\xbfT\x93\xc93r\xeb\x8d\
\xef$\xaaxU\xa3BF\x03\xc3\xfa@\x19\x14#\xa2\
\xf1]7\x10\xc1\x82\x0c\x91\xebS\xaaxL\x84N\xcd\
\x0b\x92)\x8c\xf8n]\x95\x9a\x8d\xc9\xd9\xa2\x03F\xdd\
Y\xa4\x15\xcfP\xe0v\x93\xc2\xea\x91U\x18\x1e\x1a\xc0\
\xf8\xc4\x14f\xf3\x91n7\xc3p\x8c\xecy8\xbb\xdd\
\xac\xb8\x85\xf8V\x16P\xb1\xc2\x8c\xfa\x05\xc6t\xc4\x02\
,\xee(\xc2\x8e\xe5\x1c6\x0f\xb4\xf8\xbc\xf2\xda\xedZ\
\xdfE\xa2h\x07\xd7v\x12\x0b\x84\xf4 \xad\xb35E\
\x18\xdb\x15\x18\xe5`\x97\xe2\xc5\x93\x0e\x82\x13\x95\xad\xc9\
\x07h\xaa\x06\x85@=U\xd5#\xe8\x8b\xde\x01ej\
\xd4\xdc\xfcF\x01\xcaI\xaa\x01)\xa6-\x96M1\x99\
/\xa1Z\xb3\xd1\xef\x1a\xd9\xf9\xaa\x8222\xe9\x14V\
\x0d\xf6a\xed\xe8\x08f\xf3\xf3\x98\x9c\x9eE\x84\xf4\xc0\
\x01\xab6\x00\xaf\xe7\xc66\x97W\x92\xddje\x00\xd5\
\xcd\x9b0\xd8\xa76\xa6;\xd3\x13\x82\xed\xc4Y\xc0\x82\
\xa2\xc0\xe6\xb0,u\x0a\xb39Ta\xf5\x11e\xfd\xe1\
\x9bT\xe8\x0c\xeeA\xa8\xceP.\x19\xf9\xe5\x85\xdf\xeb\
\x10\xaa<\x0c\xbf(\xe2\x09\x89(\x8a\x1d\xa1\x840\xa2\
\xa7\xa8\x97y\xc9%\xe39\x82kOY\x1fC\x05R\
\x86\x02\x94\x1b`\x0cP~z>\xde\xb6\x1dU\xb0P\
\xaa\xa1/\x97E{&-\x81\x94'\xe9\x14A_o\
\x0ec\xebFQ.Wpi|\x1aV\xb8\xdbM\x16\
\xc0\xfb\xe0,u\xbc\x07\xc0\xdcJ\x01\xab\x15c\xa3\x0a\
l\x05\xca\x08\xf9\x94\xb1\x17\xd4e\xc7\x0a\xb3e)\x0c\
\xf0l\xd9&K\xe6\xca\xef\x92l\xccuDf\x08\xce\
\x8b)\x1bo(\x07^\x81\xa1F=\x1b\xdd5\x96\x13\
\xefO\x7f\xd5\xcd\x11'0\xc0\xfbe+@\x8f+Q\
Q|`/\x22Z\x10\xf2\xaf\xa2P\x988uA\xb2\
Cq\xba\x1da\x8bT~\x80\xf8\xba\xd5\xcfT\x94\x1d\
J\xea*c\x13U]\x14\x0a\xe0\xec\xc4<^;|\
\x09S\xf9\x92\xf2\xfa{\xc9S)\x82\xd1\xe1A|\xfa\
\x13\x1f\xc4=\x1f\xb8\x03\x9d\x1d\xd9(\xbbU;\x80_\
\x06\xf0\xd7p\x5coV\x84\x91}\xc5\x00\x95'*\x80\
p#\x9a\x04XqA\x8b5\xc1\xcb#Br=\xc4\
?\xa7n:\x0e%\xfc\x8axfA\xb9\xb7Ig\x03\
\xd3L\x09\xa0\xd2!\xb8\x82\xb9\xed\xd5\xd9+\xa0\x99f\
\xa0\xb8\x8eZo\x1a\xbf\xd1\xc1\x9f47\x8c\xeb\xbeh\
\x8cW?\x05~\x84\x00\xd0D\xe6\x89n1*\xaa*\
\xd4\x1d$\x96\xeb\x01\x00B\xd4\xcf\x00\x93\xca\x14\xa0\xc4\
Q[\xbe\x0c\xe7wr\xb6\x88\xd7\x8f\x5c\xc2\x85\xa9\x05\
\xa9<\xf6$E\x80\xc1\xbe\x1c>\xfa\xa1\xbbp\xdf\xbd\
\xefC\x7f\xb4\xdbM\x0a\xc0\xa7\xe1\x18\xd9\xef\x01\x96\xbf\
\xdb\xcd\x8a\x03*O8x\xa0\xf2\xc3\x10\xa43\x03\xac\
0\x96e\x0aZ\xecC(\x01\x17\x00\xbde[\xe0\x8b\
\x04\xf297\x1a\x15\x80*[\x01_o<&\xc4\x19\
\x94\xa8\xa3\x06\x89 \xa4\xc4!\x12\xf1\xa7\xb9g\xf2\x0d\
\xe2:\xaf\x8e\x82\xd7<\xc1H/\xaa\x88\x0cS\xf2\xda\
(\x0e\xfa\xf9\xf7X|\x18\x98&H\x93E\x19z&\
>\x07\xcd\x02(\xcad \x04\x98+T\xb0\xf7\xe88\
N\x9c\xcf\xc3V\x8d(2W-\xd7\xdd\x81\xf7n\xbe\
\x05\x9f\xfb\xf4=X3\xb2\xcadDp3\x80\xef\x02\
\xf8\x19\x00\x99\xe5\x0cV+\xc3F\xa52\xa6\xbb\xe2\xb9\
\xd0h}\xf4B\x87\xe8M\xedX|*\x9d\xb1Z?\
\xaa\xc7\xe4\xf5\xdf/\xde\xe5\xc77\x84\xablI\xdaU\
\x12t\xbb++\x98\x8b\xe2\xc2hg\xa2\x1b\x80\x8eV\
B\x8cE\x11\x97\x95SwA\xd5\xed\x17'{R\xd5\
\x19K\x9eT*\x16\x93\x88\x1f\xcb\xe4\x8d\xf1N~U\
\xab\x83\xfb\x14e\x83r~\xe4F\xcb\xb6,Eo\xdc\
\xd3\x9aE1\x91/\xc1\xb2\xa9cdO\xc9\xba\xbcw\
\xda\x96Ichh\x00\xa3\xabWazf\x16\xd33\
\x91n7\x03p\x8c\xec\x15\x00o\xe4\xc66W\x97\xa3\
\xddje\x01\x15oL\x00\xe0\x00\xd5\x04kL7\xd8\
\xdcA:\xd5m\xb5\x85\x06A+\x06 I\xedfF\
\xde\xd4#\x82D\x0d\x92\xaa\xa5\x97%\xb0QO{\xf0\
\xffT\x1fbS\xa0R\x18\xc6\x953\xd6i8\xfaQ\
B5\xe1\x80n\xf9\x16*\x18\xb4\x026\xc5\x1b\xde\xd9\
\xc2|\xd6\xa4\xb1&p\xc8H\x82\x84\xbau\xa5\xd8\x03\
\xaaA\x13\x15\x89cCU\xae86u\xf6\x11,U\
,\xf4wg\xd1\xde\x96R4\xdb9K\x13\x82\xfe\xbe\
^\xac[\xbb\x1a\x85B\xd1q\xbb\xa1\xa1\xb7\xb0\x0b\xce\
|\xab^8F\xf6\xe2r\x03\xab\x15\xa3\xfaQ*\xdb\
\x8e\x00\xd5\x97)d\xe9\x96(\xb50\xa6j(\xda\xb4\
X\x1b\x8d\xa4\xea\x09\xea\x04\xc7\x1e\x94C\xea\xc2h\x13\
\xc3\x04t\xd7\xc1\xb7\xb10\xaa\xab|\x11\xc0\xb4\x9bm\
\xb0B\xa7\x8d\x02'\xaa\xf93\xc9\xe4\xed\x00M\xd4\xb6\
3\xad)\xce\xed\xa8\xd2\xe6\x04(G.y\xa6\x06)\
<\xd0\xe8D\xfb'O}\x94\x9a\x14a\xee\xa7J\xc5\
\xe3\xc2\xf5j\x1e\x1f\xc6\xb6/\xc8l\xdb\x14\xa7.\xe6\
\xf1\xfa\xd1K\x98\x99\xaf(.L\xf0\x93I\x13\xac\x1b\
\x1d\xc2\xfd\x9f\xfa0\xde\x7f\xd7-\xc8\xb6e\xa2T\xc1\
.\x00\xff\x12\xc0_\x02\xb8*\xea..\xb6\xac\x18F\
5\xa0\x98\x9e@\xe0l\xaf=1[\x12\x09\x06\x9f\xce\
P-\xe4\xe34\xacI\x8e\x96J\x10\xb7\x8ewC\xb9\
\xc2\x88\xc4\xaaT,\x8b\x89\x13\x1a\x22Ng`#\x08\
\x9fB\xd19\xefDc\xe0\xaeGX\xb2$E\xea_\
\x1053a\x19\x97\x008\x9a\xa9\x0c\xe2wD&*\
\xeek\xcf\x12(i\xb5\x06\xc2\xa8\x8bA\xf9\xbc\xb6(\
t\x90\xb2u\xd6\xc7\xa0\xc4\xeb\xc0Y6\x15e\xcc\x17\
\xab\x98\x9a+\xa1\xbb\xb3\x0d\xdd\x1d\x19)\x81\xafx\x10\
\x82\xae\x8e,\xc6\xd6\x8d\x22\x9bm\xc3\x85\x0b\x13(G\
\xefvs\x13\x80\xdb\xe1L\x0c=\xbf\x5c\x98\xd5\x8aa\
T*a\xbeE\xd2\x17\x8bK\xa7\xf3\xcfS\xb0\x80 \
.\xa0R*\xb2\xa0\x1f\xd53\xd1\x9bx\x83\xac\x17$\
\xda\x94\xd9\xd7\x88\x0a/\xa8\xef\xf3&\x96\xcc:\xee\x89\
\xed\xf6;\x12\x03\x94\xa2\x8c\xe5,\x96xd)\xa2\x10\
v\x0a\x83\xaeJH\xfd\xd5t\x86\x8a`\xc3\xdf-\xa9\
\xab\xdcM\x14\xd8\x10\x5c\x90d\xf1\x9fm\x8c\x12\x87\x02\
\xbb\x18a#\xa8\xfa\x99\x11C\xd9\xe7\x87{\x9e5\xcf\
\xb4\x97vf\xae\x84\xd7\x0e_\xc4\xe9\x8bs\xa0\xb6\xba\
{\x80\xf3\xb1\xeb\xcdu\xe2\x03\xef\xbd\x1d\xf7\x7f\xf2C\
\x18^\x15\xe9vC\xe0\xd8\xac\xbe\x0f\xe0>,\x13\xb7\
\x9b\x15\xc1\xa8n\xbb%l\xc2g\xd1\xb7Q\xc9\xacE\
/qlYr\xbc\xce\x08\xcf\x8cD\xb1l\x88k\x0f\
\xe1\xdb\xc7\xda\xb1\xc4v\x0b\xf5\x10\xbe`\x08\xc5\xf1a\
\x1a\xda\x18>\x9fSo\xab\x0b\x93HmOUK\xd8\
F\xa5\x1a\xd6\xc1\xe3Ep\xb1(\x0b\x94\x22\x00r*\
\xb3\xcaH\xa9\xe8-\xf3\x01\x91\x8d\xdc\x94\x07?\xc2\xe6\
Q\xb0;\xae\xabj;T\x10\xc3\xd3'5\x13sb\
\x08\x01\xaa5\x1b\xe3\xb3E\x10\x00}\xb9,R)\xf5\
\x9d#\xc41\xb2\x0f\x0f\xaf\xc2\xc8\xf0 &'\xa71\
\x93\x9f\x8fr\xbb\x19\x81\x03X\xd3\x00\x0e,\xb5\xdb\xcd\
\x8a\x00*O\xf5S]\xd6\xc9\xd9\x22&g\xf9e^\
\xf4K\xa0\xc8\x12\xb9tK\x1c\xd0b\x8e}c8\x11\
\x81\x86i\xa1F\xb5\x131F\x0b\xc0Dc\x14\x87\x01\
\xe4\xf8\xed\x90U,MRP\xd6\xfc\xc3\xfc\x11M8\
/\xdc\xab\x18Y\x17{@\xc3RS\xdd\x82\x89z\x1b\
\x96\x00;\xca\xe3\xa0H\xb1\xddDbe\xbcJ\xca\x8e\
\x08\xf2}\xe7\xc3\xa4\x18\x03\x80r[\xc9\x84Y\xb63\
\x22X\xa9\xda\xe8\xef\xe9@[FV\x92\xbc\xf4\x99t\
\x0a\x03\x03}X;:\x8c\xb9\xf9yLN\xe5#\xee\
\x06z\xe1\x80U\x0a\xc0\xde\xdc\xd8\xe6\xf2R\x81\xd5\x8a\
\x02*\x9fe3\xa9&g\x9d\xed\xb2t\x1f\xc7FX\
\x96\x94^\x03Z\x84GI\x88~z\xec\xfez\x84\xff\
O\x00(\xa2h\xa7\xa0\x8a\x08u(\xd33\x94J\xab\
\x5c\x85\xc6\x0b\xc9\x98:\xa2\xa7\xe6\xe8\x0b\x93v\xac\x11\
*\xd7\x13\xa9\xc0\xf8E\xe5by\xa6D\x04\xc0\xe1^\
~*\xa1\x80O\x88\x98\x1b\xc124\xdd\xa8 \x7f\xca\
w$6@)\x9a&\xe7\xa1R\x98\xcf\xfal`z\
\xae\x8c\xf9R\x15\xfd\xb9\xac\xbf\xa5\xbc\xaa\xceT\x0a\xe8\
\xe9\xe9\xc6\xd8\xba5\xa8U\xca\xb88>\x0d\xcb\x0au\
\xbb\xe9\x00\xf0~8\x8e\xcd{rc\x9b\xe7\x97\x02\xac\
V\x16P)\x86\xa4&\xf2E\xdf\x98\x0ep\x1f6N\
\xe2\xb0,\xc0\x1c\xb4\x08\x0b$\x02[R\xa9p\x22\xf3\
\xe2\x1a,\xb1/\x05p\xb1\xea%\xd7\x8e\x90\x1e\x91\x90\
\xbe\x9a206}\x5c\xdd\x10\xb2\xb1\x9b/L\xa1\x92\
\xa9\xf1A(\x94\x86\x06\xc9O\x8bD\xaf\x14@\xc4\xe8\
\x92\xc2\xbdQ\x5c6\xbf\x14%\xcaJ\xccJ\x0dPb\
[\xa3\x00\xca\x0f\xf5\xf3:\x07\xf9B\x053\xf3e\xf4\
te\xd1\xc5\xecv#\xd6\x99\x22\x04]\x9d\x1d\x18[\
7\x8aL\x8a\xe0\xc2\xa5IT\xab\xa1\xbb\xddd\xe0\xbc\
\xa3\xd7\xc3qh\x9eXl#\xfb\x0a\x03*Y&g\
\x1d\xa7d\xa2{\x90\x1adY\x00B'\x5cz\xc7~\
\x12F\x1d\x93V\xe9d\x99\x14\x91\xc3\xd8p\xa6\x95!\
*!\x7f\x22\xab\x81DE\x5c\x18|\x90u\xb5:0\
H,\x94\x0b\xa5\xda\xa4\xd4\x08\x8cX\xab\x8f\xcc\xa6\xc2\
\xecN\x1esc\xea`u4\x0e<\xf8\x8b\xc4\xaan\
\xbe[\x11\x05lJQ\xb3lT-\x1bU\x8b\xa2V\
s\x8e\xfd\xb0\x9a\x0d\xcbrVA\xb0\xd9\xc1\x16x\x7f\
\x04\x84\x1di\x14@*J\xcd\xe3\x9a\xad\x18e$\x00\
\x16J5L\xce\x16\xd1\x99u\xb6\x94\xd7]a\x02 \
\xdb\xde\x8e5kV\xa3\xa7\xbb\x03\x17.N\xa0X\xaa\
D\x8d\x08n\x82\xb3\x08\xdf!\x00\xa7\x16\x13\xac2\x8d\
\x17\xb1HB\xf5\x11\xce\x8a\x96<\x00\xf8C\xb4\xf2g\
\xd5\xbf\xc1\x84\x1d\xf5\x09\x01-v\x94\x84\x10EB\xd7\
lA\xfc\xd2\x1d\x90\xa1\xfek\xc4\xbe\x08\xd4\xb7\x93\x10\
x\xf9\xfc\xd6\xfa\xe1~X\x08\x02SE\xb4\xd8\x11*\
f\x13m,b\xf3BE\xa4\xa3\xc28=U\xe7P\
\xde:\xde\x02\xae\x88\x17\xecB\x80s3\xb5\xc8\xe7\xde\
W\x91\xa1p\xf7\x9fy\xf1}0rF\x84k.\xf0\
X\x96\x8d\x9am\xa3Z\xa3\xa8\xd6l\xd4,\xcb\x01\x1e\
\xef\xcf\x9f\xa7\xc7\x02\x0c\xaf\xbe\x11\xe2=\x01\x81\xfd\x8e\
\x10\x82L*\x85L\x9a \x9dN!\x93\x22H\xa5S\
H\xa7\x08\xd2)\x82\x14!\x0cH\xe8\xd5<\x91Eq\
\x97\xcc\xc5\xfe\xb9B\x15\xaf\x1d\xb9\x84\x1b*5\x5c9\
\xda\xcb\x1b\xd9\x99\xebC\x08\xd0\xdd\x95\xc5{\xee\xb8\x09\
\xb9\x5c7\x9e\xde\xbe\x1b\xe7.LF\x19\xd9\xef\x86\xe3\
v\xf3[\x00\x1e\x1c\xdd\xf2\x80ua\xf7w\xd0jY\
1@%\xbfpL8\x85\x8fHT\x03X\x00\x03Z\
\x02`9q\xe6\xa0E\x88\xe3\x07G\x98:\x89\xf8\xde\
\x11\x844\x9a\x06\x0fC0\xe9\x85;\xf7l&l\x9b\
\xfdn\x12\xf9\xc1c\xc1O\x7f\xc1\xf4zo\xe4\xa4\x0a\
\xd1@\x15B\x83\x8c\xccX,=\x14U\x1dE\x01\xd4\
\xbf1\x92\xf2\xc47\xd1O\x22\xb3\x0d\x9b:\x93&\xab\
5\x1b\x95\x9a\x8dJ\xcdB\xb9j\xa1R\xb5\x1c6\xe4\
\x03\x92\xad\x1c\xf5\x13\xfd\x02\x95\xec\xc6o\xbe\xcdM;\
\x10\xa9\x91\x07^)B\x90J\x11d\xd2)\xb4gR\
h\xcb\xa4\x90I\x07\x7f\x84\xf0\xcf\x96\x0e\xa0\xc4\xce\x96\
*5\xbcy|\x02\x85r\x0d\x1b\xd7\x0f \xeb\xee\xd2\
\xac\xbaf\x1d\xd96\xdcp\xfd\xd5\xe8\xee\xea\xc4\xd3\xdb\
v\xe3\xe8\x89\xb3Qw\xefZ\x00\xff\x1e\xc0Z\x00\x7f\
3\xba\xe5\x81b\xab\xc1j\xc5\xaa~^\xc2\x09\xc5\xa8\
\x9f\x98J\xb7W'\x7f\xc0\xc6\xc9/4o\xae`\xcb\
\x8d2\x9c\xab]h\xb4i\xc4:\xa46F\xfb\x03r\
\xda\x8f\xaa\xdf:\xf0bBTL\xc8T-45c\
Qc\xb0\xa3\xfaBYw\x1a\xf1\xfa\xb9\xc0T\xae\xda\
\x98/V1\xb3P\xc1d\xbe\x88\xe9\xb92f\x17*\
\x98/TQ\xacX\xa8\xd6,X\x163\xd7\x8e8\xa3\
\xa1\xbe\xad\xd1=\xe7\xc6\x00X\xb5\xdaO\x03?\x8dw\
\x9f\x02\x15_n\xbc\xa7NZ.x\x96*\x16\x0a\xa5\
\x1a\x16J5,\x94\xaa\x98/VQ\xac\xd4P\xa9:\
 \xeaV\xcb\x95\xa5\xdb\xf9\xc6\x01f\x8a\xa9|\x11\xc5\
\x92\xe5\x8c\x08\xb6\xe9\xa7M\xa6R)\xf4\xf6\xe60\xb6\
v5\x8a\xc5\x12\xc6'f`\xdb\x14!\xe4\xaa\x1b\xc0\
\x87\xdd\xdf\xd7rc\x9b\x8b\xadT\x03W\x16PQ9\
\xc5\xe4\xackLgD\xbb8^\x18`I'^\x90\
\xc2\xc6\xc4\x1a\xbd\x19U\x90}\xb8\xfd\x1f\x09\x84\x84\x99\
\xebByAY\x5c\xcb\xd5dH\xb9|\xb1\x1ah\xe5\
^\x11\x80D\xc3\x89dyRm\xf1\x1e\x92\xd7Lh\
hF\x7f\xb4P\xf9R\x120W\x1e\x96MQ\xa9\xd8\
\x98/\xd50\xbbPqV\x80\x9d+av\xa1\x82b\
\xa5\x86Z\xcd\xb1\x1fy\xe0\xe7\xe7\x16\x07.<\xb0\xe1\
\xee\x89h\x0f\x14\xee\x1dg\x9fd\xee^\x08X\xe9\x84\
\x07\xb0\x1a\x0a\xa5*\x16J5\x14J\x01p9\xac\x9e\
\x04 I\x15l\x93\x023\x0b\x0e0\xf7vg\xa5-\
\xe5\xd9\xb4)B\xd0\xd5\xd5\x89\xf5\xebF\x01\xd8\xb8x\
i\x0a\xb5Z\xe8n7\xedpT\xc1+\xe0\x8c\x08\xce\
\xb6\xcan\xb5\xb2\x80J\x14\xe20\xaa\x89Ya\x03R\
/\xba^\x96%\x9dx_R\x1e\x94\xf8r\x88\xc4\xaa\
B\x1fr\xc5J\x9f\x22\xc0(_\x067o\x98\x133\
\xd7\x05\x8e:\x06\xf1\x91K(\xabnF\x0c\x09S\xff\
d&\xc5\xb4\x8d\x86\xe4\xe5\xb6|\xf7X\x9f\xf32\xcf\
\x17\x1d`\x9a\xca\x970=_B~\xa1\x8cB\xb9\x86\
\xaae\xbb\xc0\x04~\xfc\xc0\x057~\xfa\x85\x02\xacH\
\x93\xc0\xca\x0f\xab\xff\xaaz\xc6\xfcr\xd5B\xa1TE\
\xa1TE\xb1\x5cC\xb5f9\xec\xc7\xefO`F\xf0\
\xf8\xe6|\xb1\x8a\xa9|\x09\xdd\x1dm\xc8u\xb6\xfbe\
\x8a\x13lS\x04\xe8\xe8\xc8b\xdd\x9aQtd\xdbp\
\xe1\xe2d\x94\xdbM\x1a\xc0-\x00n\x05\xf0&\x80\x0b\
\xad\x00\xab\x15\x02T\x1b1\xd0\xd7\xad\xcc\xef\x01\x954\
z&\xa4k\x14\xb48`b\xbf\xb6\x8a\x87\x97}\xe0\
\xb5\xf1B%Dx!X\x96\xc0\x03\x95\xae\xcdr\xb8\
\x8ayI\xb9\x0c\x00+\xae\x18M\xea\x0ck\x10\xc3\xd4\
T\x98fS\x8aJ\xcd\xc6\x5c\xb1\x8a\xe9\xb92&\xf3\
%\xcc\x16\x9c\xe5{Y`\x0a\xae\xb7\x0b\x10\xe2(\xad\
p\x1f\xfd3\xa2\x07\x9f\xba\xc1J\xc5\xc2\x1b\x14J\x1d\
\x06Y\xaeZ(\x96k(\x94k(U,X\xb6\xcd\
\xb0\xad\xe0\x9a\x17\xcb\x16\xc6g\x8bhoK\xa1\xb7;\
\xeb4Ne\xcf#@[[\x06\xa3\xab\x871\xd0\x9f\
\xc3\xa5K\x93X(\x94\xc2\xdaM\x00\x5c\x0dg\x99\xe3\
w\x00\x1co6X\xad\x18\xa0\xeag\x18\x15\x9b\xc8\x07\
*)\x92Hi\x81p\xc0\xd2\xc5\xfb\xeb\x9c+\xbf\xbc\
\xa2\x13\xb2\x02p\x88\xa2,&\x8d\x12\x90\x8c\x19\x17S\
\x17\x91{\x1d\x17\xa0\xd5B\xb8?v6\xbbz\xd3Q\
\xf9\x8f\xaa\x8aS\x88\xe8\x87\xe63'\x9b\xa2R\xb50\
W\xa8`j\xae\x8c\xa9\xb9\x12\xf2\x0b\x15\xf7\xc5d\xed\
7AN\x991\xc9\x80%\x81\x95\xf0\xb1\x09\xf0\x8cY\
,\xc6\x10\xac\x84\xab-\x80\x95\xe9\xb57\x17\x8fq\x95\
*\x16\x8a\x95\x1a\x8a\x95\x1a\xaa5\x17\xb4R\x8e\xd1\xbe\
j\xd9\x18\x9f)\x82R` \xd7\xc1m)\x0f\xf0c\
;\x99t\x1aC\xab\x06\xb1zx\x00S\xd3\xb3\x98\xcd\
/D5a5\x9c\x15C\xa7\x00\xbc\x95\x1b\xdbl7\
\x0b\xacV\x06P\xdd\xbc\x11\xfd\xbd\xde\x84O\xfe\x01\x18\
\x9f-:\x9b7\x8a$E>0\x04\xad e\xf0L\
\xb3/\xb68\xa1\x93y\x005\x0fp0\xc7\x8a\xc9/\
\xd4O\x848\xf6@=\x17J\x062\x81\xaf\xf1\xbd\x11\
V\xc5\x94\xb2q!\xe2\x9f\xea\xeaxb6U\x9d\x18\
$\xa7\xac\xd1\xdceN\xe5\xaa\x8d|\xa1\x8a\xc9\xb9\x12\
\xa6\xe6\xca\x98+TQ\xae:\xaa\x0e{\x8fD?K\
%`I\xd7\x83aW^:\xa6\xb1\xaa\x81\x11\xf6\x9a\
E\x81\x15o\xbf\xe4\x0e\x00\xa1M\xcd\x16\x8fmU\xaa\
\x0eh\x95<\xd0\x82\xf31\x98\xca\x97P\xaeZ\x18\xe8\
\xc9\xfan7\xe2\xe0+\x01\x90N\xa7\xd0\xd7\xdf\x8b\xb1\
5#\x98\x9f_\xc0\xc4\xd4\xac\xcaT\xccJ\x1f\x80\x8f\
\xb8\xc7{sc\x9b+\xcd\x00\xab\x95\x03T\x92\x8d\xca\
I:1\xc3\xaa~b\xacx\x12\x0f\xb4\x88\xea\xcb\xab\
y\x88E\xd6\xa5eR\xdc\x0b\xc47D\xb6m\xe9X\
\x95\x82\x81\x89/\x15SF\xa8\xaaA\x94\x87M\x97\xa8\
\xc9\xe8^\xff)u\xf6\xb8s\x98\x93\x0bN\xc5\x0a*\
U\x1b\xb6\xb7R\x02k@\xe6\xbb\xca\x15\xce\xcf\xb7\xd5\
\xb0+6\xaf\xc8\xae \xdf\xe7f\x80\x95\xee\x19i\xa5\
\xd8\xb6\xa3.\x97*\x8ezX\xa9\xda\x98\x9e+a\xa1\
T\xc5@\xae\x03\xd9,\x03\x05\xc2\xc7$\x95\x22\xe8\xce\
uc\xfd\xbaQX\xb5*.\x8dO\x99\xba\xdd\x0c\xc1\
1\xb2/4\x0aV+\x0b\xa8\x14\x937'f\x8b\x18\
\x9f\x09\x1f\xf5\xab\x1b\xb48\xba/\xa8\x7f\x1agd\xff\
\xe1\xd5\x01\x8e\xee\xe1\xd6\x00\x1b_\x84\x08\x9c^12\
B\x119s8\x10\x91\x88xC\x15O\xf7\xc7\xfd\x13\
\xd6^\xb1)P\xb5l\xcc\x15]\xb5._\xc2\x5c\xb1\
\xea\x82\x13\xfck#1K\x0f\xb0\x04\xc0a\x01+`\
L\x08\xda!^\xe70U\x10\xc1\xfd\xe4\xef7\x09\xbf\
\x9f\x1a\xb0\x12nI\xd4]i\x89\xd8\xcch\xe2\xf8L\
\x11\xe33\x05\xf4vg\xd1\xc3\x18\xd9=aG\x04;\
:\xb2X\xb7v\x14mm)\x5c\xb84\x89J\xb8\xdb\
M\x1b\x80;\x01l\x84\xe3v3\xd9\x88\xddj\xc5\x00\
U\x9f\xcb\xa8\xc4\x04\xe3\x1ac:\xa0aI\xd2\x01\x7f\
\xc2\xaa\x02`\x8e\xb9\x07Wc\xb3\xe2\x1eR\x0e\x84\xfc\
`\x1eT\x844\xa6\xee3\xa2\x1a!\xbd\xbc\x11\x9d\xe6\
N\x15\xec\x86_QAC\x7fb\x09?M\xd1\xebg\
\xcd\xb21_\xaea\xda\x05\xa7\xbc\xa7\xd6QA\xad\xe3\
.\x98Z\x15\x16\x19\x96Rm\xd7\xb1]\xa6Q\xe1`\
\xa5O\xa3\x03+\xf1\x8e6{$\xb0Q\xb1)\xc5\xcc\
|\x19g\xc6\xe7\x91mK\xa3\xb7\xdb].F\xe56\
F\x80\xf6\xb66\xac\x1d\x1dAo\xae\x13\x17.M\xa2\
X*G\xb9\xdd\x5c\x0fg\x13\x89\xb7\x01\x9c\xae\x17\xac\
V\x0cP\xf5kV\xf8\x9c\x98)b|\xb6\xe8_\xc8\
 FH\x1b\x07\xb4\x14\x0f^\xf8|)\x06\xa8\x22\xd9\
\x13\xa4\x87\x99e^\xe2\xcb\xc6\x81\xa8\x08d\xe2\x8b \
\x19p\xd9\x8czV\xe5\xcd#b\xac4\xf1E\xc23\
\x9e\xfezQ\x96EQ(\xd703_\xc1\xe4\x5c\x19\
\xb3\x0be\x1e\x9cTm\x90\xd8\x14\x03X\xc2\x05#\xda\
k\xa8`W\xd2\xdc\xa9(\xb0\x0aO\x13e\x9f\x94\xc0\
\x8ac]\xf5]\xf6f\x08!\x04\xa5\x8a\x85s\x93\xf3\
\xa0\x00z\xbb\xdb\x998\xa6m\x8e\xf7\x17\xd2\xde\xdaV\
C\xfd\x18\x9f\x9cF~\xae\x10\x05\xb6\xeb\x01|\x10\xc0\
Y\x00\x87sc\x9bi\x5c\xb0Z\xd1@\x05(F\xfd\
 \xde\xf4\xb8\xa0\xa5z\xa0!=\x88\xba8\x15\x98\x98\
\x01X\xf4\x86\x0f\xfe\xcb\xc57\x81\xeb#\x11\xcaT\xd1\
.\xe9\xf2\xe8\xe2\x22B\xc3\xc5)\x98\x82\xc0\xb2\x1dp\
r&`:\x93\x0f\x8b\xe5Z0Z\xa7hO`\x87\
\xe2\x1b\xa7bY:\xc0bN\x95\x130\xbd\xbb\xc4j\
f\xec\xf5e\x8d\xec\xe1`\x15q_\xd9\xf6sW\x94\
\xffz--X\x01\xd5\x1a\xc5\xc5\xe9\x02\xaa5\x1b\x03\
\xb9\x0e\x10BP\xb3\x1c\xdb a\xae\x833\x22\x98B\
\x7f\x7f?\xd6\x8e\x0e!\x9f\x9f\xc3\xd4t\xe4\xdaVC\
\x00>\x02\xa0\x00g\x99\xe3Z\x1c\xb0Z\x11@u[\
\x08P\x8d\xcf\x161\xee\x8e\xfa)\xd9B\x0c\xd0\xf2\x1e\
B\xee\xa1S<\xc4*V\xe5\xbf0L\xa1Qj\x81\
\x8aI\x89\xac\xd0\xd4n\xc5\xd6'\x9d\xab\xd2\xa9/\x87\
\x00pD\x9d(L\xdc\xe4\x96MQ\xaaX\xc8/\x94\
\xfd\x99\xe1\x05\x17\x9c\xa8\xd7x\xe6\xcfcBR\x8d\x1e\
hA\x03ZL{E\x95Pe\xbfR\x83\x9b\xde>\
\xa8\x1b<\xe1\xefq\xc4\xfd\xe6\xa6\xac\xc8\x0c{)\xed\
U\xdc\xa5&\x8e*8>S\xc0|\xa9\x8a\xa1\xbe\x0e\
\xb4\xb7\xa5\xdd\x15!lX\x9cJ\xee8S\xe7r9\
\xac_7\x82r\xb9\x8cK\x13\xd3\xb0\xc3\xb7\x94\xcf\xc1\
\xd9\xed\xa6\x13\x8e\xdbM\xc9\x14\xacV\x0eP\xf5\xea\x18\
U\x01\x133E\x89\xed\xc4\x05-\x22>`\x9aI~\
\xde\xcc_)N\xc3\x8cX\x1f0\x08\xf1\xecC\x1e\x9c\
C\xdb\x17\xd5\x03-\xf6I\x04+?4\x82E\x8a\xc0\
D\xb4\x89\x850\x06Y<p\x9au\xe7:\xcd\xb8\xb3\
\xc3k.8q\xd8$g\xd7\x02\x17[\x97\x96e1\
'*\xc0\x12\xab\x90?\x04!F\xf6\x18`%>/\
|\x98\xd0\x1e\xb6\x1d\x8a\xb6.\xa5L\xbbs\xd5\xfas\
\x1d\xe8\xeel\xf3\x97\xac\xf1\x96\xb1\xf1\x9c\xf3S)\x82\
\xce\xaeN\x8c\xad]\x8d\x14\xa1\xb8\x10\xedv\x93\x05\xf0\
^\x00\xfd\x00v\x98N_X1@\xd5\xd7\xab^\xe1\
\x93eT\x80\xfc\x92\x03\x9awL|\xc1\x09\xfb+\x80\
\x0f\x09JV\xdb\x17\xf8\xaf\xa4\xf6+\xab{\xc8\xd94\
L9\x12\xf3\x82\xfc +\x87\xe4\xb9\x9ekT\x0a\xaf\
3*\xe3\xbb&\xb9J,\x9b\xa2\x5c\xb1\x90wwF\
\xf1\xd4\xba\x9aE\xdd\xb98\xfc\xbf\x00q\xc0\xfd\x89\xe0\
\xe5wF5\x15!\x04\xb0\xd8\x0b\xa8\xfc`H\xd7-\
\x04\xac\xd8\xfb\xa4\x05+>m\xd8\x07\x8cW\xfd\x08\xdf\
\x0e\xae\xad\x067d\x11d\xaeP\xc5\xa5\xe9\x02r\x9d\
\xed\xe8\xeb\xce\xfa\xe1\xd4u\xf6\x0ef\xc0\x03\x1d\xd9,\
\xd6\xad\x1dAwg\x16\xe7/M\xa0\x5c\x8et\xbb\xb9\
\x09\xc0I8s\xad\x22\x0d\xec+h\x17\x1a~YW\
\x9d\xe7}\xb0\xcd{\xb0bY\xb0p\x19\xa42\xbce\
<\x82\xa5j)\x82\x10a\xbd%\xc2\xa4\xf3Q\x13\x10\
'\x9e\xb0\xa3\xef\xdc\xf6L\x90\x8f\x832\xe4\xb5\xb7!\
\xe6U\xdcxq\xe18gg\x1d^\x81R\xaf\x07\x05\
\x10JA\xb8\xadx\xa825\x8b\x856\xdc\xa9\x04\xa5\
*\xc6\xf3%\x9c\x9bZ\xc0\xb9\xe9\x82\xb39\xa6g\x14\
\xf7@BA\x9b\x82\xd3p\xf0R\x81\x96\x8ae\x89\x80\
\x15\xaa\x0ejUA\x11\xac4\x1f\x15%X\xc9i9\
@T\x80\x95\xe2\xd0o+\x1b\xb2\xd4B\x88\xc3\xacv\
\xed?\x87C\xa7\xa7\xfdI\xb6\x9eP\xea\x8c\xdc\x96\xdd\
\x15(\xda\xda\xdbq\xe7\x1d7\xe3\xfeO~\x10\xab\x87\
\xfa\xa3\xa6\x02w\x01\xf8\x1c\x9c\xd5\x17\x22e\xc5\xacG\
\x05\xc8K,Q\xf5{\xc5\xa4\x0f\x16\x04\xf2\x1e\x1f\x16\
D8\xa5\x8bz?\xcc\x83\xe6\xae\xc7G\xbc8\xca\xaa\
V\xc4_\x1f\x8az\x0f\x9d\x9f\x9ey\x0a)@\xbd\x87\
\x97\x06yya\x91\xcd='l\xfa\xa0\x8d\xd2by\
\x14\xa0\xecBmp\x1b%\x94\xaf\x9cM\x1c\xf5b\xb8\
m\xb0(E\xb5\xea\xb8f\x94*5\x94\xab\x16j\x16\
eF\xeat%x\x9d\x80\x7f\xed\xf9\x107\x157\x1b\
\xd4\xbb\x04T\x8a\xf7m[\x80\x0b\xb0\xec\xe5\xf2\xaeO\
\xb0*\x82\xbf\xe69q\xe0<X\xc5\x85\xf8\xae:\x84\
\xb0k\x98Q\xdf\xf5\x8d\x808\xbb5\xbb3\xb4\xa9\x93\
\xd0M/\xc6\x07\xc7^\xa1\x84Rfm,\xb7\x8d\xd4\
{\xbe\x18;\x9d\xb7\xda\x1d\xa3-x~z\x11\xdbZ\
-\x8a\x10\x02,\x94\xaa871\x8f+G{\x91M\
\xa9\x950\xcb\xa6\x80M\x91J\xa50\xb6n\x0dF\x86\
\x07pqb&\x8a\x1ev\xc0P\xab[Q@\xc5/\
I\x1b<\xd4\xe2\xfdT]\x1b\x1dh\x11\x22\xae\xb6\xc9\
\xe4\xe1\xbe\x8e\xc1g3X\xc0N\x88\x13\xda%(w\
n\x98\x1b\xefRfo\x1br\xaf\xcd\x1e\x10I\xa0\x8c\
`\xf7`\x1f\x96TlNlQ\xc8dO\xaa\xd9\xc1\
\x85\x82u\xbfp\xc0\xa9Rc\x96\x16q\x13\x9a\xd9S\
\x82\x8e\x11\x02\xff\xc5\xe7\xee\xa7P\x0ca\xa8%\x0bZ\
\xf5\x02\x16\x07D\x0cXy\x8b\xdf\xf9\xd7\x9e\xba \xe2\
\xb73\x0a\xac \xa5\x0d\xf0*(\x8bP\x12\xb4\xc7\xfb\
pyu\xbb\xb0\x15\x00&\x03\xd0$|\xcd\xaeV\x0b\
\x85\xb3=\xfc5\xeb\xfaq\xe7\xc6\x11d\xdb\xc21\x85\
\x10\x82\xa9\xa9il{\xfee\xbc}\xf8\x94\xc9\xf3q\
\x1c@\xd1\xa4-+\x06\xa8T\xebIG\xa5\xd5]'\
\xca<J\x5cb\x17\x81| p\xd1\xc4a\x02\xde\x0b\
A\xdc\x97\xd9\xfb6\xc2\xffB\x061\x0c\xab\x22T\x00\
,\xa6n\xafDV\x05\x11\xd3H}a\x80\x90a_\
2c\xe2\xf5F\xca\xe4'\x8a$\xb6\xed8\xb4V\xaa\
6JU\x07\x9cX\xd6\xe4I\xca\x04\x9bT\xe2\xd5E\
\xe4\xc0\x80<\xc9\xc0\xe5\xf5\xd1\x04\xb0Xb\xe6\x83\x03\
\x02\x80\xf4\xd7,\xa7A^\x07\xc8xve\x0eV\xea\
\xb4\x1e\xcb\x06U\x80\x15\xdbu\x8a\x00\xbc\xfc \xc2\x00\
\xaa\x8a\x7f.\x8eP\x0a\xb4\xb7\xa5p\xd3\x95C\xb8\xf9\
\xeaU\xc8\xb6\xa5CA\x93\x10\xe0\xdc\xb9\xf3\xd8\xba\xfd\
%\xbcs\xea\xbcI\x15\x07\x01|\x07@\xd5du\xd0\
%\x07\xaaT\xa6\x03v\xadd\x96X\xa5\xbfPo\xcd\
tp\xc8\xc4R} \x0c\xb4\x18\x8cR\xb0%\x0a\x1a\
\xb8|\xb0\x0f\x17\xdb\x1e\xb6]\x5c^\xe6!\xf4\xbf\xda\
r=^\x18\x9b\x07\x0c\xd3\x93TR\xb6\x97\x92\x16)\
0:N\xd5\xf5\xe2\x9c%wk.k*Wmg\
9^\xcb\x86m\x0b\xb3\xc8u\xf7\xc2\xd8\x9eB\xb9\x1f\
%\xb3\x13\xd4[\x16\xac\xfdK\xcf\xb2,\x0d`y\x1f\
\x17-\xbbbUANS#J\xb0\xf2\xef\x8d\x08V\
\xcc\xa5\x8e\x06+\xe6VQ\x96uE\xa8\x80\xec\xb3\xb9\
\xc8XE)\xd0\xd5\x91\xc1\x1d\xd7\x8d`\xe3\xd8\x00\xd2\
)\x12\xbe\x1a+\xa58z\xec\x04\xb6n\x7f\x09\x17\xc7\
\xa7M\x98\xd4!\x00\xbf\x01g\xfd*#Yr\xa0\xea\
\x18\xde\x88\xc2\xb9}F\xb3\xdd\x02\x16\x01\x9e0\xf8\x80\
\xc1\xdaC\xc2A\xcbg+\xac!\x94\x05\x19\x1f<\xd8\
\x17\x9f0\xf52FR\xd6f%t\xc3\x09\xe3\x0dc\
\xbc\xea\x16\xe4\x0d\x8a\x12\xd4E\x9f\x9d\x89eS\xc5\x1a\
\xea,\x22\x10\x7f'\x15\xdb\xa6\xa8Z\xceZ\xe1\xd5\x9a\
\x03L\x1ec\xa2\xc2u\x90I\x8f\xa4\x00\xc7\x10\xc2\xfd\
0wH\x09^2h\x09,\x8bS\xdd5\x80%\xaa\
\x83\xac\xea\x05W\xc5rYr\xb8\xddJc\x93b\xed\
G\x02s\x0aFD\xa8\xcf\xc08\xb6\xe7\xb7)B\x05\
\xf4\x91tqY\x15\xa5@\x7fO\x16wm\x1a\xc5\x15\
\xab{\x84{&\xdcYBP\xab\xd5\xf0\xe6\xfe\x83\xd8\
\xbes\x0ff\xe7\x16L@\xea\x05\x00\xff\xca\xfd\x85\xe9\
Z\xebK\x0dT\xa4sx#-\x9c\xdbg\x9c\x81\xd5\
\x12\x88\x18\x06\xe6\xa1\x0f\x01-/\x8f\x7fL\x19\xd0\xe1\
\x0c\xcf$0\x90\xb3\x15\xb1_y\xef\xab\xca\x15,\x1b\
\x9c\x822\x18\xb0\xa3\x0c\x88)A\x92\xef5o\xcc\x87\
tL]\xf6`Q\x0a\xcbr\x1cO\xbd\x8d\x0cj\x96\
\xed\xcf\x7f\x11AW\x9e\x00\xaf\xb7k\xc9w\xd0\xe4f\
\xa9\x92\x07*\xab\x9f\x98\xaa@\x8bgY\x22`)U\
BQ\x1dt?L,\x10\xb1\xaa`\x14X\x81\xb0\xf5\
Q.m`\xa7b\xd5<\x91M\x05\xc6u\x95\x0a\xe8\
\x0f\xc8hT\xc0\xc54\xac\x8f\xae\xea\xc6\xdd\xd7\x8fb\
\xa4\xbf3\x14\x1e\x09!(\x97Jx\xe9\x95}x\xf1\
\xd57\xa3\xb6\xda\x02\x00\x0b\xc0C\x00~\x13\xc0a\xc0\
\x1c\xa4\x80\xa5\x03*\xbfG\xeb?\xfe1L\xee\xfb\xc7\
\xba\x0a\xa1\x8a\x13\xe5\xa8\x9e\x08ZJ \x10-\xba.\
ca\xd9\x0d\xf1\x9fY\xef\xfb\xe7&\x0d\x10\x8c\xb3Y\
\x11\xc6f\xc5\xc495\xb2\xb6.\xf0\xf5\xb3\xba'C\
\xfc\xfc\xf7\x96\x06\xfb\xc6Y\xaem\xc9\xdb[\xaef9\
\xe7\xc1\x9et\xec\xb5 \xbe\x8a$=RQ\xe0D\x94\
\x87\xda\x90\xa0\x1f\x8a{\xc5\x04\xa8\x81\x8b\x07-\xce\xbe\
\xe6RhQ%\x14\x01\x8beW\xac\x8a\xa7R\x05\xa3\
\xc0\x8aS\xed\x18UL\x05V\x9c)=\xcc\xb8\xce\xa8\
\x80\x9c}`\x89T@B\x80\x0d\xa3}\xd8\xbci5\
\xfa\xba\xdb#\xecQ\x04sssxn\xe7+\xd8\xbb\
\xffH\xd4\x04O\xc01\x98\x7f\x17\xc0\x1f\x01\xb8X\xcf\
\x8e5K\x01Tl\x8f\xc8\xa3_\x00]\xf7\x0dv<\
_\x16\xdb\xa6(\x96k\xce\x0bF\x00o\x89U\xc7\x17\
\xc9y1S\xfe\x8cd\xf5\xec\xec\xa0\xf2\xe0\x9b\xc5\xa9\
U\x94\xfaT\x9ccI\xec\xd6V\xf2\xb8``9R\
\xda\xcf\x00\x0d*H\xaa\x9f\xaf\x96\x00\x80\x0d\xd8\xee\xcb\
j\x83\xfa\xb3\x81-\x9b\xa2f\xdb\xb0-\xef\xd8\xdbc\
\x8e\xdb\xf8Kf],{\x92\xee\x84f\xc2\xa7\x94>\
\xbe\xd2\x17\x9a\x9bP\xe5\x87\xc6\x87\xfe\x80\xee\xf2\xcc\xd9\
k\xb3\x16\xb0\x02\x10\x02\xc0L\x0da\xd8\x958\x0ag\
\x0aV\xde\xf5\xe5\xf6\x07$~\x1b\xfd'+\xca^\xc5\
\xdev\xc1^\xb5\xd8* \x05\x90I\x11\x5c\x7f\xc5 \
n\xbbv\x18\x9d\xd9L$H\x8d\x8fO`\xeb\xf6\xdd\
8r\xec\xb4l\xda\x90e\x1a\xc0\xd7\x01\xfc%\x80\xb9\
z\xb7\xd5Zl\xa0\x22\xe2o\x9a\x10\xac~\xef?\x0b\
}\x0dl\xea\x18}\xfd\x87\x87\xf9oz\xae\x84\xf1\x99\
\x82\xb3\x89c\x8a ER\xee\xaf\xb3\x86\x0eq7w\
L\x11g\x01\xb0T*\x05Bh\x00l\xbe\xf9\x87\x80\
S\xfa<\xf5@|\xe1\x85\xee\xb0T\xddKA\xd9\x97\
\x869\x0eX\x18\x05\xe0mh\x09\x7fcK\xdb\xa6\xb0\
\xa8\xd3_\xea\x87y\xa9\x85\xa1u\xee:0pc\x04\
P\x1a\xf6\x14\xdaW>(.l\xc9\xa0$\xce6\xe7\
\xf7\xc9\x0b0\x9c\xe1\xa0\x9c-\xca-C\x02,\x86]\
\xb1\xe4\x84eW\xf5\x82\x153\x1a\xe7\xabe\x08\x1f\x09\
T\xda\xab4* 78\xa3\x08j6\xab\xa2\x14\xe8\
hO\xe3\xd6k\x86q\xc3\x86A\xb4\xa5S\x91\xe5\x9f\
<y\x1aOo\xdf\x8d3\xe7\xc6M\xecQ\xa7\x00\xfc\
k\x00\x7f\x0f\xc3\xd1=\x9d,\x16P\x11\xc51\xf3\x1b\
\xef\xeaS\xe6?g\xbe\x8f\x0d\x85\xa9\xc7)\x9ca\x0d\
\x9e\x9f\x9e\xb7\xe9\xa3\xf3\xeb1\xb4\x80\xa5\x118\xc0\x06\
\x17\xe0\xd88\xf6\xf1Q3\xb7\x80\x1ay\xe0\xe2\xb5\x97\
\x05\x1b\x9d\xda*\xae\xc2\xc0\xdb\x92\x04\x08a\x19Q\xbd\
\x00\x15\x06N\xc4\x04\x90\xa2RP9\x15ac \x03\
\x97\x12\xb4<\x96\xa5\x00,\x96\xf1\xf8l\x8ap\xc6\xf6\
H\xb0\x82\x08F\xf5\x81\x15\xd7\x1e\x95\xbd*D\x05d\
M\x06\x94\x9d\xa8\xd5\x02VE)EOW;\xde\xb3\
i5\xae^\xd3\xe7\xcf'T\xdeaB`[\x16\xde\
>t\x14\xcf\xeex\x05\x93\xd3y\x13\x90\xda\x07\xc7h\
\xbe\x15\x00mt\x83\xd2\xc5\x00\xaa\x08\x90\x82n\xec\xbd\
\xe1\xca\x00\xef\x0b\xc4\x18\x90)\x05%\x14\x96\xadY%\
Ab+\x8c\xff\x9f\xe0\x84\xaaL\xc3\xa8q~\xd9`\
\x00\x93e%\x0a\x7f@3\x07X&\x0dw\xee\x17\xc4\
_\x0b\x95\x8aG\x98\xf4\xc2\xc5\x0b\xb5A\xc5fUD\
\x09\xca\x01\x07\x0d\x0a\x0a>@\xcc,3\x06\x95\xb4\x80\
e\xc0\xae\xb4`\x8500R\x81\x15\xcbl\x02\x10\x91\
U?\x8d\xbd*L\x05d(\x93\x8eM5\x83UQ\
\x0a\x0c\xf5u\xe1\xee\x1bF\xb1fU\xb8\x07\x0b!\x04\
\xd5j\x05{^\xdf\x8f\x9d/\xee\xc5|\xf8n4\xde\
\x1d|\x06\x0eH\xed\x05\xe2\x19\xcdu\xd2j\xa0\x12A\
*\x0c\xb4Z\xdb\x10\x22\xfc\xba\xffq/\xbe\x94\x86\x05\
\x1d\x01\xd8\xfct\x8a4l\x1cs\x1c\x06R*\xb0\x0b\
\xa2\xc2A\xaa\x19\x00\xa5\x04'-p\xc5\xbc\xf6\xca\x13\
\xc2\x00\x93s\xc0\xf6\xcf\x8b\x0b\xfa\xc9\xba\xb7\xb8\xf9]\
=;\x005(\xd9\x15;w\xcaI\xe7\xaa\xf9\xbe\x0d\
\xdb\x1c\xac|U\xce'P\x8c\x0a\x17b\xaf2U\x01\
} RM\x7fg\xeaoD\xd6\x8f\xe4p\xd7\xf5\xa3\
\x18\xec\xed\x88\xb4G\x15\x0a\x05\xecz\xf15\xbc\xb2\xf7\
mT\xc2\xf7\xf7\x03\x80\x0a\x80\xff\x0e\xe0w\xe1\xa8}\
M\x01)\xa0\xb5@\xa5\x03)\xa2I\xd3b\x11\xaa\xe5\
\x11\xc5\x7f\xf8\x83Fj\x00\x88G\x10\xbe(\xae\xaaV\
\x81\x94^\xd5\x13\xd5\xbcP\x80\xd2\x81SPe\xe4\xe5\
T\xaa\x8b\x9c\xd0\xe0\x7f\xddT\x05\x1f\x98x\x84\xf2\xe2\
$\x96%\x02\x16\x09l\x81\xfe;-\xb0+\xb5*\xe8\
^3Je\xb0\x82\xdef\xa5\x9cc\xc5a\x0aQ\xda\
\xabT*\xa0\xd7h\xad\x0a\x08\xd6\xaa\xd9\xd8t\x05\x8a\
\xc0\x1d\xe6=\x1bG\xfc\xa5[\xb4\xb7\x97\x10LOO\
c\xdb\x8e\x97q\xe0\xd0;\xb0,\x1a\x05R\xf3\x00\xbe\
\x0dj\xff)\x08\x99\xba\xb0\xfb\xafb\xb5/JZ\x05\
T$\xe2W\x08\xa3&\xafF\xfd\x8d\xe1\x98\x92\x0c:\
\x22\xbb\x92<\xde\x15-\x96\xc1\x890\xc9\xf4/|\xd3\
AJa\xb7\x92\x96?\x01\x9f\x89o\x96\x02\xe4\x94\xd7\
\xaf\x9e[$3AO\x82\x81\x06\xf1:\xba \x12\x0b\
\xb0\x22\xd8\x15a\xd2q\x06tp\xaa k\x1bR\x1a\
\xd8\xc1\xaaa<\xcb\x09\xb3W\xe9T@B5\xdcH\
\xd2\xfb\xd0\x10\x89\x0a\xdcaV\xe1\xe6\xab\x87\x0c\xdda\
.`\xeb\xf6\xdd\xbe;L\xc4\xc7\xeb\x12@\xbfj\xd7\
\xca\xff\xf1\xbe\x1f|\xaf\xf8\xb7\x1b\x9b\xff:\xb7\x02\xa8\
b\x82\xd4b\xb0*\xa2>\xe5~\x896\xab\xa4\xf2q\
\x11P\xa8|\xe0\xde<\xd1\xc6\xc5\xd6Y\x0fH\xe9U\
=\xfd\x9aK\xb1\x00J\x04\xbb\x88K\xabK\xa9cR\
b\x7f\x01p\x0c\x81\xeds\x00\x12T\x01X,\x08A\
\xcd\xaeX\xb0\x02\x22\xedV2\x981`\xc5\xda\x90$\
\x151@\x1e%\xce\x08* \xd8z[\xc8\xaaDw\
\x98T\x84;\x0c@q\xf4\xe8\x09<m\xee\x0es\x04\
\xd4\xfe\xedJ\xfe\xfc\x8f\xa6\xde~\xd8\xfa\xdb\x8d\xdf\xf7\
\xbf\x15f\x0f\x90\x994\x1b\xa8\xe2\x82T\xcb\xc5\x88M\
q \xa0V\xf9\x04\x14Q\xb2*\xd9\xb9\x98\x05\x22\xb1\
M\xe6 \xa5\xb3G\x89\xaa&\xcf\xaa\xf86s\xfdP\
\x81K\x048\x85?\xaf\xaaH\xde\xe6\xc4\xc7@z\x8c\
\xd9\xb9j*\x1fM\x7f\x95\x09\x0e\xb0\xa2\xd9U\xa0\x0a\
\xea\xedV\x1cXy\xa0\xa1\x01\xab0\xe3\xba\xd2^\xa5\
Q\x01c\xb3\xa9:X\x95\xca\x1dF\x7f\x7f\x09\xacZ\
\x0do\xc4s\x87y\x89Z\xd5\xdf\x98z\xebG;\xab\
\x0b\x93\xec\xddn\x02\x0f\xe4\xa5\x99@U\x0fH\x11\xf7\
\x8a\xb6\x10\xb4L\xd8\x14\x00\x12^\x04\xcff\x14*\x1f\
\x0bR\x02\x10\xb1\xe9D\xc0d\x0b\xab\x0f\xa4\x1a\x03(\
\x9dZ'?\xa3\xe1\xb7H\x8c\xa5!\xe9\x89O\x81\xbc\
\xb4`\x1e\xe9\xe0\xba\xa9X\x96o\x1f\xf2\xce\x01\x85\x8a\
\xc7\xd8\x8a\xc0\x02\x11$\x00\xe2\xc1\x0a\xfe+\xc6\x82\x15\
\xc7\xe0 \xb2\x19\xb6R\x16\xb4\x22T\xc0\x10\xc3\xba\xcf\
\x9e\x1a`U\x14\xc0\xe8\xaa.\xdc}\xfd\x1a\x0c\xf7w\
\x86\xdf;BP.\x97\xf0\xd2\xcbq\xdca\xe8\xa3v\
\xb5\xfc[\x97\xf6|\xff \x9c\x058)Su\x93\x94\
\xd6@\x9a\x05T\xf5\x83T\x0b\x99U,6\xe5\x1d\x89\
lJb\x1a\x1a\x95O\xa8\x93o\x87\x9a\xbdImi\
\x22H\xf1\xed\x90}\xbeU\x00\x15\x06N:v\xa4\xbd\
\xf6!q\xe2w\x89\x05.\x9eM\xb9\xdf1\xc6\x9e\xe5\
x\xc1\x04: \xaf\xe2\x81[\xe5\xc0S\x05\xd9i\x0c\
*\xb6\x04V\xe5\xf2\xd5<\x068<\x8d\x8faB\xa2\
q\x9d\x9d\xb9n\xa4\x02r\xaf0\x0fv~\x11\xcco\
\x9c\xd7\x9e\x10\xe0\xca\x98\xee0;v\xbe\x82\xd7\xf7\x1f\
A\xadfG\x81T\x09\xd4\xfe[\xab<\xf7\xd5\xf1\xbd\
\x7f\x7f\x1e\xc1*\xc1M\xe4\x82\xb24\x03\xa8\x96%H\
)\x8b\x8fj\x85\x09\xabRe\x93\xdeb\xdd\xdc+>\
\xa3\x08\x8c|\xba\xb8 e\xc6\xa2\xa2\x01\x8ah\xc2\xe3\
\x5c\xef\xf0\xe7\x92+\x97\xfa\xfc\xc8\x8d\x93G\x0a\xbd\xeb\
$z&8\x80\xc5\xb0+o:C\x84*H\xdc7\
?P\xc1\x04\xb0\xe2\xa67\xf0lF\xa5\xb3\x99\xa8\x80\
^\xe5\x1cKR\x18\xd6\xb9\xbc\xcc;\xaegU\x01\xb8\
S\x0ad\xd2\xf1\xdda\x9eyn7\x0e\x1f;\xadp\
\x86\x97d\x96\xda\xd67+\xf9s\x7f9}\xf0\xd1<\
\x02\x90\x12\x1b\xdct\xb0j\x14\xa8\x9a\x01R\xa4\x09\x80\
+7\x8c\x08\xbf~e!l\xca\x0bW\xcd\x99\xf2R\
)\xa9S\x88\xca\xc7%Q\xdb\xa5x\xd5\x8fiM#\
 \xa5\x9c\x9e\xa0\x03(3p\x12\x0d\xe0a)uB\
Y\x04\x12\xdb\xcc\x80\x96\x8ae\xf9\x0c\x8b\x9dF@\x18\
ve\xaa\x0a\xb2\xd4F\xc0\x1eN\x1d\xf3\x03\xc010\
\xb5\xeaE\x826\x88*\xa0_.\x04\x03\x15\xfb\xfe\xd6\
\xcb\xaa\x5c\xd0\xa5-w\x879C\xad\xea\x1f\xce\x9fy\
\xf5\xef\x17\xce\xef\xab\x82\x07)EG\x9a\x0bV\x8d\x00\
U\x93@J\xca\xd3$\xd1\xa9kQ-P4\x9f\x08\
e\xb0\xd9\x04@\xe4Z\xa0\xb1KI\xc6sN\x1d4\
\x07)yR\xa9\x22=\xd3\x0ep\xf9\xd8\xda\xd5w\xc0\
\x1c\x98b\xdc\x15\xa12\xce\xc6\xc2T\x17\xa8\x87,\x00\
\x05\xfdaG\xf7@x\xdb\x95N\x15\x14\xc1\x8aW\x03\
5\xeb\x9e\x83a9\xcc\xab\xe6\xbf}\x8a\xf9UAg\
|=\x91\xb3\x97\x89\xe0U\x1f\xab\xe2\xd9TOW\x9b\
\xb9;\x8cm\xe1\xedC\xc7\xf0\xecs/\x1b\xba\xc3\xd0\
\xfdv\xb5\xf4\xdb\xd3\x07\x1fy\xba\xba0\xe95\xdd\xbb\
#* j:X\xd5\x0bTDs\xbe,@Jf\
Q\xaa_\x93\xf9T\x9a\x86*\x0c\xe8~I>p)\
\x98\x9b\x92A5\x08R\x1c\x96\x10\x89\xe8q\xe3\x96F\
\x00E\x22X\x95x`(\x94\xfba\xda\xa4\x06\xad\xc0\
\xa0\xce3\xac`\xba\x02q\xcf\x99\x118\x88\xac)P\
\xb1\xe2\x80\x15;\x12\xe8\xd1\x22\xde^\xc5\xd30\x118\
\xd4l\x8a\x0d\x8c\xcf\xaa\xb4\xc6.\x0a\x0c\xf5u\xe2\xae\
\xeb\xe3\xb8\xc3\x1c\xc0\xce\xdd{1\xbfP\x8cv\x87\xa1\
\xf49\xab<\xf7[\xe3{\x7f\xf0\xba[s\x18H\x85\
\x81\x15\x84\xf0XR\x0fP\x11\xcd\xb1*\x8d\x0e\x8cZ\
\xc8\xa4\x98b%\xc4\x89@0\x136\xa5\x98\xa5.O\
7\xd0\xf7Te<\xe7\x926\x09\xa4\x22Y\x94p\xe5\
u\x0f,\x0ff\x0d\xdc.\xbf\xff<bqO\xb0\xaf\
\xda\x051\x12`y6,\x0d\xbb\xf2\xd7\x1b\x03\x8d\x01\
V\xec\xdb\xc5\x83\x95\xffV\xb1`\x05\xd1\xf0\xce (\
\x076\xc2DP\x08\xbf\x22\x9b\x0aaU\xe2\x08\xa0'\
c#9l\xbe~\x14\x83=\xd9f\xbb\xc3TA\xed\
\xffY]\x18\xff\x83\xc9\xfd\x0f\x9e\x84\xb3[\x0c;\xb2\
\xc7\xdeY\x13\xd6\xa4\x021ci\xa5\xea\x17\xc6\xb2\xf8\
\xe3\xe6\x9b\xa8\x22\x90\xd1\x90M\x85\xb0*B4\x151\
\x91a*\x9fr\x84\x8f\x05\x848 %M\xf4\x0ca\
Q\x06\x00\x15\x05ND{\x22\x08U\x9d\xf2h\xce\x02\
\x17\xa3u91\x22`\xb16,n\xc6\xb8\xf3\x86\xb3\
;\xe4D\xae{\xce\x82\x0b3E\x80A%i\xb9`\
\xd5\xab\x18\xb0\xa9\x90Q@\x8da]\xfd\xde\xca\xacJ\
\xf5\x9bJ\x11\x5c\xb3\xb6\x1fw\x5c7\x82\xee\xceh\xa3\
\xf9\xf4\xf4\x0c\xb6\xedx\x09\x07\x0e\xbd\x03\xdb\x8et\x87\
)P\xbb\xf6W\xe5\xe9\x13\x7f6sd\xeb\x14\xe4\x91\
=\xdd\xb1\xe9ol\x89\x0bT&`\xa4\x0b\x0fI\xdb\
\xbcyT<\x80\xe8\x8c\xdfa]S\x1c+\xcb \xdc\
\xff:\x95O\xd5s\xa1\x89\x5c}\xbc\xfb\x0e\x9a\x06R\
B5j\x80\xd2\x80\x939\xa1b\xb5\x029\xbd\x7f\xca\
\xb1\xa9\xe0\xa2\xb0\x8e\xc2l\x7f}\xc0r\xfb\xcd.\xb3\
\x02\xee\x5cP\x05\xc3\xd6=\x87\xc8\xa6\x84I\x99\xc2\x85\
\x89^\xdb\x9c\xbf\x8e\x9c\x0a\xc8\xe2\x13\xe2\xb3*\x9f\xc1\
\xc1Y\xbf\xac-\x93\xc6\x8dW\x0e\xe2\xa6+\x9d\xdda\
\xec\x10\x94\x22\x84\xe0\xfc\xf9\x0bxz\xdbn\xd3\xdda\
\xc6\xa9U\xfe\xd3\xf93\xaf}\x7f\xe1\xfc\xbe\x02\xe4\x91\
=\xef\xa6\xc5U\xf5\x1a\x02\xad8@\x15\x07\x8c\x10\x91\
\x96\xfb\xa50x\x07\xean\xa6\x10\xc3\xb1%\x22\x9c3\
\xbfa\x8d&\xea_U3\xb8Q>\xbf\x0d!v\xa9\
zA\x8a\x04up\xe9\xa5\xf6\x19\xce\xa9R^J\x0e\
~c\xdd\x03\xca\x1e\xb1\x80-\x82V(`\xa9\xd8\x15\
\x05O\x8ebl\xd2\x00~\x8a\x80\xb4\xbdU\xc4dP\
\x1f@BF\x01\x83\x9b\xc3\x1b\xd6\x8dX\x95\xe2\x1av\
udp\xfb\xb5\xc3\xb8v]\xbf\xef\x0e\xc3\x12A>\
\x9b\xe7\x0e\xb3\xdb\xd0\x1d\x86\x1e\xb3\xab\xc5?\x98>\xf4\
\xe4\xc3\xd5\xf9\x8b\x16\xd4#{\xa6\x80\x13\x07\xc4\x22\xc5\
\x14\xa8\x1a\x06#\xc5/\x9b\xaf)8\xa57A\x994\
_\x88\x97P+\x84q\xf9IX`\x08W\xf9\xb8\xdc\
>Hq\x94G`2\x06L\x8bk\xb2\x0cRj\xbb\
\x15\xcb\xe6T\x97\x88h\xc2\xe3I\xc0\xa6\x82B\x9c\x97\
\x8b\xe1U4\x0a\xb0\x88{\xce\xb2+\xaf\x9fu\xee(\
\xc3\xb2\x16\x15xh\xe6W\xe9^Q?\xca\x84My\
\xbf:V\xc5\x00&l\xa0?\x97\xc5{6\x8e`\xfd\
H\xf4\xee0V\xad\x867\x0e\xb8\xee0y\x03w\x18\
j\xbfZ+\xe5\x7fg\xe2\x8d\x7fx\x11\xd4foY\
\x18\x08\x99\xfe\xea\xf2#$\x0d'\xcdV\xfd\xc2\xc0H\
\x0co\x1e\x89\x12\x8b\x0c\xa1Fj6E\xc2\xb2\xf0\xbf\
\x1a6\xa5\xec\x8c\x90\x99;\x15\x18\x10\x07/\x1c \x09\
l\x8cm\xaf_\xbf\x08J$\x94E\x11\xfe?\x05{\
\x8a\x06\xa787\x8fj2:\xe0D\x824\xdef\xad\
a\x80\xe5^\x0f\xd1\xdf\x0e\x0c\xb3q\xc2\xa3v\x94a\
G\xd3\x88l\x5c\xf7I\x10\xf3\x1e\xa9T@\x18\x18\xd6\
\xfd\xbe\xc4aU\xbc\xac\x1e\xec\xc2]\x9bVc\xa8_\
\xbd\x86\x94\xdf\x95\x14A\xb9T\xc6K\xaf\xec\xc5\x8b\xaf\
\x18\xb9\xc3\xd8\xd4\xb6\x9e\xac.\x5c\xfa\xbd\xa9\x03?>\
\xc4\xdc\xa1V\xa9zQ \xa6\x14\x13\xa02\x01\x1d\xd3\
\xbc\xaa2H+\xac\xe9\x22\x9b2UZ\x82d\xf1\xd8\
T\xa8\x01\xdd/\x92W\xf9\xe0W\xc3\xb3%\x22\xc6\xb1\
M\x88\x09Ra,J\x0bP\x8a\xcb\xc4\xf1\xae\x98\x9f\
\x98\x80M\xf9\xff\x05w\xdc\xeb\xaa\x0b6\xa1\x80%\xec\
(S\x0fX\x05\xa3\x81\xecH\x9a\xde\xb8.9\x11\x87\
\xbcnRT\x1cV\xe5\xb7\x03\xbe\x11\xdfsj\xde\xb0\
\xba\x17w^7\x82\xde\xeev\xd9\xb7\x8f\x01;\xdf\x1d\
\xe6\xf9W\xf1\xfa\xfe\xc3&\xee0ejW\x7fP\x9e\
z\xe7k3G\x9fe\xdda\x1aeIa\x8fB]\
*`#6*1\xbc\xde\xdf\xa6\x88\xe8\xd7gR\xbb\
\xf7\xba\xaaA->\x9b\x12\xde\xf9\xd0\xder\xcd\xe4\x18\
\x14\x0bR|\x10\xd7\xd6\x98 \x15\xce\xa2\xd4\x00\xe5\xa7\
l\x90U\xf1\xa0\xc4\xd4/l\x14\x1a\x84k\x00\x8b\xb8\
\xe0\xc2\x00\x91\xa7\x0a\xb2v\xab8`\x85\x10\xe3\xba\x18\
a\xbccL=\xacJ4\xcaS \x93J\xe1\xba\xf5\
\xfd\xb8\xf5\xaa!td\xd3\x01\x18\xb3\x00\xcb\xdckg\
w\x98\x97p\xf8\xd8)\x13w\x98\xbc]+\xff\xc5\xc2\
\xb9\xd7\xbf\xb3pn\xef\x1c\xf8\xe9\x07\xaa[\x1d\x87%\
5\x13\xdc\x00D\x03\x95)\xc8\xc4\x0dGDx<\xd1\
\xd0\x00\xber\xc5*\x9d&=\x8c\xc1\xa6\xbcv(\x0d\
\xe8`\xd5K}9b\x9b90\xe1\x22c\x80T\x0c\
\x80\x92\x00S\xd1\xf3\xf0@E2\xe1Q\x0c\x80\x8b0\
\xf1\x94\x034\xd5\xf6W\xfe\xe8\x1c\xd1\xa8\x82~:=\
X\xc9\xf8\xa3\xb7W\x89\x1b\x82\xb2*\xa04\x11\x14\x02\
\x88q\xd3\x15\xe2\xb0*\x02\x1b\x14\xd9\xf64n\xbej\
\x156\xad\xefG[:\x05;\x84\x7f\x10\x02\x9c<y\
\x06Oo\xdb\x8d\xd3\xe7.\x19\xd8\xa3\xe89\xbbZ\xf8\
\x93\x99c\xcf\xfeCe\xf6l\x05\xc1\xea\x07a\x00\x13\
\x056:\x96\x14\x15\x1e\x05f\x00\x9a\xe7\xeb\x177\x9c\
\x18\xa4\x8d\xdd\x08\xb9\xf08E\xf3M\xaa\x97Mq`\
\x18\x06v$H#\xb3\xaa \xc0\x079\x0eL\x1a\x07\
)\xd1=F\xc5\x9e\x94\x0cQ\xb8\xa6QW\x98r\x89\
\x5c\xa8\xa1\xaax\xe2\xb3,\x8ea)\xd9\x95{mT\
\xaa`\x04X9 D\x02\x9b\x94[3\x15\x98\x8e\x97\
N\xa7\x02JoU\xe8\xeb\xa6y\xdf\x15\xe8Em\xa0\
\xa7\xb3\x0d\xb7_;\x82+G{|\xf7!\xbeX\x17\
\x16\x09`\xdb6\xde:x\x0c\xcfl\x7f\xc9\xcc\x1d\x86\
\xdao\xd7J\xb3\xbf?\xf5\xd6C\xcf\xd8\xd5\x22\x05\xbf\
D\x8bI\x8f\xeaeI\xc6\xecI%a@U/\x9b\
\x8a\xcf\xbeh\xe4\xf3n&\xe2\x1b\xcf\xfcrl\xc6?\
\x0f\x99\x1a\xa0\xbd\x1c\xc2\xb1\xe8NC\xd4\xb9\x94\xf5p\
\xc9\x05\x00ckQ\x80P\x14H\x11\xfe\xbf\xf09U\
|\x02E\xbdB{t\x97E\x14\xaa\x86\xb5`\xe0\x8f\
*@K\x06,\xe2fR.#\x0c\x05s2\x01+\
\x8eZ\x09o_L\xd5-6\xabR\xb2+'pU\
_\x07\xde\xb3q\x04\xa3\x03]\xee5Q\xbf\xdb)B\
P\xa9V\xb0\xe7\xb5\xfd\xd8\xf1\xc2^\xcc\x17\xa2\xdda\
(\xb5vU\xe7.\xfd\xde\xd4[?\xde\xebV+>\
\xd4Q\xcc\xa6^\x96\xd40\xabj\xc6\xcc\xf4&\xa4\xaf\
\xdf\x98nF\xddb2+\x81\x09\x99\xb1\xa9\x88\xe9\x08\
\x22:\x84\xaa|\x0cnp\xc6s\xa1b\x03\x90\x8ad\
QZ\x80R\x5c9\xc5e\x0c\xc5)U$\x07^\xc1\
\xd6W@\xc0\xb4|\x10bUB\x1f\x10\x9c\x84\xa2*\
h\x0aV>0\x91\x08{\x95\x974\x84M5\x87U\
\x05\x87\xeb\x86r\xb8s\xe3\x08\x06z\xb2N\x1fX\xeb\
=G\xc4\x08\x0a\x0b\x0bx\xfe\x85=x\xf9u#w\
\x98\x1a\xb5k\x0f\x95\xa6\xde\xf9\xea\xec\xd1gN\x22\xb0\
G\xe9F\xf0L\x01$.K\xaa\x9bU\xe9\x80\xaa\xd9\
l*\xaa\x9c\x06E~\xd1\xe3\xccD\x8f2\xa2\xeb\xf2\
\x85[\xd35\xe5\x85\xb1*E\x80\x04R~y\xf5\x83\
\x94\x9fR\xc6=\xaeN\xa9\xbb\xaa@\xa3+\xec\x09\x95\
\xc0\x8b\x1f\xeds\xd2\xc8\xfb\xf5i\x96\x11F\xc4h\x9f\
\xffZ\xb0>w\x8cs\x8b\xc4ld\x150\xb8z\x8a\
\x89\xa0\x9cj\xa8[\x9dS3\x02\xe8\x15O\x9d\xfbx\
\xf5\xda^\xdc~\xcd0\xba:\xf4\xee0\xde\x87ez\
z\x06\xcfl\xdf\x8d\xfd\x07\x8f\xc3\x8av\x87)\xda\xb5\
\xf2w\x0b\x17\xde\xf8\xd6\xfc\x99=\xac;\x0c\x98\xe6\x89\
\xc7\xd0\xa4a\xcf\xeb\xfd5-\x87\x93f\xad\x9e\xd0H\
\x9a\xe6\x80\x96Nw\xe3\x00\x81(\x81\x02\xca_\xa2,\
W\x9a\xd5-U\x17\xce\xa6d\x9e\x12\xa4\xe1\xa7)\x88\
\xc6s\xb6\xc88 %\x02V\xd0.\x13\x80\x92\xda\xab\
\xb9[b\xb0\xf2]\xa3l\x1d\xa2-\xca\x0b\x95\x99\x8d\
\xc7\xae\xd8\x89\x9e\x9e*\x1855A\x98u \xcf \
g\xa6\x01\xa8\xd6\x8fbg\xad\x1b\x91\x01\xe9\xb5\xe3\x01\
\x8f\xc5\x05\x0a\x8a\xb6L\x0a\xd7_1\x80\x1b7\x0c\xa2\
=\xc3\xae!%c\x08!\xc0\xd9s\x17\xf0\xd4\xb3/\
\xe2\xf8\xc9sa\xb7\xc3\xbb\xc6\x93v\xa5\xf0\xe7\xf9\x13\
;\xffsi\xea\x1d\xd1\x1d\xc6\x14@T\x0d\x8a\xea}\
\xa3i$\xc9h\x0aR\x9d\xc7eSq\xd3\xd5-:\
\xf0P(/\x11\xdd%\x11\x8de8\x85f\xa4/\xb4\
\xd3\xcc\x89\x88\xab2#\x94[\xa5tui6H\xa9\
\x00*\x1a\xa7B\xaf*\x1b\xe8?\xa1\x22hq\x80\xa5\
\xde\x0d\x99\x80\xf0\xb6\xab(\xb0\x820}\x805Gk\
\xedU\x01P\x82\x8de@\xcb\x8cU)\xdet\xaf\x9d\
\x04\xa06EW6\x83[\xaeZ\x85k\xd6\xf6#\x95\
Rk\x8b\x81\x8aKq\xe4\xe8\x09<\xf9\xecn\x5c\xb8\
4eb4?Q+\xe5\xffx\xe6\xd0\xe3\x8f\xd4J\
\xb3\x9e;L\x5c\xf6$\x867\x9b-\x19\x83\xa2\x891\
\xdd4|\xc9\xc5\x5c5\xd1\xcfDo\xb8\xbbQl\x8a\
s\x22V\xb36\x0e0%\xe39S\xb4b\xba\xb9\x1e\
\xa4\x88T\x9d)@\xc9W\x80\xc4\x7f\x0a\x5c{\x13[\
\x9f\x0cZ<`\xe9\xd9\x95!X1L\xc8\xb7Ii\
\xedU:6\xa5gDZb \x00\x9e\xe4\x03H)\
\xfarY\xdcq\xed0\xc6\x86r^\xcf\xd5E\xb9\xee\
0\xfb\xde|\x1b\xcf\xecx\xc5\xc8\x1d\x86R\xeb\xf5\xea\
\xfc\xf8\x1fN\xbd\xf5\xe3\xdd\xc1^^\x0dM!h\xb6\
\xc4\x05J\x09\xa8\xe2\x82S\xbd\xec+\xaa\x5c\xf3\xee\xb2\
O\xbe\x82\x9e\x04\x18@\xb8s\xb9\x15:\x95\x8d\x05\x06\
\xef\x97g8\xeayS*6\xc5\xa3\x0d\xd76?V\
\xad\xf2\x01\xea\xba\xb8v0\xf5\xa8@J\xc9\xa2L\x01\
Jdb\xf5\xdc+0+O\x8a\x9b\x85\xba\x07,`\
\xa9\xd8\x951X\xf9#o\x8c\xea\x07\xde\xb8\xce\xad\xed\
\xa4qkQ\x83\x97\xf8\x1b\xe4\x15\xb7hW\xc9\xc8@\
'\xee\xbcn\x04C\xbd\x11\xee0$\x85r\xa9\x88\x17\
^\xda\x8b]/\xbd\x81b\xa9l\xe0\x0eS{\xa6<\
}\xf2\x8ff\x8e<}\x08\xfa\xa9\x07l5\xf5\x867\
\xcc\x92\xe2\x84\x9b\x1a\xd3M\xc3\xd1`x\xc3R\xbf\xda\
\x17\xa5\x9b\x1a49\x92M\x8508E\x84na>\
6]= \xc5\xba\xe8\xb0\xf5\xc8\x00%\xe4\x8dy9\
|\xa1\x8al\xc4\x05--`\xa9\xd9U$XA\x8e\
\x97\x8d\xeb`\xd8\x14\xaf\x02\x8a\x9b/\x84\xdb\x99\xf8~\
\xc9o%\xcb\xe0\x9c\xb2\xd7\xaf\xee\xc1\xed\xd7\x0c\xa1\xa7\
\xab\x8da}l\x83\x82v\xcd\xe5\xe7\xb0m\xc7Kx\
\xed\x8dC\xa8\xd6\xac(\x90\xaa\xd8\xb5\xf2?\x14.\x1d\
\xf8\xb3\xf9S/\x9fG0\xb2\xd7\xa8\xfa\xd5T\xc0\xa9\
\xa3>\x00\xad\xdd)9Nxc\x1fj\xa3j\x82\xf8\
p@R\x97e4%AQ\xa6\x9a\xc1\x05\x85)g\
\xafC\xad\xf2A\x8cck\x92\xb1Q\x01R\xe2\xb20\
\xdc\x01\x07PR\xbd\x0a\x005\x167\xb9\xcf4\x18\x86\
\x13\x00V\xc0\xb7\xb85\xcf=\x03\xba)X\xa9\x96f\
A\xc0\x9e\xb8i\x09\xaav\xeaTA\xef\x97cS\x0a\
0\xd3\xbcn\x99\xb4\xb3\xd0\xdd\xcdW\xadBG{Z\
\xf2\xd9\xe30\x94\x10\x5c\xba4\x8e\xa7\x9e}\x11\x07\x8f\
\x9c\xf4\xc1V/t\xce\xae\x14\xffj\xee\xd4\xee\xbf)\
N\x1cfw\x87i\xb5\xc4V\xe1\xea\x15\x16\xa8\x9a\xa5\
\xf6\x89\xe7\xa6\xe1\xf1/\x91\xeaT\xa9\xfe)\xd4>\x11\
I\x046$\xf9\x0e\x82\x8f\xd7\xa2\x9dH{\x18@\x88\
\xcc\xa2\xbd\x22\x9a\x85\xf9\xc4\xb6r\xa0c\x0eR\xa1\x0c\
J\xa1jF\xdd\x0b_\xa8\x98,\xb8v,h\x11?\
\x8c\xf8\x0c\x8b\xdd\x82\x9dU\x05\xa3\xc0J\xf2\xcb\xe3\xec\
UAsU\xebHy\xe1J\xc3z\x08\xab\x92\x01-\
`w6\x05\xb2mi\xdc\xb0a\x00\x1b\xc7\xfa\x91I\
\x85\xed\x0e\xe3\x94p\xe2\xe4)<\xb1\xf5\x05\x9c:k\
\xe4\x0es\xc1*\xe7\xbf1st\xeb\xff\xa8\xce\x8f\x8b\
\xbb\xc3\xe8\x9a\xb8\xd8\xe1\xbas\xe3\xf08\xc6\xf4\xb8j\
\xdf\xe2\x0a1\x0a\xd2\xc6\xd6\x83\x9e\xa1lJ\xf3\xc2\xeb\
g\xb2\xeb\xd8\x14\xcbn\x88T\x1e\xd7\x06m\xd1\x0au\
P\x97\x86)\x9fh.\xaa\xf15b\x12R\xe1\xc0\xb7\
F\x11\x1e\xb0\xa8\xef\xff'\xb2+3\xb0\xf2\xc1\x86\xa1\
U\xd2\x0e\xc7\xaa\xd7Bx\xd5t\xfa\x92\x88_`\xeb\
\x12X\x15\x05\x90\xebl\xc3\xadW\x0fa\xc3\xea\x1e\x1e\
\xebD\x10\x05@-\x1bo\xbd}\x04Om\xdb\x8d\x89\
\xa9Y\x03\xa3\xb9}\xa8\xb60\xfeo\xa6\xde~t\x1b\
\xb5*6\xe4\x9e5\xaa\xa6E\x85\xc7y\x12\x1a\x9a\x02\
a2=\xa1\x19\xd2R0#\x82\xa1\x97?S7\xa3\
.\xb5OT\xb9B{E\xd4e\xe9R\x19 %O\
\xe6\x84%c8\x90\x222\x00)Y\x97\x90\xc6/J\
\xa6\xabjXWtF;\x10F\xb9\xac\x81\xba\xc7\x00\
\x16\x0dJV\xed\xc3\x17\x05V\x81A[ A\x0cB\
H*\xa0`X7gU\xe0\xeb\x82\xfc\xe6\x0d\xf6d\
q\xfb\xb5\xc3X=\xd0\x85\xb0\xf7\x9c\x10\x82J\xb9\x82\
W\xf6\xbc\x89\xed\xbb\xf6\x18\xed\x0eC\xed\xda\xee\xca\xec\
\x99\xafN\x1fzb\x9f[-\xfb\x04-%\x085C\
\xa42\x9bm\xa32e[Bx\xa3\xd7)\xa2:\x22\
\xbc\xcf\x11:\x98V\xed\x8b\xea\xa5\xcewPQ/\xef\
\xce\xa2\xb0u\x09lJ\x5c\xd7\x8a\xad\x97gr,\xeb\
\x8a\x9e\x9d.k\xaaD8\x17:)\x82\x5c\xd4\xb5q\
%\xd8\x86\xdd?\x83\x1fD\x83\xb6\xc9;\xca\x98\x83\x95\
\xcf\x9d\x08\xe49M>hA\xcb\xa6LW:\xe02\
I\xc7\x8e\xacY\xd5\x8d\xdb\xaf\x19B\x7f.+b\x9b\
0\xb7\x8a\xa0\xb0P\xc0s;_\xc1K{\x0e\xa0l\
\xe2\x0ecU\x1e+^:\xf4o\xf3'w\x9d\x84\xbc\
\xf2\x81\xae\xaa\xb8\xe1qY\x8f1;\xaaG<\xa02\
\x04\x14mx\x9d\x00\xd5\x18\xd3\x22\xba\x00\x11\x10\x22J\
\x89\xa3\xf6\x11)\x0f\x89\xc8k\x06\xa4\x91\x0d\x10\xd2\xa8\
T>n\x0a\x01\x11k\x0ec]f\x00\xd5\xc8\xcdb\
\x01\x93\x05-\xd5~}a[[\x85\x82\x15\xaf\xf1I\
\x01jga\xce\xa9\x06\xf2\xb0\xa0P\x8ew\xa8\xf8\x05\
\x05H\x8a\xe0\xaa\xd5=\xb8\xf9\xaaU\xe8V\xb9\xc30\
U\x10B059\x8d\xa7\xb7\xbd\x887\xde:\x06\xcb\
2p\x87\xa9\x16\xffn\xfe\xcc+\x7fY\xb8\xf8\x96\xe8\
\x0e\x13v\xe9[\xa1\xfe\xd5\x9b\xae\xaez\xa3\xa6'D\
\x857C\xa5\x8b_\x86A\x0eb\x10[\x8f\xda\xa7g\
c\xec\xaf\x020\x88.\x8b\x01\x9b\x12TN\xb5\xcaG\
\x84\xeaY\x801\x07)\xd1\x1e\xa6{o\x0c\xb6\x00\xf7\
\xc5\x9b\x86\xc0\x95\xec\xb3)W\xd9\x12\xd8Ul\xb0b\
\xe6C\xf1\xf6\xaa\x086\xc56\x8a\x9a\xa4\xd50)\x0a\
\xb4\xa5S\xd88\xd6\x8fM\xeb\xfb\xd1\xde\x96\x12\xe6o\
\x89\xd7\x0f8{\xe6<\x1e\xdf\xba\x0b\xc7N\x9c\x0b\xbd\
\xd6N\xf9t\xca\xaa\xcc}{\xf6\xf8\x8e\xffZ\x99=\
\xa3\xdb\x1df9KC\x80U\xcf\xe6\x0e\xcbR\xc4\x97\
?\xac\x0bD\x99QPmtj\x9f\xb6d\x81\x99\xe9\
\xe8^8j\xc5\xe9\xa4T\x1f\x0bRA\x98\xd0o\x1d\
H\x89,J\xc1\xa0\xe2\x80\x93\xd4l&\xaf\xbf\xe2\xa6\
\xfb\x9f\xc7\xb0L\xf6\xe1\xd3\x82\x157\xfa\x17\xe8nf\
K\xb0\xc8\xacJJ\x0f\xdd\x14\x05\xc0\x06\xd0\x91\xcd\xe0\
\xa6\x0d\x83\xb8zM\xaf\xbb;\x8c\xa8\xef\xb1\xef\x1f\xc5\
\xa1\xc3\xef\xe0\x89\xad/\xe0\xfc\xc5I\x13w\x98S\xd5\
\xc2\xd4\xd7g\x0e=\xf1\x98U\x99\xaf)\x9e\x96FY\
\xcbR\x8aQ\x9bLg\xa67\xda\x90\xd6\xf5R`\x00\
\xaa\xda\xe5\x17\x19:41\xd0\xbe4+\x85Ft\xbd\
\xa9l\xca;\x12A\x96M\xc3\x02\x0d\x09\xc0\x22\x1c\xa4\
\x14\x00E\xf4\xbd4\xc1-\xe5\xcck7\xa3\x04X\x8a\
\xddb\x9cp\xc5\x82w\xec\xcb/\xaaa`\x9e~I\
u#\xd0\xce\x0f\xe0\xd0H\xfc\x95\xf4J\xbf\x7f\xbd\xdd\
m\xb8\xed\xaa!\xac\x1d\x8a\xdeR\xbdV\xaba\xef\xbe\
\xb7\xf0\xf4\xf6\x9713;\x1f=\xb2g[oT\xf2\
\xe7\xfex\xfa\xd0\xe3\xbb\x0dv\x87\xd1\xf5(*\xbcQ\
`k\x05\x00re6\xd3\x98n\x0aHM\x01.\x1d\
aa\x7fM&&\x9a\x10\x9a\xe8\xbad\xb6\x14\x0a\x8e\
qX\x94\xb2N\xbd\xca\xc7\xe3/\x0b<\xf1A*\xce\
&\xa5\xdaf\x13\x80}\x869\xa2!\x02\x16\xcb\xaeL\
V\xe7d\x18S\xd0\xa6\x10\x15\x10<V\xe9X\x958\
\x02\xa8dUn\x8d\xc3\xfd\x9d\xb8\xed\x9aU\x18\xea\xed\
\xe0\x96\x0b\x96\x90\x80\x10\x94JE\xecz\xf15<\xff\
\xe2>3w\x18\xab\xfa\x5ci\xf2\xe8\x9f\xcc\x1e\x7f\xee\
0s\xc1\xc3\x00a\xb1\x00g\xd1\x01\xac\x153\xd3\x17\
Q\xfc\xb9\xcc\x8c\xef%\xfb5\xf5>\xb3\xd0\x1aB\xb9\
\xb93\xfe\x03\xcc\xff\xaa\x9eP>\x0du\x1fzu\x1e\
\xee+\xafh\x03W\xbc\xb6\x1dD\x1d\xcev\x93\x92\xc0\
GN\x8c\x0b\x9a\x1e\xa4s\xcf)\x03b\x94\xb9\x8a\xec\
\xeb\xef\x1dP\x16\x18\xd9;\xa1z\xe7\xd8\xb9F~\xba\
\x80\x89\x04a\x84cW\xbej\x17\x01VL\xb3\xd4*\
\xa0\x7fc\xd9\x04\xdc\x13\x12\xe7Q\xf3\xcb\xf0@nl\
U7n\xb9z\x95\xeb\x0eC\x15\xe9\x83\xb6\xcf\xce\xe6\
\xf1\xcc\xf6\xdd\xd8\xb3\xf7\xa0\x99;L\xb5\xf4\xe0\xc2\xf9\
\xbd\x7f\xbepn\xaf\xb7;L+T\xb6\xa5dL\xb1\
\xa4\x1e\xa0ZT\xe6\x14UjW6\x83\xc1\xdeN\x10\
\xd1\xc9\xd7}\x11Y#8{\xae\x9dT\xe9\x96\xa3_\
\xb2X\x15\xae\x8b\x07_\x17[\x8fJ\xbd\x0bS\xfb\x14\
uHi\xb8~\xe8\xc2\x88t\xacZ\xdb\x8a\xbb\xe4\xa1\
\xcc\x0a\xa8Y\x14\xc5\xb2\x05\xc9)E`h\xdc\xc7\xc4\
eZ\xdc\x8e2\x08\xd4<O\x15T\xaev\x00\x06\x90\
<P\x03\xe5><Q\xabr\x06\xecJ`U\xe2l\
uQS\xa4@:Ep\xf5\x9a^\xdcx\xc5\x00\xb2\
\x8c;\x0c\xff6;m\x02!\xb8xq\x1cOl\xdd\
\x85\xb7\x0f\x9d\x80\xad\xb9\x9eL\x05sVy\xfe{s\
'_\xfcO\xa5\xa9\xe3\x8b\xe9\x0e\xd3\x0ci\x19\xf0\xad\
pF\x05\x5c\xbd\xb6\x1f\xebGz$\x10\x00\xa0~A\
\xdd\x08\x9d\x1a\x14\xe4S\xa8TA\x06F\xeb\xe3\x1f:\
\x0e\x88\x982\xfd\x10\x22\xa6%\xe1\xe53\x85\xb2*\x1a\
\xd7S\xa1\x7f\x92\xfa\x07\x1eX8uO\x0a\x03\x84\xd2\
5qA\x1f&\xf2e\xec?9\x03\xcb\xe2\xe3\xa8p\
\xe4\xb7\x81aZ\x22\xc3Rno\xc5N\xca\xe4\x96}\
\x11\x96\x12\x16'l\xfa}PO30\x7fU\x9cz\
l\x00\xedmilZ\xdf\x8f\xeb\xd6\xf6!\x93&\xae\
\xba\xa7/\xec\x9dwN\xe1\xb1\xa7v\xe2\xe4\x99\x8b\xc1\
\xc7T'\xd4\xbeX+\xce|k\xe6\xe8\xd6\x07k\x85\
\xa92Z\xc7\xa4\xa2;\xbc\xcc\x8c\xee+\x1e\xa8\xda2\
)d\xdb\x9c\x8f\x0e\xfbR\x07\xe7\xce\x7f\xe2K\x1e\xbc\
\xc7\x8a5\x99\x04\x84\x89\x05>^\x06\xca\x03%\xa8\x0e\
\xd4T\xf5\x08\xcc\x8c\x0d\x15\x9e\xf4\xb02\xe2\x80\x94\x10\
\xa2\xbeV\x0a!\x84\xa0=Ss\xea\x10\xdb\xc6\x1e\xf9\
\xe0D\x83\xa2\xfd\xa9\x05@\xf8\xf6Vj\xb0\xe20\x08\
\x02\x16E\xb2*\xc5\x08 \x82yYb\x06j\x03\xb9\
\x8e\x0cn\xbar\x10\xeb\x87s\x81\xda\x0d\xe6\x8df\xee\
\xb3eY8\xf0\xd6a<\xbe\xf5\x05LL\x1a\xb8\xc3\
\xd8\xd6\x91\xea\xfc\xc5?\x9d>\xf8\xf86jW\x03\x0d\
<\x11\x00+\x14\xa8\xc4;\xa8\xf2\x15e>\xb2|F\
\xe9<\xfc\x99\x90\xa8\x7fH\x1dR\x9d\xe2\xcb\xc4T\x15\
~\xee\xbe\xbc\x9e\x1d-\xac\xf9!\xdda\x08\x8c\x90G\
\x82$!\x1d\xd1\xe6\x97\xc5\xe7F\x8cUK\x91\x87\x01\
H\x1aL\x98\x0a\xda\x8c0\x9b\x14x\x1b\x22\xd8\xfd\xf7\
\xfc@\xe1\xe2\xd7\xc1\xaa$\xe0#\xfeL\xf9\x81\x9e,\
n\xbdz\x15F\xfa:AC\xae\x08!\x04\x95J\x05\
/\xbf\xb2\x0f\xcf\xeex\x15s\xd1\xee0\xa0V\xf5\xe5\
\xf2\xcc\xc9\xaf\xcd\x1c\xd9\xba\xcfm\xc5R3\x9ae\xc5\
\xa6\x80\xfa\x80\xca\x14\xed[\xfcU u\x97\xae|M\
\x8922$\x9fA\x1d\x22\xbb!\xaaD\x92\x96&\x9d\
\x877@Gcd:\xa4\x9a\x1b\x16\xc9\xc0\xc2j$\
\x0e\xc3\xf3\xd9\x94\xc8f=\xa1\xfc\xabM\x5c\xc0\xf0\x18\
\x16\xb7\xe0\x9d\xe1\xf6V\x9a\xd3\xbaYU\x186\x8c\x0e\
v\xe2\x96\xabV\xa1?\xd7\x0ej\xebR:\xd7ba\
\xbe\x80m;^\xc6\x8b\xaf\xbci\xe4\x0ec\xd7\xcaO\
\x15.\x1e\xf8\xb3\xf9\xd3/\x9f\xc0\xd2\xa9z\xcd\x12\xd3\
\xb6\xc7\xee\xe3\xcabT\x91H\x11\x03JHX\xb0a\
9J53N\xd5\xe6\xed%*x\x95\xb57}\xc9\
\x8a\xaa\xe2\x82\x14\x89J\x10r\x9d\xfc\x5c\xc2~}\xe2\
\xdc)-Xy\xf6*v\x0a\x81n{\xf40V\xa5\
\xea\x94b\x84\xd5i\x13\xc1\x86\xd59\xdct\xc5\x00:\
=w\x18\x05U\xf7\xae\xcb\xe4\xe4\x14\x9e\xdc\xfa\x02\xf6\
\x1d8\x02\xcb\xb2\xa3\x8c\xe6E\xbbR\xf8os\xa7_\
\xfeNq\xfc\xd0$\x96\xc6h\xde2`i\xb64\x13\
\xa8Z\xc8\xb4Hd\x0c\x11_\xda\x10\xbb\x92Y\xc9\x8a\
\x17\x99\x98\xe4#\x06!\xfalD\x09\x18:6&\xc0\
\xaaP\x06\xcb\x12E\x00&\x91\xc0%V\x15\xde\x0bB\
\x02\xc38'\x94\xfb\x01\xb7~\x94Wl\xc4&\x0d\x5c\
CBV<\xe0\xe6;)X\x95z\xf2\xa6Z\xda2\
)\x5c\xb3\xa6\x17\x1b\xc7\xfa\xd1\x9e!r[\x84k~\
\xe6\xcc9<\xfa\xe4\xf38\xfa\xceY\xffzh\x85\xd2\
\x99Zy\xf6;\xf9c\xcf\xfd}e\xee\xbc\xe7\x0e\x13\
\x06\x06\x8d\x02J\xb3\x01i\xd1\x01N\x04\xaaV\xa8k\
\x0d\x97Im\x0b\xd4\xb6a\x0b\xe39\xec\x97\x9a0\xff\
)_\x5c\x8d\x01\x5cJ\xabS_\xa4\xf5\x9a\xf8\xf3p\
\x1f9\xa2\x01R\x22\x9c3\xed\xd7\xb4W\x9b_\xec/\
\xd7'\xb9GR\xfb\xa4\x0e\x03\xa9T\x0a\xa9T\xd8\x87\
\x9e\xb0\xb9\xa1\xbc\xcd\x84\x99I\xe5Ocrs\x18n\
\xd2\xc0\xab\x80LU\xday\x07j&\xa5\xce\xc2\xab\x7f\
\x94Rt\xb4\xa7q\xc3\xfa~l\x18\xedA\x9a\x10y\
\x8e\x14#\x94R\x1c:t\x1c\x8f=\xb5\x13\xe7\x0c\xdc\
a(\xb5O\xd7\x16\xc6\xff\xdd\xf4\xe1'\x1f\xb7+\x05\
K\xb8h\xf5\x02@\x5c\x80Z\xb6\x80\xa4+sY\xab\
~\x84\x10\x14\x0aE\xec\xd8\xf5*:\xb2\xed\xbe\x0a\xe0\
\xc6FdV\x1e\xea\x13E\xc5\x9aBm\xd4\x10tT\
vm`\x8c\xb6\xc6i\xaf\x9bX|[\x08!\xc8v\
d1\xb2n\x0c\xab\xd7\xae\xc5\xbaU\xdd\xe8\xebjc\
L\xe7|\xd3\x04\x13\x15\x87(\xc1!\x95\x01+\x02\xac\
\x82\xa9\x0d1f\x91\xeb\x08\x93\xa8\x22JFu\x8a\xde\
\xae6\xdc|\xe5 \xd6\x0cv\xf1\xdd\x90\x8ar\xdca\
^{\xfd\x00\x9e|v\xb7\xa1;Lm\x7fe\xf6\xcc\
\x9f\xce\x1c~j7\x0d\xdca(\xcc\x01\xa5U\xccj\
\xc9U\xbb(\xf1\x80Jd=Q\xe7Q\xe1\xa6\x12v\
\x93\x00\x00\xa5r\x15\xfb\xde:\xb6\xc8\x97r\xd9\xdf\xb7\
E\x93\x8e\xce\xfd\xb8\xf1\x8e;\xf0\x93\x9fx/\xfa\xba\
\xdb\xfd}\xf6$\x12\x15b$\xf3\xc0\xc9\x07\xad\xa8\xa5\
\x84\x19\xb0R\xba\xe6\x85\xb2)&\x91b\xf9\x17eR\
W\x86\xfa:q\xf3\x95\x03X\xd5\x93\xd5\x8e\xf4\x02\x00\
I\x11\x14\x0bE<\xff\xc2\x1e\xecx\xe1u\x14\x8a&\
\xee0\x95\x9d\xc5\xf1\xc3_\xcf\x9f\xd8y\x88\xb9:\x8b\
\xc5x\x9a!\x8d\xd6U/\x18S \x9aQ\xd5\x0bX\
M\x05\xb6\x14!\x8d\xc1alY\xd4\xca\x96\xb5\x94K\
E\x1c?\xf86\xca\x1f\xbc\x15\xa9\xa1\x1cl\xcd\xf3F\
\xa0c\x92\xf2\x8e\xc8\xa1K\x093\xc6l\xbfd\xcd\xda\
\xe6jV\xa5\x02#\xfd\x88\x9e\xd7\xf6\xb5\xab\xbap\xd3\
\x95\x03\xc8u*\xdca\x98qG\xb8\xee0O?\xfb\
\x22^y\xed-Cw\x98\xe2C\xf3g_\xfb\x8b\xc2\
\x857\xcfc\xf9?\x5c\xcdV+\x9b\xc2\x16\xebU\xfd\
\x9a\x0dX\x16\x12Y\x96B\x08A\xa9\xb0\x80\xf9\xfc,\
@F\xa0\xb2*\x13\xefC\xa2\xd1[\x89\xabV\x05*\
\x1e\x03V\xf0\xe6~\x89`\xa5aSA\xb1\x1aV%\
\xabw\xbc1\x9d\x8dw\xdca\xae\x5c\xdd\x83\xeb\xd7\xf7\
!\xdb\x96\x0e\xd9x\xc1\xe9\xe7\xf9\x0b\x97\xf0\xd8S;\
\xf1\xd6\xc1wL\xdca\xe6\xad\xf2\xdc\x7f\xce\x9f\xd8\xf5\
\xbd\xf2\xf4\xc9Y\xa8\x8d\xe6T\xf8\xd5\x85\x9b\xa6k4\
<J\x9a\x0dPF\xa2\x02\xaaE7\xa8\xdb\xb5\xca\xe9\
T[\xd7\x02\x80\x9e&\xd7\x9bH\x13\x84\xda\x14\x95r\
I\x0ag\xb1I\x87S\x01\x9b\x22.@\x05\x13=\xfd\
\xd1>\x04\xccJ\x9c\xbd\xab\xf5\xc1\x83h\x08\x8f\x16\x16\
\xd3l\x0a\xb4g\xd2\xb8n]/\xaeY\xd3\x8bL\x8a\
p\xab\x1f\xa8H\xd8\xb1\xe3'\xf1\xf0\x13\xcf\xe3\xe4\xe9\
\x0b&\xee0\x97\xaa\x85\xa9o\xcf\x1e}\xe6\xc1Zq\
\xdas\x87\x91.\x8d\xee\x92\x99\xdc\x96%\x0a\xaf7]\
\x1c\x91\xca\x8c\xc3\xa8\xe2\xaas\xa6\x80G\xaas\x17\x0e\
e:z\xdf\x06I\xdd\xdd\x82N'\xd2d\xe1\xc73\
\x18K\xbar\xd0\xcf\x9b\xd6\x09\xdf`\xce\xa9\x83\xdc\xf6\
V\x221\x0aW\xd9\xf86\xa9\xd5?\xbe\xd5A[\xba\
;2\xb8q}?\xd6\x0du\x07\xab\x8b\xaa\xcau\xdd\
a\xde\xdc\x7f\x08\x8f=\xb5\x0b\xe3\x933&\xee0\xc7\
*s\xe7\xfel\xe6\xf0S\xdb\xa9U\xf5v\x87\xf1/\
\x83*\x8b\xe6\xbc\xa5,%\x86,\xb9\x11?\x15\x92\xa9\
Y\xd41*?\x99=\xbe}\xdc*\xcf}\x0d\xd4\xde\
o\xda\xf0D\x96F\xfc\x01Ho::\x09\xecS\xaa\
?o\xea:\x11\xf2\xf26x\x06\xe4\x88<\xd9A\xb7\
\xaa\x84\xd6\xa0/\xac\x98!NC\xeb\xef\xce\xe2\xcek\
\x87|\x9f=\x08\xd9\xfdsBP\xadT\xb0\xeb\x85=\
\xf8\xe1\xc3\xdb\xcc@\xca\xaa\xbeZ\x9a<\xfa\xdb\xd3o\
?\xf6,\xb5\xaaa\x1fq\xf6\x17\x9asD\xa43U\
\x17\xe3\xe6\xab\xb7\xdef\xb5[\xca\xdf\x8a\xe9\x09\xf50\
,:\xbe\xf7\xef\x9f\x1d\xbc\xf1s\x172]\x83\xf7\x11\
\x92Z\x0fB\xda\x22vjT\xf5\x8d/\xdfwj\xe3\
\xd4\x03E\x1b\xa8&\x9cI\xef\x17@\xc3\xd3)\x06\xc5\
\x15\xd5\x11\xa9U\xda\xfai\xd8\x9b!\xb4-2\x9f\xae\
\x0e\x90T\xa6/\x95\xe9\xbc\x1b\x84d\xc3*\xa3a/\
*\x91\x8a\x0d\xa8\x04q\x955\x7f\xda\x80\xbc\xee\xb9\xaf\
\xc6ig\x9a+\xda\x13\xa9\xfe\xf1\x0cnu_'n\
\xda0\x80\xben\xf7\xf1\xa2\xea<\x8e;\xcc\x02\x9e\xd9\
\xfe\x12v\xbd\xf4\x86\xa1;Lik\xe1\xc2\xfe\x7f7\
\x7f\xe6\xd5\x93\x90YT\xbd\xbf\xd0\x9c\xc7\x91\xc5V\xfb\
\x9a\xce\xf0t@%\x9a)\xc5p]\xfaF\xc2\xc9\xd4\
[?>\x00\xe0@\xba\xa3\xbf=\x95nKy\x00B\
)e\xbe\x99\xec\xf83<\xfd\x80\x0fw\xdf\x04~\xbc\
\x89z/\xb5X\x96b\x80\x9d\xad\x8f\x9d\x08\x14\xe4\xa1\
|\x1e\x22\xe5\xe3\xf2D\xa4ETZ\xa6n\x1a\x9a>\
FyA\xdf\xa9]\xb3scw\xdd\xd0\xb5\xe6\x96\x1b\
\x09\xd2Z\xa0R\xd9m|\xf6\xa4\xb0\xd9H\x9b\x8b\x0a\
S\x06L\x96\x12\xe6\xab\x8c\x1e\xbd\xe3l^\x8c\xa4\x08\
\xc1\xd8P7nX\xdf\x8f\xce,k4gR\xbb\x87\
)B019\x85\xc7\x9f\xda\x89\xd7\xdf<l\xe2\x0e\
S\xb2*\x0b\xff0\x7f\xea\xe5\xbf*N\x1c\x9e\x84\x1e\
\xa4\xa4\x8c\x88\x96\xb8F\xf6\xb8\xac\xc5\xb4\x9e\xa867\
ktP\x99\xdetf\xba\x0e\xb0\x9a\x15\xeeI\x0a\x00\
\xb1J3\x96\xe5\x8c\x04j\xc9}\x93\x7f\xbdc\x93\x97\
\xbc\xde\xb2M\xea\x88S\x8e..N\xbcwl\x83\xda\
5h\x85\x06\xaa\x1e3\xe0/\x89\x10H\xbco\x03\xf1\
\xbf\x1c\x12XIK\x09kv\x1d\x96W7\x15v=\
\x96\x90-XC*\x93N\xe1\xea\xd1\x1e\x5c\xbb\xa6\x17\
\xed\x19\x12\xb1d0p\xfa\xf4Y<\xf4\xf8\x0e\x1c9\
~\xc6\x0d\x0b\x01)Jgj\xa5\x99\xff\x98?\xfe\xdc\
\x0f*s\x17T\xee0\xaa\xe3z\xc1\x07\x9a|a\x12\
\x95w\xb1\xd5\xb8\xba\xea\x0bS\xfdZ1\xfa\x17V\xbe\
\xf8\xb8I\x8cK\xf8\x85&\xbe\x1eie?\xc3\xfa\xad\
\x03\xf0\xb0\xeb\xa4\xcb\x17\x96.\xea\x18\xfaq\xbb\x90\x8b\
E\xf8l2\xa3r\xc3\x19\xc0\x92\xb7\xb7\x0aZ\xa3w\
\xbf\x8bV\xffTT\x8f\xda@G{\x1a\x9b\xd6\xf5\xe2\
\x8a\x91\x1cR\x06\xee0\x07\x0f\x1e\xc7CO\xec\xc0\xb9\
\x0b\x13&\xee0g\xaa\xf3\x97\xfe\xbf\x99\xc3O>n\
W\x8b5\xf0 \xd5,&\x14VFT\xd9Q\xf9\x10\
3\xfd\x92\x19\xedM\xa6'\xd4\xcb\x9a\xa2~u\xe5\xc7\
\xad7\xaa\x1c\x84\x94\x11\xd5\xb6F\xca\x08\x03\xa4\xa88\
VTqaa\xaa\xbc\xba\xf8\xa0O\xc4\xec!$\x9a\
\x03\xce\xc0\xedc\x90s\x10hx$\x00+n\xf3\x05\
\x9eU\x85m\xa6\xa0\xeb\x86\x14J)z\xba\xdap\xe3\
\xfa~\xac\x1e\xe8\x0c\xef\x93\xeb\x0e\xf3\xea\x9e\xfdx|\
\xeb\x8b\x98\x9e\x9d3q\x879P\x9e9\xf5\x8d\xd9#\
\xcf\xbcD\xa9%6\xb3\x110B\x0b\xca\x88*\xdb4\
}\xdc\xb6\xd5\x0b\x80R;Z9=\xa1\x9e2\x9b\x05\
\x82&\xc0\xa0kK#\xc0\xd3,\xb0\x8a\x93\x1e\x9a\xf8\
0\x11\xdfkj\x90\x87\xd5\xaa\x98\x90\xe0\x97\xf0\xa7`\
\xf7\xeb\xa3a0\xaa\xfdU\xab\x7f\xe1mt`nU\
o\x07n\xbc\xa2\x1f\x03\xb9v\x80ejB;<w\
\x98\xe7v\xbe\x8am;\xf7\x98\xba\xc3\xec*\x8e\x1f\xfa\
\xb3\xfc\x89]\x07\xe1\x9a+`\xfe\xd2\x86\xa9\x82\xf5\xa8\
|q\xebm\x16\x98\xc4\x91FTW\x00\xe6.4\xcb\
\x85U!F\x1a\xd3:\xeb\x01\xa0z\xfb\xda\x08X\xb1\
b\xc2\xae\xa0H\x03}:\x02h\x1f\x1cyE\x0a/\
\xcc\xff#\xaa\x5c\xf0\x8d\xe6\xc1\x08\x1f\xe1T@\x9d\x1b\
\x8c\xa64\xe7Hg\xa7re\xcd`\x17n\x5c\xdf\x8f\
\xee\xce\x8cR\xd5\x0bp\xd0q\x87y\xe2\xe9]xi\
\xcf\x01Cw\x98\xc2#\x8e;\xcc~ow\x18\xf6\xba\
\xb5\x0a\xa4\xeaU\xf9\x10\x11n\x92f\xb1\xd8Th\x1b\
\xa3F\xfd\x1a\x0d\x8f\x93\xb7\x11\x96\x04\x98\xbf\xfc0(\
\xcb\xa4}\xf5\xb4]\x97\x07\x11a&\xf1:1Ic\
\xc4\xa8xC\xb5\x10\x0e~)\x1bo\x09\xdf\x00\xac\x22\
K\xe7\x0a\x14\xd5\xbf(\xa1p\xdca\xae\x18\xe9\xc6u\
k{]w\x18\xaa,\x1b\xa0\xbe;\xcc\xc3\x8f\xef\xc0\
\x81\x83\xc7aSD\x8d\xec-X\xa5\xb9\xff\x92?\xb1\
\xeb{\xe5\x19\xdf\x1d\xc6\xab:\xceoT\x9c\xaaka\
i\x9b\x01l\xcd`vQ\xedo(\xdcD\xf5k\x15\
{2\x01\x87\xa8\xb6\x98\xd6\xa9*\xb7UL(\xea\xfd\
\xaa\xc7\x0e\x05\xc3x \x1c\xe8\x00u\xbb\xcc\x80J\xd7\
\x1b\xc8\x8c\xca\xb1G\x01\xa0\xaa%XX[\x15\x94{\
,J*ZX\x03\xa9\xe3\x0es\xed\x9a\x1e\x5c\xb9:\
\x87L\x8aH\xcb\xc4\x88m>z\xec$~\xfc\xd8v\
\x9c8e\xe4\x0e3^-L\xfd\xfb\xd9\xa3[\x1f\xac\
\x15g\xc4\xdda\xe2\x02Q\xb3Y\x96\xe2j\xc4.K\
\x95\xdf\xa4\xecF\xeb4bS@}\xa3~\x8b\xc1\x9e\
t\xe9\x11#m3\xd57,Q\x1c+&L\xca\x94\
\x80\x88u\xd0\xe8[\x1ad\x95\xd5@\xf7\x94eT>\
\x9b\xe2\xedLaMV&\x09]\xe7\xc5\xf9\xbf+\x9b\
\xc6\xa6\xb1>\xac]\xd5\x15\xfe\x85p\xdda\xf6\xbdq\
\x10\x0f?\xf9<\xc6'f\x0c\xdda\xce\x7fs\xe6\xf0\
\x93\xac;\xccr\x01\xa9f\x00C\xa3\xe0\x03M\xbe\xd0\
\xcb\x1a7\xaf\xa91\xbd\x95\xec)n\x1d\xba|0H\
\xb3\x5c\xc1J%QL*\xea\x18\x9a8]m\xf1\x18\
\x15s\x95\x1d7?\xfe\xb2\x07\xcb\x05\xb3\x1d\x90mR\
r\xa1\x1a;\x95\x1b(\xa2D\x7fw;nX\xdf\x87\
\xa1\xde\x0e\x00\x14:m/\x05\x82r\xa5\x82]/\xbe\
\x8e\xa7\xb6\xbd\x84\xb9\xf9\x82\x89;\xcc\x9e\xd2\xd4\xf1\xaf\
\xcf\x1e\xdb\xb6\x0f\x819n\xb9\x82\x94\xd4|\xcd1\x0c\
\xca2f:!i\x1bev\x9c\xc4Y\x8f\xca\x14\x04\
t\xe1q\x01\xa8\x912\x9a\xa9\xbe5Z\x0e\x10\x0e\x14\
q\xf2\xc6\xb5O\x99\xa63fTDyN\xfc\xd7\xd8\
\xd5\xf6\xe0\xd8\xac\xa8\xbf\x84\x0bT\x933\xeb\x11&\xef\
H_\x07nX\xdf\x87\xde\xce\xb6\xd0\xe2\x08!\x98\x9f\
[\xc0\xd3\xdb^\xc4\xf3/\xee3q\x87\xb1\x5cw\x98\
o\xba\xee0\xa6\xaa^T|+A\xaa\x95\x80\xd1*\
\xd5\xce\x04L\x01\xc4\xb3Q\x89\xe7q\x18N\xbd \x16\
'm\xab\x18\x91N\xef\x08\x8b\xd3\xa5G\x9dy\xa3\x8e\
\xa1\x89\x83\xa2<@\xfd@\xd5\x09\x1dD:\x12\xb55\
\x03\xad\xcfX\xbc\xd9\xe9cC\xdd\xd8\xb8\xae\x17\x9d\xed\
\xd1kHMLL\xe1\x91'\x9e\xc7ko\x1c\x82e\
Q\x13w\x98\x7f\x9c?\xf5\xf2w\x18w\x18\xf1\xfa4\
\x02\x1eK\xc9\xc8\x9a\xa9V\x9a\xf4\x11\x06i\xc3\xd2\xfb\
\x12\xd7)\xb9Q\x96\xd4(\x8biF{Z\xc5\x96\xea\
aW\xcd\xb4O\xa9\xe2\xa2\xa0 \xa8O\xb9\x85\x8c\xb9\
\xc8\xab\xae\x9b\xe63OM\x01d\xd2\x04W\xae\xce\xe1\
\xea\xd1\x1c\xda\xd3)~\x0d)\xb1l\x02\x9c:u\x16\
?z\xf49\x1c>v\xda\x0f\xd3W@gk\xa5\x99\
\xbf\x99=\xfe\xdc\x0f\xaa\x8e;\x8c\xc2\x96\xa7\xecd3\
\xd8\xcfb\x81\x94\xea\xb2\xc6-\xcb\xa4\xbc\xa6\xa8|\x9e\
\xc4\xb5Q\x99\xa4iD\xd5\xd3\x95\x15\x16\xbe\x94`\xa5\
K\x0f\xa8\xdf\xc1z\xecS\xaa\xfc\xaa4qAJ\xbc\
\xde\x0d\x01\x15\x10\x80@\xa8\xed<NyL\x19\x94\x02\
\x1dmi\x5c\xb7\xb6\x07cC\xddH\x91\xa8\xf2)\x0e\
\xbcu\x14?~\xf49\x9c5p\x87\x01\xb5\xcfV\xe7\
\xc7\xbf5}\xf8\xc9\xc7\xecj\xa1&V\xaf\xb8^@\
\xf4\x0b\xbc\x1cA\xaa^5\xcd\xa4\xff\xf5\x80\x91\xd1c\
R\xcf\xcc\xf4\xa5f>\xcb\x09\xac\x00s@\xd2\xa5\x0b\
\xbbYQ\xf1b}a\xe7a\xe54\x0cR\x00o\xc8\
nB\x81\x5c\x19\xb9\xce\x0c\xae\x1f\xeb\xc3H\x7f\x87\x1b\
\xa1\xae\x81\x10\x82Z\xb5\x86\x97_}\x13\x8f>\xbd\x0b\
\xd33F\xee0oUf\xcf|}\xe6\xf0\xd3/R\
j\xb1\xd5\xc7Us\xe2\x02\x98i\x9eV\x81\xd4ra\
j\x91\xd2\xe8\x9a\xe9K\xc5|ZQ>+\xa6\xeaU\
#\xea\x9eXf\xd4\x8dk\xa6\xf1\x5cRi\x88\xef:\
\x5c\x9f\xd0\x90\xe6\xd3\xc8|\xe12\x98k\xc7\xf5\xeb\xfb\
\xd0\xdf\xdd\x1e\x9a\xc7\xd9^\xad\x84m;^\xc6\xb3;\
^5u\x87y\xc1\xdd\x1d\xe6 \xf4\xf7\xa1\x11\xe01\
\x0d3M\x1f\x96w)A\xaa\x1e\xf6i,\xf5\xda\xa8\
\xd8\xe3F\xc0\x04\x11e\xc5\xa9'*\xadJ\xeaU\xed\
\xeaaW\xba\xe30uN\xd7f \xbcN\xc4(\xcf\
\x897\xb4Q\xc9\x94\x99\xcaG.\xe3Q\xc4@\x93U\
\xdb\xf8\xd5\x03\x9d\xd8\xb4\xae\x07\xdd\xd9L\xf8E!\x04\
33\xb3x\xec\xc9\x9d\xd8\xfd\xea\x01Tk\xb5(\x90\
\xaa\xda\xd5\xe2#\x0b\xe7\xf6~k\xe1\xfc\xbes\x08\xdf\
x\x81=\xae\x07\xa0\xa2\xd2\xd6\x0bj\xcdf_Qq\
\x8d\x96\xaf\xbb\x1e\x91R\x0f\xa3jD\xd53)\xabU\
`\x15U\x0e\x0c\xf3\xb1\x12\xc5\xaeTi\x9b\x09F\xf5\
\x1b\xcf\xe5\xfb@\x11\xf3\xe1\x09\x0a\xa2Bn\xca\xd7\xa2\
\xf8\x0d[\x93\x93\xc2Y\xbcn\xfdp\x97\xb3\x86T\x1b\
\xb3\xa5\xba\x22\x1b!\x04\xe7\xcf_\xc4\x8f\x1e\xdd\x8e\xfd\
o\x1f\xf7\xfd\x00CZ\xbd`\x95\xe7\xffs\xfe\xc4\xae\
\xef\x96\xa7O\xcc*\xae\x9b\xc9\x8b\xd5\x8c\x17:*\xbe\
\x95q\xf5\x96#]\xcc\x88\xeb\x80\x18ei\xa5Y\xdb\
e\xb5Z\xd53-\x0fM\xac\x83\x95zG\xea\xa2\xca\
\x84\xa2\x5c(\xd25K\xe5\xd3\xe5\x8b/L\xcf\xa9\x0b\
<\x1c\xf8\xf8X\xc5*\x85Q;\xc68v\xae\xb6t\
\x0aW\x8fvc\xc3H\x0e\xe9\x14\xbf\x86\x94t\x11\x09\
p\xe4\xc8\x09<\xf8\xc86\xbcs\xea\xbc\x89\xd1|\xbc\
V\x9c\xfe\xf6\xcc\x91\xad\xff\xd3\xdd\x1dFu\xff\xe2\x00\
\x94\xee8\x0e\xb0\xb5\x02\xc0\x96\x82\x91\xc5\xb9\x0e\xb1\xa4\
\x915\xd3\x1bU\xc5\x9a\x05V\xac\x98\xa8}& \x07\
\xc36\x88\xe5\xc2\xb0L(\xf2F\xa57U\xe3\xe2\xa6\
u\xd3\x99NOp\xd68 b\xe9\x0a>F\xd94\
T_\x9e\x7fD\x1dw\x98\xeb\xd6\xf6b\xcd@\xa73\
\x8a\xa8\x9c$E}w\x98\xbd\xfb\x0e\xe2\xc7\x8f\xed\xc0\
\xa5\x89i\x83\x85\xee\xac\xe3\xd5\xb9\x8b\xdf\x98>\xfc\xe4\
\xb3\xb4V\x16\xdda\xd0\xe2\xe3F@(,]\xa3i\
\x1a-\xb3\xdev\xc4\x92F7wX\x0e`\x15U\x07\
\x10\x1f\xc0`\x90\x0e0\x07\xbbz\x8e\xc3$.\x10E\
\x95M\x89\x89\x8dJ L\x22\xa5\xe6.\x84\xc4\x82\xa8\
\x0f\x5c\xde\xca\x0a\xc19@)Eow\x1b\xae_\xd7\
\x87\xc1\x9e\xf6\xf0\x8e\x10\x82J\xb9\x82\xe7_x\x0dO\
<\xb3\xdb\xcc\x1d\xc6\xae\xee)O\x9f\xfc\xb73G\xb6\
\xbe.\x5c?\x13\xf6\xd4\xac\xe3\xe5\xa6\x06\xd6[\xd6\xa2\
\x82\x14\xd0\xdc]h\x96+X\xc5\x89c%\x0e \x85\
\xe5\x81A>U\x1a\xc0\xec\xe6\xeaT\x97(\x95N\xf7\
\xb2*DT\xd9\x9c\xe2\xfdJ|\xc4\x91U;\x8eU\
\x85\xc8po\x076\x8d\xf5\xa2\xa7\xa3\x0dafxB\
\x08\xe6\xe7\xe7\xf1\xe4\xd6\x17\xb0\xe3\xc5\xbd(\x97M\xdc\
a\xca[\x8b\x97\xde\xfa\xc6\xdc\xa9\x97\xdeA\xf8\x9a\xe6\
\xaa0\x13\x15\xa6Yl\xaa\x9e<+\x01\xa4\x1a\x96f\
\x00U\xa3`\xd1\x88\x8a\xb6\x98\xf6\xa7z\x0c\xe7Q\xc7\
\xaa\xbcP\x94e\x92.,}\x14S3W\xfd8t\
\x22>\xcaQ\xaa\xb8 \x0cJ\xa9\xd9\x14\x05\x08\xb0n\
\xb0\x0b\xd7\xad\xe9Ag{:b\xa69\xc1\xf8\xf8\x14\
\x1ez\xec9\xec\xd9w\xd0\xc0\x1d\x06e\xbbZ\xf8\xef\
s\xa7_\xf9\xf7\xc5Ko\x8f#\x00)SpR]\
\xf7z\x01J\x17\xde\x0c\xa0\x89\x9b7.\x03j\x14\xa4\
\x1a\x06\xacf1\xaaf\x80\x15P\x1f\x80\xc5\x8d\xd3\xd5\
\x03D\xb7\x0b!e\xc3\xb0N\x95,\x85\xca\xc7\xf7\xdb\
`\xf5\x04*\xe5\x14\x9eI\xcaVD\xa5<\x94I@\
)E&E\xb0a$\x87\xabVw\xa3-\x9d\x92\xcd\
QL\x00!\x04'N\x9e\xc5\x83\x0f?\x8bCG\xcd\
\xdca\xacr\xfe\xafg\x8f?\xf7_*\xf9s\x0b\x9a\
\xeb\xd0(8\xe9\xe2\xea\x05\xa8\xa8\xb4\xaddJ\xad\x8e\
kHZ\xa1\xfa\xb1\xc7\xadR\xd1\xe2\x02L=\xecJ\
\x15\xd6,\xc0BH\x99\x88\xa8#\xaa.\x13\x11\xf3\x1a\
3*\x81P\x05\xe1\xd4\x19\xf5\x93\x1a\xe5cXP\xbc\
M):\xdaR\xb8fM\x0f\xd6\xad\xearv\x87\xf1\
\x93\xaa\xd4>\x8a\xfd\x07\x8e\xe0\x87\x0fo\xc3\xd9\xf3\x86\
\xee0\x85\xc9o\xce\x1c~\xea\x11\xab<\xe7\xb9\xc3\xc8\
\xc5\x86\x83N\x9c\xb4\x8b\x05PQ\xf1\xcb\x15\xc0\x1a\x96\
f\xef\x94\xbc\x9c\xc0J\x97\x1e0\x073Vt\xf1q\
\x00\x0b\x9a2\xe3\xc6\xe9\xd2\x9b\xd4\xa9\x92Xy\xfc\x8e\
+\x1eM\x0aUX\xc0\xa4l\x0a\xe4:2\xd8\xb8\xae\
\x17#}\x1d\xa1-\xf0v\x87y\xe9\x957\xf0\xf0\x13\
;\x0d\xdda\xac\xb7*s\xe7\xbe6s\xe8\x89]\xd4\
\xb6T\xa5G\xbdH\x8d\xaa}\xecy\x9c4q\xe2\x1b\
\x01\xb8\x15\x07R@\xeb\xb6t\x07\x9a?\x0d\xa1Q6\
$\x86\xd5;\xdd@\x15\xaf\xabK\x0c\xaf\xd7^U\xaf\
\xcag\x9a'\x82Q\x11\xa8\xf6?g\x9fN\x0a\xf8\xce\
\xc8A<\xe5\x12R\x00\x83\xb96lZ\xd7\x8b\xbe\xee\
vEY\x94\xad\x11\x85b\x09\xcfn\x7f\x09[\x9f{\
\x15\x85b)\x0a\xa4(\xb5\xaa;KS\xc7\xbe6{\
l\xfb\xdb!\xfd\x8f\x0bNa\xf1q\x8f\xc5\xcb\x16\x96\
\xbeU,\xaa\x91\xf2L\xe2\x9a\x0aP\x9e\xb4\x02\xa8\xd8\
\x8e\xc4\xb1G\xb1\xd2l[\x13b\x96\x177\x1e\x9a4\
\xad\x98z\xd0L\x95\x0f\xfe\xb9\xf1\xf4\x04A\xe7\xf3\xe3\
\x1c\xb8\xa2R\xfa\xa0\xb2\xd5}\x1d\xd8\xa8r\x87\xa1l\
*\xf8\xee0\x8f<\xf1<^|y\xbf\x99;L\xad\
\xf4P\xe1\xc2\x9b\xdf\x9c?\xb3\xe7,\xc27\x02\x85\x22\
\xbc^p\xaa']\xb3\x00*N|+XWT\xfa\
\xa6J+\x81\xcak\xb8)\x105k\x94\x0f\x88\x0fp\
\xf5\xc6\xc3\xa0\x0e\xd51`vSM\xd26\x02\x5c\x88\
\x93\x97\xb2\xff\x09\xc0\xa1fT\x8e\xa4\x08\xb0~U\x17\
\xae^\xd3\x83l&%\x81\x14{N\x08\xc1\xb9s\x17\
\xf1\xe0#\xdb\xf0\xe6[\xc7L\xdca\x0av\xa5\xf0\xfd\
\xb9S\xbb\xff\xaa8qd\x16\xfa{\xd3\x08\xb3j%\
\xcbj6\x18\xd5\x93g\xd9\xa9z\xa2\xb4\x1a\xa8\xbc\x0e\
\xb4\xdaX\xce\x8a\xe9\xd4\x82\xa8<\xaa\xf8z\x8e\xc3\xa4\
\x9e\xa9\x07Qi\xeb\x01.w\xc2g4\xab\xf2;H\
\x83\xae\xea\x5c\x5c(\xa5h\xcf\xa4p\xd5\xea\x1c\xae\x18\
\xeevv\x87\x11\x0acU>\x02\xe0\xf0\x91w\xf0\xc3\
\x87\x9e\xc5\xf1\x93&\xee0t\xc2*\xcf~k\xe6\xc8\
3\xffP]\x18g\xddaT\xfd\x8f\x0b^\xadfY\
Q`\xa2\x0a\xaf\xa7\xac\xc5\x04\xb0\x96\xc9b\x00\x95\xd7\
\x91\xc5\x06$(\xf2F\x01\x12\x9b\x07\x86e!\x22\x0d\
\x0c\xf2\x84\xd5\x09M\xdef\x82\x9c\x11H\x09\x19\xdcB\
=\xfd\x8e\x82\x9b\x8dN\x81N\xc1\x1dF\x07R\x81;\
\xcc\xdbx\xf0\x91\xe7\x0c\xdda\xec\xe3\xb5\x85\x89\xafM\
\x1fz\xfci\xbbZ\x8c\xf3\xf24\x0b\x9cL\xcbj$\
\x8di|TXT\x99\xcd\x00\xb0\x96\xcab\x01\x15\xdb\
!S\xfb\x13\x14\xe9!\xe4\xadWuc\xcb\x06\xe2\x83\
G=\xaa\x9c\x0ah\xea\x05-\xd3:\xe2\xe4\xa9\xeb\x81\
\xa3\xc2\x9f'=]m\xb8~\xac\x17\xabz\xb2\xcaL\
,H9\xee0{\xf0\xf8\xd6\x17\x91\x9f3q\x87\xb1\
\xf6Tf\xcf|u\xfa\xd0\xe3{\xc0\xb3(U\xf3\xa2\
\xc2Z\x01N\xa6\xe9\x9a\x09P\x8d\xc6\xc7\x05\xbfE\x01\
(O\x16\x13\xa8\xd8\x8e\xb6\xca\xfe\x14wj\x01\x1b\xaf\
\x0a7\x8d\x17\xeb\xd1\xb5\x13\x9a\xb8(\x80\xa9\x07\x80\xe2\
\xb4=\xc2\x98N\xc3\xa1\xcc\x9d\x96\xee\xd9\xa8\x86z\xb3\
\xd84\xd6+\xef\x0eC\xd9\x1f\xea\xba\xc3,\xe0\xc9\xa7\
wa\xfb\x0b\xaf\x1b\xb9\xc3P\xab\xf2tq\xe2\xe8\x9f\
\xe4\xdf\xd9q\x1c\xc1n\xc5\xba\xfe\xd5\x1bV/8\x85\
\xc5\x99\xe4\x89\x03P\xf5\xe4[Q,\x8a\x95\xa5\x00*\
\xaf\xa3\xadV\xf7L\xe3M\xc2M\xe2\xc3\xdan\x1a\xa7\
\xebwX]\xf5J,\xd6\xe6\xe0\x14\xe5\x0d\xe6\xc2\x84\
O\x02\x8au\xab\xbap\xddZww\x18\xf05p\xf6\
(ww\x98\x1f?\xba\x1d\xaf\xee5t\x87\xa9\x95\xfe\
\xdb\xc2\xb9\xbd\x7f\xbepn/\xeb\x0e#\xd4\x225\x1b\
\x06\xe1\x8d\x82W=\xecI\x15W/@\x99\xd4\xd9l\
5pQe\xa9\x80\x8a\xed\xf0b\xa9{\xcd\x04,\xd3\
4\xbazuq&\xeap#\x13Lub`\xa3\x0a\
\x9eYo\xfe9;\xe13\xed\xb9\xc3\xb8\xbb\xc3\xc8\xeb\
\xa7\x07\x01\x84\x10\x9c<y\x16?|\xe8Y\x1c<z\
\xca\x0d\x0b\xad{\xd6\xaa,\xfc\x87\xfc;;\xbfW\x9e\
>a\xe2\x0e\x03\x83\xb8F\xc1j1U\xc0\xb0\xf0\xc5\
V\x03\x97D\x96\x12\xa8\xd8\x0b\xd0JuOwlb\
g\xaa\x07\xb0\xe2\xb0'\xc4(7\xae\xc4\xc9o\x1b-\
\xf3\xe2\x0b\x03=\x94\xa0-\x93\xc2\xc6u}X3\xd8\
\x894!\x8cc\xb1\xfa\xdd\xdf\x7f\xe0\x08~\xf8\xd06\
\x9c9?n2\xb2w\xb6V\x9a\xfd\xfa\xcc\xe1'\x7f\
T+N\xd7\x0c\xfa\xd4\x88\x0a(\x86\xb7B%\x8c\x9b\
F\x97'\x0e\x00\xa9\xc2\x97=\x8bbe9\x00\x15\xd0\
Zu\xcft\xa4\x0f\xa8_\xb5CD\xb8*\xae\x1e;\
\x95\xaamq\xd5@M9&@E\x15!\x14\xbd]\
m\xe8\xebn\xf3\xcf\x95\x95\xb2\xee0\x8f\xef\xc4\xd4L\
\xdedd\xef\xad\xda\xc2\xf8\x1fM\xbd\xf5\xf0\x0ej\xd7\
\xd8\xb6\xab\x1b\xd3\x9c\xf0\xa5\xb4W5\x0b\xdcZ\xa1\x06\
.\xa9,\x17\xa0\xf2\xc4\x14\x90L\x80-,\x1e\x0d\xa4\
\x893G\xaa\x11\x95\xcfD\x9aa\xabr\xfa\x19\xc5l\
\x00w\xf29\x95\xf4\xb4\xa8\xac\x84\x10\x14]w\x98\xa7\
\xb7\xbfb\xe6\x0ec\xd7\x9e\xaf\xcc\x9e\xf9\xa3\xe9CO\
\xecG`47y\x89V\xb2\x0a(\x9e/&@E\
\xd5\xb7\xa4\xb2\xdc\x80\x0ah\xcc\xfe\xd4\xac\x99\xe4&i\
\xe2\xce\x91\x8a\xcbz\x16C\xe5\x03\x93\xd6(\xbd\xa3\xee\
\x05\xab$D\xa1\x14!\xc0\xccL\x1e\x8f>\xf1<^\
x\xf9M\x13w\x98\x1a\xb5*?*\x8e\x1f\xfeZ\xfe\
\xc4\xce3P\xef\x0ec\xd2\xbfFT\xc0V\xb1\xaa\xb0\
\xb4\xad<^Qj\x9eJ\x96#Pybb\x7fj\
\xc5L\xf2zf\x9b7s\x94\xaf\xd1\x89\x9d:\x09+\
\xc73\xa6\x1b\xd7\x11\x98\xa1\x18#\xb9\x10\x97\x22\x04\xe7\
\xce]\xc2\x8f\x1e\xd9\x8e7\xde:\x0a\x9bF\xb9\xc3`\
\xc1\xae\x95\xbe;\x7ff\xcf\xb7\x0b\x17\xde\x9c\x86\x1e\xa4\
\x94M1\x08\x8f\xc3\xb6\x16C\x05\x0c\x8bk6@\xa9\
\xc2M\xd8\xe4\xb2\x90\xe5\x0cT\x80\x9a\xbd\xc4\x1d\xbdk\
\x16\x18\xe9\xcam$\xae\x11\x95\x0fu\xe6U\x89\x91\xea\
\x17]\x08/\x87\x8f\x9e\xc0\x0f\x1f\xda\x86\xe3'\xcf\x81\
\x10\x82\xf0\x1a\xe8\x84UY\xf8f\xfe\xf8\x8e\xffZ\x9e\
9U\x82Z\xdd3\xa96*\x5c\x17\xb7X*`X\
\x5c\xb3@\xac^5q\xd9\xcar\x07*OLAe\
1\x5c_\xe2\xa8\x7f\xcb]\xe5\xf3\x84\x92\x08c\xbai\
\xa1\x84\x00\x96ec\xdf\x1b\x07\xf1\xa3G\x9f\xc3\xc5\xf1\
hw\x18P\xfbx\xad4\xfb\xd5\xe9\x83\x8f>n\x95\
\xe7\xc5\xdda\xea\x05\xaa\xb0\xf8\xc5P\x01\xa3\xce\xe3\x02\
T#iV,@y\xb2R\x80\xca\x93f\x03\x96*\
\x0dB\xf24\x92n9O\xec\x8c^\xe6\x85\xc2w\xe7\
\xd3\xe1\x0e!\x04\x95J\x05;_x\x1d\x8fo}\xc1\
\xcc\x1d\x86\xda\xaf\xd6\x16\xc6\xff`\xf2\xc0\x8f^\x02\xa5\
\x04\xf1@Jh\xa1q\xb8i\xdaFYUX\xfcb\
\x80\xd8\x8a\x07(OV\x1aPy\xd2(`\x85\xa5i\
\x96\xf1\x1c\x11\xf1\xd4 ,n\xb9\xf5H\xe0\xeb\x17\xa9\
\xfd9\xd5\x8ak\x9b\x13\x00$E0?_\xc0S\xcf\
\xbc\x80\xed\xbb^G\xb9\x5c\x89\x02)\x9b\xda\xb5'+\
\xb3g\xfe\xdf\xe9CO\x1cA\xb4\xaa\xb7\x18*`=\
L+n|\xa3\x00\xd5H\x9a\x15\x07P\x9e\xacT\xa0\
\xf2\xa4^\xc0\xaag\x1eTX\xbaF\x1d\x8c\xeb\x05.\
\xd3\xf2\xa3\x84\x82\xa4\xa8>Rw\xe6VM\x08&&\
\xa6\xf1\xf0\xe3\xcf\xe1\x95\xd7\xdf\x86e\xd9\x91\xee0\xd4\
\xaa\xfe\xd7\xc2\xa5\x83\xdf\x98;\xb9\xeb\x22\x1a3\x9a7\
\x12\xdf,\x15P\x0ck\xa5\x0a\x18\x96\xee]\x07P\x9e\
\xact\xa0\xf2$\x8ea\xbcQ\x1bUTy\xcdp0\
^L_>\x0a\x80\xd6gJw\xfc\xf3N\x9d:\x8b\
\x07\x1f\xd9\x86\x83G<w\x98\xd0\xd2f\xedZ\xe9/\
\x17\xce\xec\xf9\xeb\x85\x0bo\xce\xa19 e\x92v1\
U\xc0\xa8\xf3z\xd26jh_\xd1\xf2n\x01*O\
\xe2\x8e\xf0\xb1yt\x12\x97=\xc5\xb5S\x99\xb4\xc1\xa4\
\xec\xb8\xc2\xcf\xf2&\xd1\xc6t\xd5vV\x07\xde>\x86\
\x07\x1f\xd9\x863\xe7\xcc\xdca\xecj\xe1\x8fg\x8e>\
\xf3?*\xf9s\xd5:\xfb\xd4l\x15\xb0Y\x00\xb6\x9c\
X\xd6\xbb\x06\xa0<y\xb7\x01\x95'\xcd\x9cn\x10\x96\
\xaeQ\x95\xaf\xd1<\xcd\x9b\x99n\xba]\x16\x0d\xdca\
^\xdd\xb3\x1f\x0f?\xb9\x13\x93\xd3y\xa4\xa2G\xf6\x0e\
\xd4J\xf9\xdf\x9f\xdc\xff\xc3g\xa9U\xa9\xf7\xfa\x98\xa4\
otZBX\xdcJQ\x01\xdfu\xf2n\x05*O\
\x9a9\xdd\xa0\x19\xbez\xf5<H\xf5\xf8\xf8\x99\xd4E\
\xb9\xb2\x0d\x9d\x92\x09!(\x95J\xd8\xbe\xe3\x15l}\
\xee\x15,\x14JQ EA\xed\x1d\xd5\x85\x89\xdf\x9b\
\xdc\xff\xc3}n\x9d\x81\x01?\x9e\x98\xa6\x8f\x0bV\xba\
\xf0V\xab\x80\xe2y\x02P\x1ay\xb7\x03\x95'q\xa7\
\x05D\xa5k\xc6\xc4\xcdF\xe7L5\x92Wq]\x22\
f\xa6S\xea\xbb\xc3<\xfe\xd4.\xbc\xf0\xca\x9b\xa8V\
\xa3w\x87\xa1\xb6\xf5\xa0\xe3\xb3\xf7\xf8I\x00i\xa6\xde\
F_\xaez\xc0(,\xbeY\x86\xf5F\xa74$\xe0\
\xa4\x90\xcb\x05\xa8Xi\x06{\x0a\x13\x15\x03\xaag\xdd\
\xa9z\xa4~u*\x14p\x08\x08!8\x7fa\x1c?\
zx\x9b\xe3\x0ecG\xbb\xc3P\xab\xfa7\xc5\x89\xc3\
\x7f\x9e\x7f\xe7\xf9I8 \xd5\x08\xb8\xd4\x93\xbe\x15v\
)UX3U\xc0\xb8y/\x0b\xb9\x1c\x81\xca\x93z\
\x0d\xe4\x8b5\xca\xd7\xec9S\xa1\xbe~a\xebQ\x11\
\x00\xc7\xde9\x8d\xed\xcf\xbf\x8a\xa3\xef\x9cq\xdca\xc2\
MR\xe3\xb4V\xfe\xfa\xfc\xd9=\xdf_8\xffF\x11\
\xcd\x1f\xd93\xcd\xd7\x8c\xb9U\xaa\xb0\xa5T\x01/K\
\xb9\x9c\x81\x8a\x95f\x81\x96\x89,\x99\x9b\x0cx\xb5O\
\x88\xd3\x03U\xcd\xb2\xb0k\xf7>T\xa2U=\x00\xf4\
\x98]-\xfe\xc1\xf4\xc1\xc7\x1f\xaa.\x8c\x8b\xee0q\
\xda\xda\x8ct\xef\x16\x15\xf0\xb2\x97\x04\xa8dy\xb7\xaa\
|a\xf5PBR\xd0\xe1\x18\xa5\x14\xd5\x9ae2\xfd\
\xe0\x15\xab2\xff;\x13o\xfc\xe3\x0b\xd4\xaa4\x0a\xaa\
\xcdL\xbbRU\xc0D\x5cI\x80*\x5c\x96\xd3(_\
\xbdb\xe6\xeb\x17s_?A,P\xfb\x89Zq\xfa\
_O\xbc\xf1\x8f\x07a\xa6\xea\x85I\xb3\xc1\xad\x19*\
`\xab\x98V\x02N\x06\x92\x00\x95\xb9\xbc\x1bU\xbe \
\x0d\xa9\xbbm%J\xad\xbf\xab\xe6\xcf\xff\xf1\xd4\xdb\x8f\
\x9cG\xe3 \xa5j\x7f\xa3i\x9a\xa1\x02\xd63\x09\xd4\
\xb4\xecD\x22$\x01\xaa\xfa$jv\xf9b9\x187\
\x8b}\x85\xfa\xfa\x85\xc8,\xb5k\x7f^\x9e>\xf9\xed\
\x99#O\xe7\xb14 \xd5\x8ct\xcd\x9a\x9d^Oy\
\x89\x18H\x02T\x8d\x8b\x89\xcd\xa9\xd1\xb9[&\xacH\
U\x96\xae\x8d\x8a\xf2c\xab~g\xa8U\xfd\xa3\xf9\xb3\
\xaf\xfd`\xe1\xdc\xeb\xf5\xba\xc3D\xc9b\xa8\x80\xcdH\
\x9f\x00S\x8b%\x01\xaa\xe6K\xb3A*b\x09\xe1\xb0\
\x91<#p#p\xa6'\xc4\xe9\xe2\x9b\xb4V\xf9\x9d\
\xa9\x83\x8f>U\x9d\xbf\xe4\xd5\xd3\xea\x17\xb3Q\x15\xb0\
^\xf5\xb0^\x150\x91&J\x02T\xad\x97V\xcd\x8f\
j\xa6\xd1\x9d\x02\xc42(\x8b\x02t\xbb]-\xfd\xe6\
\xa5=\x7f\xfb\x1a\xcc\x97\x0bn\x864\xc3V\x15\x96\xa6\
Y\xe1\x89\xb4@\x12\xa0Z|\xd1\xb1\xa6f>\xf8q\
@\x8c\x02\x80m\x95\xcf\xa7\xda:/\x01X\xa3IW\
\x05\xa5\xff\xc3\xaa.\xfc\xde\xf8k\x7fw\x1c\xd13\xcd\
[}\xcd\xeaM\xdf\xacI\xa0\x89,\xa2\xa4\x1b/\x22\
\x91\x16I\xe3\xbb-\xc4(?\xdd\xd6]l\xef\x19\xbd\
\x1e\x84\xdc\xadH\xbb\x00J\xbfmU\x16~w\xfc\xf5\
\xbf;\x87\x80I-\x85,\x95\x0a\x98\xc8\x12J\x02T\
+OZ\x02`\x95\xfcY\xab{\xedmGI*\xbd\
\x1e\xc05p\x9e\x0d\x1b\xc0\x09P\xfb\xdf\xd4\xcas\xdf\
\x9c\xd8\xfb\x83Y\xa8A*z\xfaC\xf3\xa4\xd5*`\
\x22\xcbPZ\xfd\xd5Ndq\xa5\xd1\x91A\xba\xfa\xae\
_]MR\x99\xcf\x80`\x03\x80\x12\xb5\xedG\xcb\xd3\
'\xde\x9a9\xf2\xb4UG\xf9\xcd\x96V\xb9\xe2$\xb2\
\xcce\xa9\x1f\xbcD\x16_t\xab\x8cz\x126\xf2\xb8\
\x94\xd2\xe8\x84\xdbDV\xb0,\x87\x070\x91\x95!\xad\
zV\x12\xc0I$R\xfe\x7f\x90\xbe\xf8\xd8\xd4\xebp\
%\x00\x00\x00\x14tEXtAuthor\x00\
Jakub Steiner\xe6\xfb\xf7\
/\x00\x00\x00ItEXtCopyrig\
ht\x00Public Domain\
 http://creative\
commons.org/lice\
nses/publicdomai\
n/Y\xc3\xfe\xca\x00\x00\x00%tEXtda\
te:create\x002010-0\
6-20T23:24:25-04\
:00w\x9c)S\x00\x00\x00%tEXtd\
ate:modify\x002010-\
06-20T23:24:25-0\
4:00\x06\xc1\x91\xef\x00\x00\x00\x19tEXt\
Software\x00www.ink\
scape.org\x9b\xee<\x1a\x00\x00\x00\
!tEXtSource\x00http\
://jimmac.musich\
all.czif\xe3^\x00\x00\x00\x0dtE\
XtTitle\x00Go Down\xf3\
\xfd\x14y\x00\x00\x00\x00IEND\xaeB`\x82\
\x00\x00\x10<\
\x89\
PNG\x0d\x0a\x1a\x0a\x00\x00\x00\x0dIHDR\x00\
\x00\x00<\x00\x00\x00<\x08\x04\x00\x00\x00\x90\xf5\x11\xf9\
\x00\x00\x00\x09pHYs\x00\x00\x0b\x13\x00\x00\x0b\x13\
\x01\x00\x9a\x9c\x18\x00\x00\x06\xc1iTXtXML\
:com.adobe.xmp\x00\x00\
\x00\x00\x00<?xpacket beg\
in=\x22\xef\xbb\xbf\x22 id=\x22W5M\
0MpCehiHzreSzNTc\
zkc9d\x22?> <x:xmpm\
eta xmlns:x=\x22ado\
be:ns:meta/\x22 x:x\
mptk=\x22Adobe XMP \
Core 6.0-c002 79\
.164460, 2020/05\
/12-16:04:17    \
    \x22> <rdf:RDF \
xmlns:rdf=\x22http:\
//www.w3.org/199\
9/02/22-rdf-synt\
ax-ns#\x22> <rdf:De\
scription rdf:ab\
out=\x22\x22 xmlns:xmp\
=\x22http://ns.adob\
e.com/xap/1.0/\x22 \
xmlns:dc=\x22http:/\
/purl.org/dc/ele\
ments/1.1/\x22 xmln\
s:photoshop=\x22htt\
p://ns.adobe.com\
/photoshop/1.0/\x22\
 xmlns:xmpMM=\x22ht\
tp://ns.adobe.co\
m/xap/1.0/mm/\x22 x\
mlns:stEvt=\x22http\
://ns.adobe.com/\
xap/1.0/sType/Re\
sourceEvent#\x22 xm\
p:CreatorTool=\x22A\
dobe Photoshop 2\
1.2 (Macintosh)\x22\
 xmp:CreateDate=\
\x222020-09-24T15:0\
2:50+02:00\x22 xmp:\
ModifyDate=\x222020\
-09-28T15:07:58+\
02:00\x22 xmp:Metad\
ataDate=\x222020-09\
-28T15:07:58+02:\
00\x22 dc:format=\x22i\
mage/png\x22 photos\
hop:ColorMode=\x221\
\x22 photoshop:ICCP\
rofile=\x22Dot Gain\
 15%\x22 xmpMM:Inst\
anceID=\x22xmp.iid:\
77bf61ab-689d-41\
9c-88dc-7f98a9a1\
bdf2\x22 xmpMM:Docu\
mentID=\x22adobe:do\
cid:photoshop:73\
924585-036b-2c4f\
-8974-8f6c44f888\
57\x22 xmpMM:Origin\
alDocumentID=\x22xm\
p.did:93b7d1c2-d\
cdf-426b-bb26-f1\
667b3c62c5\x22> <xm\
pMM:History> <rd\
f:Seq> <rdf:li s\
tEvt:action=\x22cre\
ated\x22 stEvt:inst\
anceID=\x22xmp.iid:\
93b7d1c2-dcdf-42\
6b-bb26-f1667b3c\
62c5\x22 stEvt:when\
=\x222020-09-24T15:\
02:50+02:00\x22 stE\
vt:softwareAgent\
=\x22Adobe Photosho\
p 21.2 (Macintos\
h)\x22/> <rdf:li st\
Evt:action=\x22save\
d\x22 stEvt:instanc\
eID=\x22xmp.iid:a84\
30bbd-4034-4ad5-\
a98d-e2ff1173fa7\
f\x22 stEvt:when=\x222\
020-09-24T16:09:\
46+02:00\x22 stEvt:\
softwareAgent=\x22A\
dobe Photoshop 2\
1.2 (Macintosh)\x22\
 stEvt:changed=\x22\
/\x22/> <rdf:li stE\
vt:action=\x22saved\
\x22 stEvt:instance\
ID=\x22xmp.iid:77bf\
61ab-689d-419c-8\
8dc-7f98a9a1bdf2\
\x22 stEvt:when=\x2220\
20-09-28T15:07:5\
8+02:00\x22 stEvt:s\
oftwareAgent=\x22Ad\
obe Photoshop 21\
.2 (Macintosh)\x22 \
stEvt:changed=\x22/\
\x22/> </rdf:Seq> <\
/xmpMM:History> \
</rdf:Descriptio\
n> </rdf:RDF> </\
x:xmpmeta> <?xpa\
cket end=\x22r\x22?>\xde\xd3\
\xc7\xd0\x00\x00\x09!IDATX\x85\xed\x99{p\
\x94\xd5\x15\xc0\x7f\xf7{\xec3\x09\x81\x84\xf0H\x0co\
\x12H\xb0\x08\x88\x96\xe8(\x22\xd3vd\x06\x18\x14Z\
p(E\xeb\xf8j\xc52m\xc7\xe9X\xcbt\x1c\x1f\
\x9d\xeaT\xa9:\xad\xb5P(\xad\x8a\x95?\xa8J\x88\
eR\x83\x80D\x88\x10y\xc5\x10B\x12\x12\xf2Nv\
\xb3\xd9\xdd\xefq\xfb\xc7>\xb2\xbb\xd9\x88:\xce8\xd3\
\xe1\xdc\x7f\xee~\xf7~\xe7w\xce\xbd\xf7\x9c{\xef\xb7\
B\xf2\xcd\x88\xf2\x0dq\xaf\x82\xaf\x82\xaf\x82\xff\x0f\xc0\
\xdaPu<\xd5\xe4\x8b\x1a\xf9\xa6P\x9d\xab\x9d2|\
:\xb8D\xe6b\xe0O\xb2N`a\xa1\xe1\xc6$D\
\xf6\x88\x96\xf7\xe0\xc0\x0bX\xa4\xe6\xc6\x082\xe1=\x95\
\x02qJV\xe1p\xef\xfc\xdb\xeaw\xb6n\x9c&r\
Rz|\x19\x11\xc3\x80\xe9\xf0\x00\xf4\xb1I\x8e\xe3\xc4\
\xe2\x8f\x1f\xb9\xb0\x1c.\x8f\xed\x9fW\xd2p\xcf+\x13\
;\x95\x14\x15W\xc8\xee\xa2Y\x9ee>\x0e\x9c\x9fK\
O\x00\x0f\x8c\xfbC\xce\xe3\x8d\xf3\xdd\x15\xd3\x91\x88\x9e\
\x19\xaf\xcfp\xd1\x99\xb3\xf6\xcf\xa5\xa7\x12\xdf\x16\x80\x9d\
\xa4b\x90\x9e\xe8\xb0\x08\xa0M\xd6r|\xdc\xc1\xc97\
\x9f\xbb\xbe'C\x8e\x8cV\x7f\x13\xafn\x99\xaf\xfe|\
Cp\xc5^wy\xed\x9c\xd0\x04[\x03\xd3<\xb2\x90\
\xd6\xdb\xab\xdc8P\xd1\xd0\xd0p 1P\xd0\xb1\xb1\
p!h\xa6\x92\x16\x1ai\xa4\x89\x8b\xfcUo)\x0c\
\xac~\xfe~\xdf\xc05M\xf9A\xa1\x0eG*\xa9\x1e\
\xa3[e\x8f\x95\xfd7\xeb\xdem\x0b\xd6\xfejK\xf5\
}\xc0{\x9b\xb6\xae:\xdc\xc1d!\xa4\x88{,R\
5\xa1\xa2\xc6=\x1e{{\xc5\x83\x8d7\x92\xb1\xafX\
\x8c2_*\xb1r\x84&d\x1a\xaf\x13=\x9e\xc6:\
\x7f^}Q_~\xf1;?82\xe3\x82R\xb3\xec\
\xd5%\x95\x9d\xa1\xbaiE=\x10\xc6\xc4\xc4$L\x18\
\x99\xe4q\x10\x1fYx\xf0\x90\x89Wy{\xd5\xc1\xbb\
C\xa3\xd1\x8c\xac\xa6\xf1\xca\xb9\xb2\x0b.\x810\xa5\xc5\
P\xd1\x87y,\x09A\xff\xac\xbf\xcfjS\x1e~\xe1\
\xa6?N\xca(\xf0\xbf;\xaf\xf2\x8e\x12k\xf9\xb3\xd2\
\x0c\x03\x82L\x82\x84I\x1e\xbfz\xde \x1b\x01\xa8c\
\xb8kLG\xf1{gV\x035\xfe\x03\xcd\xe1\x0c\x15\
\xdb\x90\xc9k\xc2\x1d\xa3\xc5\x0aKh\x8b\xff\xd8\xb6~\
\xc6q\xb6\x16\xe7U\x22\xd7~\xd0\xee\xee\xa3\x83N\xda\
9E\x03]t\xd0C\x10?]XH\xb6\xc7T\xc1\
\x5c\xba\x9e\xf9\xfe\xc3k\xdc\x9f\xe6^\xd4\xbf\xe7\xe6\x01\
G\xd0\x13P\xfa\xe8O*\x11\xc0HQz\xa7\x5c\xe3\
w\x95\xff\xd2\x7f-\xb4+\xaa\xd0P\xf0br'\xaf\
\x91\x9d\xd2u\x15\xff\x8aUM\xac\xa7\xb6\xee\x5c\xbdt\
\xcb\x8eo\x17\xbf\x1b\xbc\x8d\x1f\x9b\xaaa[\xd1I\x8a\
\x95\x88\x8c\x04\xf6\xb6Oi3\xa6\xec\x1d\xd5\x01~U\
W\x9cd\xe2\xc4\xcby\xdaQ\x10\xb8\x14\xa7\x88\xcd\x92\
\x97\xc5\xec\xe6\xba\xa8\xbe\xde\x9c\xdey\x86>\xbb\xc5}\
\xa7|\xba\xf3\x0e\xa7\xed\xc2\x91R\x86\x83\x93\xd6\xde\x99\
\xec\xe3\xa3\xefx+\xff\x22\xa0e\xaa*:\x82,F\
\xe3\x014\xda\xecV\x19V\x9c.E@\x18\x9dU\xe4\
\x0d\xe9\x9bX\xbf\xb4\xdc\xdd\xb3\x86\xeb/\x8d\xaf\x97\xf5\
\xc4\xcay>\xe3,g\xa3\xfa\x13\x17W\x92\xf7\x8d\xf9\
\xc7\xe6=T\x91\xdb\x86\x1d\xd2\xbb\x9c\xd9B\x95\x83\x5c\
\xc0\xc0\xc0O\xab\xbe/\xcf\x9cXj^\xd7\xe45\xb0\
\x84\x08K'\xd7\x90CW\xc4xGO\xc9\xde\x9c\xee\
L\xe8\xf7\xd7H\x19\x1f\x5c\x89\x86\x03\x987\x0c\xe6N\
\x0a\xd1I\xad\x8b\x14g\xf6a|\xad\xee\xd7\xb2\xba\x1c\
\x88\x8f)\xa3\x9b\x0e\xca\xd9\x9d\xf9\xbb{\x9fxs\xcb\
\xe6C\xc6\xa0\x8d\xa2\xa8\x16\x16\xcf\xb3\x09d$\xa9)\
\x86\xc3%F\x83ne\x9b\xa3\x88\x15\x0f\x93X\xcc\xcd\
i\xbc\xd4\x92\xc0\xb9\xfde'\xd5\xa2\x8a\x823=\x9e\
3\xde\xa0\x8e\x0c\xd1\x83\xed\x94j!e\x81\xbe\x81\x81\
\xec\xa3\xab\x1e\xdf\xb9\xf2\x96\xfdN\xd5\xd2U\xa1d0\
fh\x81\xd8\xa5\x03^\xc0+K\xcc\xd9\xc4\xca\x1c\x0a\
q\xc4# y\xc7\x8b\x88M'\x06\x9a/\xbfBL\
>7\xeb\xd3\xd0\xa8\xa6\x82\x80FD\xf1\xdc\xda\x92r\
OV\xf8\xc5=\xdf\xaa0\xd5\x93\x93?Q\xc3!d\
\x00SE\x09\xc4\x15y\xec\xa2\x80\xc7\x04\xdd\x1e+\xf3\
\x18\xcbXr\xc9a<Y\x18\xf1\x81O\x9c\xe3\x98\x18\
4\x92G\xbe_\xfc\xc7{\x9b\xaf\xb4u\x7f\xc6\x85\xeb\
\xed\xe3]\xbd5\x0a^\xf2O\x15>\xb5\xa0\xeb\xf2O\
\xcb\xbbwn\xbbl\x1cz\xe0H\x91\xa7^k\xeb+\
\xd5\x9d\xf6P\x9a\xd0\xc8\x12* \x09cc\x00\xa0b\
'\xad\xdet\xe1$1\xf8\x0c_\xd0slR!\xb3\
\x83\xd0zk\xf6\xe8\x7fr\x7f\x06s8\xc3\xdc\x81\x97\
_\xd8^\xbcf\xe2\xfe\xca\xcd\xcf\x96o\xf07,z\
e\xc1\x01iF\x96\x95\x88$5)l\xb7T\x13\x15\
\x0a\xb2p$\xedj\xe9\xc0\x02\x85:\xea\xc9\xb5\xbfS\
\xae\xd6\xf4A\xa0\xc4\x95i\x136\xd0X\xc5M\xd2a\
\xe6\x04\x9fxr\xcf\xb6\xbb\xae\xb5\x1f\xdd\xbc\xf9\xb9\xfd\
+\xd4\xa1PT\x00|\xda\xb1\x5c\xbfNB\x80\x0e\xcf\
T\xe9\x86\x1a4N\xe0`\x1e\xcb\x9a^\xe98\xc2\x19\
\xbb\xa8\xca\xd9\x089\xccd5S\x00\x98^;\xfd\x1f\
\x9d\x13\xaawl4fO\xacs\xa5\x80\x0d\xd1\xed4\
\x12\x16\xaa@\x1b\xb6-\x8f\xe4q-\xa7\x819}s\
\x06\x8f\xf1:\xe2\xb51\x95\x0eJY\xce\xcc\xa17\x06\
\x1c\x15\x99Z>\xb8|\x12bC-\x00\x5c\xb2\xd0t\
%y\xab#\xd0q$l\xaa\xe9<\x16(43\x1e\
p\x1dX\xccQ\xd7\xe1\xa0<\x98\x1f*d>\xdfM\
\xec\xaf\x99^K\x0d\xa53\xde\xcdt\xcd-H\x88N\
\x09\x18\x84Q\xe2'\x92\xf4\xb9Z \xb9\xc4%\xe4\xc5\
{\xbc\xb7/<\xcd\xe9\x82\xda\xdc\xebX?\xccL\x19\
\xd5\x91r6\x10R\x89\xe4\x04\x016*\x1a\x02!\x9e\
\xe1\x17\xf4\xd3\xc6pp\xe248h\xe2$\x961~\
v\xc9]\x8d\x9e\xa7o\xaa\x9a>\x95\x99\xc3\x0c\x8cD\
H\x04,\xa3&\x03a\xb5K\x9a\x80\xb4\xc0\xc3\x18\xb2\
p\x80\xac^tt\xe9\x00\xddi\xc0\x89\x99\xcbA;\
\xd5H\xf0\x15\xda\xdeu;\xf4q\xbe\xe8\xf6C3\xe7\
\xe3\x86\xda)Z\xa2O\x82J\x8b\x19\x02lS\xc1\xc9\
)\x0epY\xdb;\xbf\xfd\xb1\x9c\xf5J<\xbf\x8d\x94\
\xabu\x02\x9c\xc4\x82\x7f\xcf\xfd\xd3\xd2\x1f9\xdf\x7f\xf8\
\xf0\xd2hK\x15\xef\xa6\x8c\x90H\x00\x87\x00L\xbb\xdb\
4%`\x81\xc9o\xb5\xf5\xae}\xf36l\xab^\xa6\
\xbb3dQ\xdc\xcb!Q\x93\xc0PG\x00\x17\xa5u\
?\xdb\xa06.`4\x91Lp\x84\x0e\x1eJ\xf2X\
\xa0\xc63\xa1\x0d \xa5a\xda\x807\xe0e\x17\x9f\xfc\
\xa4e\xe3\xaf=]Sa\xa0\xdb\x85P\x22}\x92\x97\
Kv\xbc&\x80.N\xb1\x10Wx\xd19\x0fS\xa3\
\x8b\xe5 \x07\x99\x18\xef%\xa3\x06kq0\x00^s\
V\xc0k\xc2\xa7\xb3\x1e\xdc\xf4aA\xc3J9\xf5\x12\
\x94\xdfp\xf8\xbe\xf7u\x1dk\xb8\xc7gy\x9b2\xc6\
\xa3G=\x1f\xe4\x103\xc9Ce~\xb4G\x88\xed\x9c\
\xa68\x05\xac$\x9c\xfe$\x80[N1\x5c64\xce\
~\xf9I<@?\x95\xb7\xbc\xbc\xa9b\x99\xe1w\xa4\
\x0b\xa7\x0f\xb9\x9f\xbf\xd0F\x10\x89\x00\x02|LoB\
\xbb\xcdy*\xf1\xe3\x8aC\x86f9\xf6$\x04`\x8b\
\x90f\x0b@\xc3\xc3\xa0\xbbw\xcc\x9e\xd2\xf5\xbbN\xac\
p\x9bX\xe1\xd8\x19;y\xa8\xbbx\x8e*\xeef\x0e\
N`\x90\x1a|\x09\xad\x1d\xec\xa6\x03\xa2\x07\xe3!\x19\
\xf2\xd8\xa4\x0f\x89\x90\x0a\xb1\x0b\xd7\x00\xafn\xdc\xfdh\
]\xd0?\xca'\x93\xce\xf5\xc9`I7\xe5\x5cb&\
\xe7\x00\x8b\x86x\xbc\x034\xb1\x9d~\x9488z*\
\x8e\xedI@+O\xf0\x22\xf9J7\xfa@>\x83\xde\
]k?\x9cqh\xc5\xe9i@ \xe5\xc65<e\
\xda\x9c\xe0D\xb4\x1e\xa6\x0e#\x0a\xea\xa5\x92z@K\
\x9d\xd1\x188\x08>\xdef\x9dcA\xeeqS\x9f\xf6\
\xc9\xe4\x96\xdb\x9e^\xd70\x15\xb0\xf0\x0d\x03\xa5\xdf\x9d\
\x86\xe4('\x99\x8b\x02\x1ceO\x12nHDd`\
s\x19K'ro\xc6\xb1\x82joh\xf5\x8b\x8b\xea\
J\x1b,z\xf0\xa4\x85\x5c\x09\xbc\x8fI\xe43\x0e8\
\xcaG)m\xb18V\x10\x08\x93\x1f2\x99\x95\x84\xdf\
\x08gy\xc4\xc2\xeek{\xbdA0G\xbc _\x09\
\xdc\xc5\x0eN\xb1\x88\x02\x0e\x12\x1e\xd6\x1a\xd1\xea\xc0%\
\x85\xc4\xcb\x04\xc2\x10p\x07\xba\xf5r\xb5\xac;\xd3\xfe\
\xbcK\xfc\x95\xc0\xd0L3\x07\x99\xc0\xe58L\xc6k\
\x08\x07\x0c\x04C\xbd\xaa\xa5b\x93\xcd\x03\xbcE\x10\x9f\
Q\xad\xcc\xb2\xf3?\xf7\xd3\xc1\x95\xc1\x00\x9dt\xc6\xeb\
C\xc1\xa3`\x1b\x03N\xa3\xf0\xd0\xd8\x0e\x1d\x05\x83)\
\xbcD-\x1f\xa0\x92\x11Js#\xff\x0a\xe0Dq\xc6\
\x13\x88n\x1b\xc1\x9a\x1b\xdfz\xe4\xf5[4\x87eF\
\xfd3\xbe\xa0\x9a/\x0f\x0e\xc7\xf2rG\x8b\xd2\xfe\xf8\
\xb37\x9c\xbb!\x98\xa3\x9b\xe9.\xfd_3\xd8\xe0\x00\
\xbfg\xc6\x8c\x96\x95{V\x84\x8a\xaa<h\x08\xebK\
k\xf9\x0a`\xc9G|\xc4\xd4[\xbb\x97\xf7z\x951\
\x04\xec\x01F\xd9W~-U\xbe\xea'\xc5\x06o\xdf\
.\x96\xc8V\xdb\x93\xe6c\xcc\x17\x11q\xf5\xcf\x90\xab\
\xe0\xab\xe0\xafK\xfe\x07\xe9\xdb\xa9Z\x8c\x10Pv\x00\
\x00\x00\x00IEND\xaeB`\x82\
\x00\x00\x0a\xcd\
o\
penFile=Open\x0d\x0aop\
enFileDetail=Ope\
n image or label\
 file\x0d\x0aquit=Quit\
\x0d\x0aquitApp=Quit a\
pplication\x0d\x0aopen\
Dir=Open Dir\x0d\x0aco\
pyPrevBounding=C\
opy previous Bou\
nding Boxes in t\
he current image\
\x0d\x0achangeSavedAnn\
otationDir=Chang\
e default saved \
Annotation dir\x0d\x0a\
openAnnotation=O\
pen Annotation\x0d\x0a\
openAnnotationDe\
tail=Open an ann\
otation file\x0d\x0ach\
angeSaveDir=Chan\
ge Save Dir\x0d\x0anex\
tImg=Next Image\x0d\
\x0anextImgDetail=O\
pen the next Ima\
ge\x0d\x0aprevImg=Prev\
 Image\x0d\x0aprevImgD\
etail=Open the p\
revious Image\x0d\x0av\
erifyImg=Verify \
Image\x0d\x0averifyImg\
Detail=Verify Im\
age\x0d\x0asave=Save\x0d\x0a\
saveDetail=Save \
the labels to a \
file\x0d\x0achangeSave\
Format=Change sa\
ve format\x0d\x0asaveA\
s=Save As\x0d\x0asaveA\
sDetail=Save the\
 labels to a dif\
ferent file\x0d\x0aclo\
seCur=Close\x0d\x0aclo\
seCurDetail=Clos\
e the current fi\
le\x0d\x0adeleteImg=De\
lete current ima\
ge\x0d\x0adeleteImgDet\
ail=Delete the c\
urrent image\x0d\x0are\
setAll=Reset All\
\x0d\x0aresetAllDetail\
=Reset All\x0d\x0aboxL\
ineColor=Box Lin\
e Color\x0d\x0aboxLine\
ColorDetail=Choo\
se Box line colo\
r\x0d\x0acrtBox=Create\
 RectBox\x0d\x0acrtBox\
Detail=Draw a ne\
w box\x0d\x0adelBox=De\
lete RectBox\x0d\x0ade\
lBoxDetail=Remov\
e the box\x0d\x0adupBo\
x=Duplicate Rect\
Box\x0d\x0adupBoxDetai\
l=Create a dupli\
cate of the sele\
cted box\x0d\x0aeditBo\
x=&Edit RectBox\x0d\
\x0aeditBoxDetail=M\
ove and edit Box\
s\x0d\x0ahideAllBox=&H\
ide RectBox\x0d\x0asho\
wAllBox=&Show Re\
ctBox\x0d\x0atutorialD\
efault=Tutorial\x0d\
\x0atutorialChrome=\
Tutorial(Chrome)\
\x0d\x0atutorialDetail\
=Show demo\x0d\x0ainfo\
=Information\x0d\x0ash\
ortcut=Keyboard \
shortcuts\x0d\x0azoomi\
n=Zoom In\x0d\x0azoomi\
nDetail=Increase\
 zoom level\x0d\x0azoo\
mout=Zoom Out\x0d\x0az\
oomoutDetail=Dec\
rease zoom level\
\x0d\x0aoriginalsize=O\
riginal size\x0d\x0aor\
iginalsizeDetail\
=Zoom to origina\
l size\x0d\x0afitWin=F\
it Window\x0d\x0afitWi\
nDetail=Zoom fol\
lows window size\
\x0d\x0afitWidth=Fit W\
idth\x0d\x0afitWidthDe\
tail=Zoom follow\
s window width\x0d\x0a\
lightbrighten=Br\
ighten\x0d\x0alightbri\
ghtenDetail=Incr\
ease Image Brigh\
tness\x0d\x0alightdark\
en=Darken\x0d\x0alight\
darkenDetail=Dec\
rease Image Brig\
htness\x0d\x0alightres\
et=Original Brig\
htness\x0d\x0alightres\
etDetail=Restore\
 original bright\
ness\x0d\x0alightWidge\
tTitle=Image Bri\
ghtness\x0d\x0aeditLab\
el=Edit Label\x0d\x0ae\
ditLabelDetail=M\
odify the label \
of the selected \
Box\x0d\x0ashapeLineCo\
lor=Shape Line C\
olor\x0d\x0ashapeLineC\
olorDetail=Chang\
e the line color\
 for this specif\
ic shape\x0d\x0ashapeF\
illColor=Shape F\
ill Color\x0d\x0ashape\
FillColorDetail=\
Change the fill \
color for this s\
pecific shape\x0d\x0as\
howHide=Show/Hid\
e Label Panel\x0d\x0au\
seDefaultLabel=U\
se default label\
\x0d\x0auseDifficult=d\
ifficult\x0d\x0aboxLab\
elText=Box Label\
s\x0d\x0alabels=Labels\
\x0d\x0aautoSaveMode=A\
uto Save mode\x0d\x0as\
ingleClsMode=Sin\
gle Class Mode\x0d\x0a\
displayLabel=Dis\
play Labels\x0d\x0afil\
eList=File List\x0d\
\x0afiles=Files\x0d\x0aad\
vancedMode=Advan\
ced Mode\x0d\x0aadvanc\
edModeDetail=Swt\
ich to advanced \
mode\x0d\x0ashowAllBox\
Detail=Show all \
bounding boxes\x0d\x0a\
hideAllBoxDetail\
=Hide all boundi\
ng boxes\x0d\x0amenu_f\
ile=&File\x0d\x0amenu_\
edit=&Edit\x0d\x0amenu\
_view=&View\x0d\x0amen\
u_help=&Help\x0d\x0ame\
nu_openRecent=Op\
en &Recent\x0d\x0achoo\
seLineColor=Choo\
se Line Color\x0d\x0ac\
hooseFillColor=C\
hoose Fill Color\
\x0d\x0adrawSquares=Dr\
aw Squares\x0d\x0a\
"

qt_resource_name = b"\
\x00\x07\
\x09\x8c\x83c\
\x00s\
\x00a\x00v\x00e\x00-\x00a\x00s\
\x00\x0c\
\x0b\xf7.\xfe\
\x00l\
\x00i\x00g\x00h\x00t\x00_\x00d\x00a\x00r\x00k\x00e\x00n\
\x00\x0a\
\x03\x87\xc0s\
\x00f\
\x00o\x00r\x00m\x00a\x00t\x00_\x00v\x00o\x00c\
\x00\x0a\
\x04\xd5\xeb\x87\
\x00f\
\x00i\x00t\x00-\x00w\x00i\x00n\x00d\x00o\x00w\
\x00\x04\
\x00\x07f\xbe\
\x00o\
\x00p\x00e\x00n\
\x00\x06\
\x06\xcfl\x94\
\x00e\
\x00x\x00p\x00e\x00r\x00t\
\x00\x09\
\x07M!\xa8\
\x00f\
\x00i\x00t\x00-\x00w\x00i\x00d\x00t\x00h\
\x00\x04\
\x00\x07\x98\xc5\
\x00s\
\x00a\x00v\x00e\
\x00\x08\
\x06`V\xe4\
\x00z\
\x00o\x00o\x00m\x00-\x00o\x00u\x00t\
\x00\x03\
\x00\x00t\xc7\
\x00n\
\x00e\x00w\
\x00\x0d\
\x03\x22\xb9^\
\x00s\
\x00t\x00r\x00i\x00n\x00g\x00s\x00-\x00z\x00h\x00-\x00C\x00N\
\x00\x04\
\x00\x07x\xc6\
\x00p\
\x00r\x00e\x00v\
\x00\x05\
\x00j6\x95\
\x00c\
\x00l\x00o\x00s\x00e\
\x00\x05\
\x00jcb\
\x00c\
\x00o\x00l\x00o\x00r\
\x00\x04\
\x00\x06\xec0\
\x00h\
\x00e\x00l\x00p\
\x00\x04\
\x00\x06\xb6E\
\x00d\
\x00o\x00n\x00e\
\x00\x0b\
\x0a\x8d2$\
\x00l\
\x00i\x00g\x00h\x00t\x00_\x00r\x00e\x00s\x00e\x00t\
\x00\x08\
\x0c\x9c\xab,\
\x00r\
\x00e\x00s\x00e\x00t\x00a\x00l\x00l\
\x00\x04\
\x00\x06\xef\xa5\
\x00h\
\x00i\x00d\x00e\
\x00\x04\
\x00\x06\xbb\x04\
\x00e\
\x00d\x00i\x00t\
\x00\x04\
\x00\x06\xd0%\
\x00f\
\x00i\x00l\x00e\
\x00\x03\
\x00\x00hp\
\x00a\
\x00p\x00p\
\x00\x0d\
\x03rI\xd0\
\x00s\
\x00t\x00r\x00i\x00n\x00g\x00s\x00-\x00j\x00a\x00-\x00J\x00P\
\x00\x04\
\x00\x07\x8c\x04\
\x00q\
\x00u\x00i\x00t\
\x00\x0d\
\x03\x22\xba\xb7\
\x00s\
\x00t\x00r\x00i\x00n\x00g\x00s\x00-\x00z\x00h\x00-\x00T\x00W\
\x00\x07\
\x01f\x02\xfe\
\x00z\
\x00o\x00o\x00m\x00-\x00i\x00n\
\x00\x0a\
\x06\x8bd%\
\x00c\
\x00o\x00l\x00o\x00r\x00_\x00l\x00i\x00n\x00e\
\x00\x06\
\x07\xcc\x8f\xd9\
\x00v\
\x00e\x00r\x00i\x00f\x00y\
\x00\x06\
\x07'\x8c3\
\x00l\
\x00a\x00b\x00e\x00l\x00s\
\x00\x0d\
\x07\x06\x0f>\
\x00l\
\x00i\x00g\x00h\x00t\x00_\x00l\x00i\x00g\x00h\x00t\x00e\x00n\
\x00\x06\
\x06\xac,\xa5\
\x00d\
\x00e\x00l\x00e\x00t\x00e\
\x00\x04\
\x00\x06\xa6y\
\x00c\
\x00o\x00p\x00y\
\x00\x04\
\x00\x07\xc4\xaf\
\x00u\
\x00n\x00d\x00o\
\x00\x0b\
\x08|XO\
\x00f\
\x00o\x00r\x00m\x00a\x00t\x00_\x00y\x00o\x00l\x00o\
\x00\x04\
\x00\x08\x16]\
\x00z\
\x00o\x00o\x00m\
\x00\x04\
\x00\x07L\xf4\
\x00n\
\x00e\x00x\x00t\
\x00\x0f\
\x0a\xc8V\xdc\
\x00f\
\x00o\x00r\x00m\x00a\x00t\x00_\x00c\x00r\x00e\x00a\x00t\x00e\x00m\x00l\
\x00\x07\
\x0a\xb9\x04\x03\
\x00s\
\x00t\x00r\x00i\x00n\x00g\x00s\
"

qt_resource_struct = b"\
\x00\x00\x00\x00\x00\x02\x00\x00\x00&\x00\x00\x00\x01\
\x00\x00\x00\x00\x00\x00\x00\x00\
\x00\x00\x01\x94\x00\x00\x00\x00\x00\x01\x00\x00\xf0?\
\x00\x00\x01\x99o[\xbc\xfe\
\x00\x00\x00\xc2\x00\x00\x00\x00\x00\x01\x00\x00+\xf8\
\x00\x00\x01\x99o[\xbd\x03\
\x00\x00\x02r\x00\x00\x00\x00\x00\x01\x00\x01\xb5\x9c\
\x00\x00\x01\x99o[\xbc\xff\
\x00\x00\x01*\x00\x00\x00\x00\x00\x01\x00\x00\xca\xe0\
\x00\x00\x01\x99o[\xbc\xff\
\x00\x00\x01x\x00\x00\x00\x00\x00\x01\x00\x00\xe8\xf6\
\x00\x00\x01\x99o[\xbc\xff\
\x00\x00\x01\x86\x00\x00\x00\x00\x00\x01\x00\x00\xed>\
\x00\x00\x01\x99o[\xbd\x00\
\x00\x00\x01\x1c\x00\x00\x00\x00\x00\x01\x00\x00\xc4\xa9\
\x00\x00\x01\x99o[\xbd\x01\
\x00\x00\x01j\x00\x00\x00\x00\x00\x01\x00\x00\xe4\x02\
\x00\x00\x01\x99o[\xbd\x00\
\x00\x00\x02\xb8\x00\x00\x00\x00\x00\x01\x00\x01\xc7*\
\x00\x00\x01\x99o[\xbd\x03\
\x00\x00\x00f\x00\x00\x00\x00\x00\x01\x00\x00\x14R\
\x00\x00\x01\x99o[\xbd\x03\
\x00\x00\x00\xee\x00\x00\x00\x00\x00\x01\x00\x00:\xf8\
\x00\x00\x01\x99o[\xbd\x03\
\x00\x00\x01\xc0\x00\x00\x00\x00\x00\x01\x00\x01ww\
\x00\x00\x01\x99o[\xbd\x03\
\x00\x00\x00\x9e\x00\x00\x00\x00\x00\x01\x00\x00#\x1b\
\x00\x00\x01\x99o[\xbd\x04\
\x00\x00\x02\x80\x00\x00\x00\x00\x00\x01\x00\x01\xb8&\
\x00\x00\x01\x99o[\xbd\x05\
\x00\x00\x02\xaa\x00\x00\x00\x00\x00\x01\x00\x01\xc2\xb3\
\x00\x00\x01\x99o[\xbd\x06\
\x00\x00\x00\xfc\x00\x00\x00\x00\x00\x01\x00\x00\xb2\xc5\
\x00\x00\x01\x99o[\xbc\xfe\
\x00\x00\x01\x0c\x00\x00\x00\x00\x00\x01\x00\x00\xbe\xf0\
\x00\x00\x01\x99o[\xbc\xff\
\x00\x00\x01\xee\x00\x00\x00\x00\x00\x01\x00\x01\x88\x96\
\x00\x00\x01\x99o[\xbd\x05\
\x00\x00\x00\xce\x00\x00\x00\x00\x00\x01\x00\x000K\
\x00\x00\x01\x99uY\x06W\
\x00\x00\x01\xce\x00\x00\x00\x00\x00\x01\x00\x01~\xf6\
\x00\x00\x01\x99uY\x06W\
\x00\x00\x01\xa0\x00\x00\x00\x00\x00\x01\x00\x01j\xd6\
\x00\x00\x01\x99uY\x06V\
\x00\x00\x002\x00\x00\x00\x00\x00\x01\x00\x00\x0c\xea\
\x00\x00\x01\x99o[\xbd\x01\
\x00\x00\x00L\x00\x00\x00\x00\x00\x01\x00\x00\x10\x00\
\x00\x00\x01\x99o[\xbd\x00\
\x00\x00\x00\xac\x00\x00\x00\x00\x00\x01\x00\x00'\xc2\
\x00\x00\x01\x99o[\xbd\x05\
\x00\x00\x02\x02\x00\x00\x00\x00\x00\x01\x00\x01\x8c\xe5\
\x00\x00\x01\x99o[\xbc\xff\
\x00\x00\x02`\x00\x00\x00\x00\x00\x01\x00\x01\xad@\
\x00\x00\x01\x99o[\xbc\xfe\
\x00\x00\x00t\x00\x00\x00\x00\x00\x01\x00\x00\x1co\
\x00\x00\x01\x99o[\xbd\x00\
\x00\x00\x02@\x00\x00\x00\x00\x00\x01\x00\x01\xab_\
\x00\x00\x01\x99uY\x06V\
\x00\x00\x02.\x00\x00\x00\x00\x00\x01\x00\x01\xa2\x0e\
\x00\x00\x01\x99o[\xbd\x01\
\x00\x00\x00\x86\x00\x00\x00\x00\x00\x01\x00\x00\x1d\xc2\
\x00\x00\x01\x99o[\xbd\x00\
\x00\x00\x02\x1c\x00\x00\x00\x00\x00\x01\x00\x01\x96)\
\x00\x00\x01\x99o[\xbd\x05\
\x00\x00\x02\x8e\x00\x00\x00\x00\x00\x01\x00\x01\xc0\x0c\
\x00\x00\x01\x99o[\xbd\x01\
\x00\x00\x00\x00\x00\x00\x00\x00\x00\x01\x00\x00\x00\x00\
\x00\x00\x01\x99o[\xbd\x04\
\x00\x00\x018\x00\x00\x00\x00\x00\x01\x00\x00\xd3z\
\x00\x00\x01\x99uY\x06V\
\x00\x00\x02\xea\x00\x00\x00\x00\x00\x01\x00\x02M\xbe\
\x00\x00\x01\x9d\x22\x82\xa3)\
\x00\x00\x02\xc6\x00\x00\x00\x00\x00\x01\x00\x02=~\
\x00\x00\x01\x99o[\xbd\x01\
\x00\x00\x00\x14\x00\x00\x00\x00\x00\x01\x00\x00\x0a\xff\
\x00\x00\x01\x99uY\x06V\
\x00\x00\x01T\x00\x00\x00\x00\x00\x01\x00\x00\xd5\xc9\
\x00\x00\x01\x99o[\xbd\x04\
"


def qInitResources():
    QtCore.qRegisterResourceData(0x03, qt_resource_struct, qt_resource_name, qt_resource_data)


def qCleanupResources():
    QtCore.qUnregisterResourceData(0x03, qt_resource_struct, qt_resource_name, qt_resource_data)


qInitResources()
